month,workspace_id,service,cost_usd
2024-03,ws-0055,egress,29.85
2025-04,ws-0077,storage,323.37
2024-07,ws-0124,storage,352.84
2025-02,ws-0076,egress,13.99
2026-04,ws-0018,egress,30.31
2024-11,ws-0075,ai_tokens,2.19
2024-09,ws-0061,egress,18.71
2025-08,ws-0061,storage,40.41
2025-11,ws-0103,ai_tokens,5.46
2025-12,ws-0001,egress,165.35
2026-05,ws-0055,storage,71.51
2025-09,ws-0125,egress,90.09
2026-03,ws-0040,compute,27.50
2026-04,ws-0042,egress,35.97
2025-07,ws-0090,compute,158.25
2024-11,ws-0125,ai_tokens,36.36
2024-06,ws-0094,storage,6.78
2025-09,ws-0122,ai_tokens,179.32
2024-09,ws-0112,ai_tokens,36.47
2025-12,ws-0085,ai_tokens,7.85
2025-04,ws-0112,storage,369.34
2024-08,ws-0079,compute,34.06
2025-04,ws-0047,egress,3.20
2026-01,ws-0120,compute,147.05
2025-09,ws-0060,storage,13.67
2025-01,ws-0017,ai_tokens,44.26
2025-03,ws-0101,egress,20.33
2025-03,ws-0040,ai_tokens,1.81
2024-07,ws-0012,storage,52.96
2025-07,ws-0051,ai_tokens,35.94
2026-02,ws-0040,egress,5.96
2024-03,ws-0032,storage,5.15
2024-12,ws-0029,egress,3.49
2024-02,ws-0085,egress,6.36
2025-03,ws-0080,compute,9.32
2025-07,ws-0038,storage,60.50
2026-02,ws-0069,compute,196.15
2026-05,ws-0130,compute,385.53
2024-11,ws-0101,ai_tokens,4.86
2026-06,ws-0068,compute,55.87
2025-04,ws-0084,egress,8.40
2026-03,ws-0041,ai_tokens,49.59
2026-03,ws-0071,egress,20.58
2024-01,ws-0117,compute,134.13
2025-08,ws-0017,egress,126.10
2024-07,ws-0054,ai_tokens,0.52
2025-03,ws-0084,storage,17.08
2026-02,ws-0117,compute,137.45
2024-06,ws-0041,ai_tokens,7.76
2026-06,ws-0038,storage,94.82
2024-10,ws-0133,compute,994.60
2025-03,ws-0133,compute,780.32
2025-10,ws-0070,egress,21.49
2024-07,ws-0073,egress,6.97
2024-04,ws-0054,egress,2.69
2025-04,ws-0132,compute,318.46
2025-10,ws-0073,ai_tokens,4.57
2025-11,ws-0086,ai_tokens,10.62
2025-03,ws-0069,compute,144.34
2025-12,ws-0061,ai_tokens,29.12
2025-06,ws-0040,storage,10.72
2025-07,ws-0035,ai_tokens,6.95
2026-06,ws-0097,ai_tokens,99.69
2026-04,ws-0126,egress,203.16
2024-12,ws-0072,storage,58.33
2025-07,ws-0067,egress,10.94
2026-03,ws-0129,ai_tokens,64.50
2024-11,ws-0031,egress,40.32
2025-10,ws-0027,egress,5.31
2026-03,ws-0130,ai_tokens,156.46
2024-05,ws-0033,egress,49.49
2025-10,ws-0035,storage,19.35
2025-08,ws-0051,compute,169.14
2026-05,ws-0048,ai_tokens,5.35
2026-01,ws-0118,storage,183.94
2024-09,ws-0001,compute,768.16
2024-04,ws-0061,compute,68.77
2025-07,ws-0107,compute,40.99
2025-10,ws-0060,ai_tokens,10.29
2024-10,ws-0034,ai_tokens,34.05
2025-05,ws-0085,compute,39.24
2025-02,ws-0058,egress,13.18
2024-02,ws-0130,compute,317.22
2026-01,ws-0083,ai_tokens,3.27
2024-11,ws-0135,ai_tokens,41.02
2025-03,ws-0123,storage,127.74
2024-06,ws-0075,compute,50.53
2024-05,ws-0026,compute,12.29
2026-02,ws-0101,storage,44.19
2026-03,ws-0016,ai_tokens,9.82
2025-01,ws-0101,ai_tokens,7.07
2026-03,ws-0080,storage,4.58
2024-04,ws-0074,storage,27.84
2024-12,ws-0012,compute,180.73
2024-04,ws-0035,compute,33.64
2024-11,ws-0058,ai_tokens,3.80
2025-04,ws-0033,storage,91.39
2025-06,ws-0106,compute,58.95
2024-11,ws-0085,storage,13.74
2025-10,ws-0059,ai_tokens,25.89
2026-04,ws-0135,storage,280.24
2024-09,ws-0055,storage,43.11
2026-04,ws-0100,compute,36.94
2025-10,ws-0131,storage,335.53
2025-05,ws-0077,egress,179.55
2025-05,ws-0002,compute,860.43
2024-05,ws-0012,egress,32.48
2026-01,ws-0018,ai_tokens,67.47
2025-02,ws-0132,storage,96.33
2025-09,ws-0001,compute,884.50
2026-03,ws-0102,compute,711.71
2024-04,ws-0057,storage,24.75
2024-06,ws-0080,egress,2.36
2025-05,ws-0075,egress,9.30
2024-09,ws-0028,ai_tokens,8.49
2025-03,ws-0032,egress,3.11
2025-11,ws-0006,ai_tokens,54.09
2026-01,ws-0110,egress,6.56
2025-05,ws-0129,compute,258.86
2026-06,ws-0120,storage,59.43
2025-02,ws-0070,storage,34.47
2025-05,ws-0125,storage,122.67
2026-06,ws-0023,storage,23.20
2024-07,ws-0104,storage,78.26
2025-05,ws-0085,egress,8.12
2025-11,ws-0017,compute,742.64
2024-06,ws-0074,egress,18.58
2025-09,ws-0033,compute,216.32
2025-08,ws-0044,egress,50.48
2025-07,ws-0129,egress,54.36
2026-01,ws-0031,ai_tokens,49.06
2026-03,ws-0052,storage,8.89
2026-04,ws-0054,ai_tokens,3.77
2026-06,ws-0069,storage,70.57
2024-02,ws-0081,egress,2.20
2025-01,ws-0103,ai_tokens,3.12
2024-02,ws-0123,compute,310.65
2026-05,ws-0001,ai_tokens,267.65
2025-03,ws-0007,compute,1015.48
2026-01,ws-0126,ai_tokens,299.97
2025-11,ws-0107,storage,14.70
2025-07,ws-0101,storage,32.83
2025-08,ws-0062,storage,69.59
2026-03,ws-0128,egress,257.80
2024-07,ws-0058,compute,69.19
2024-07,ws-0068,compute,43.91
2025-08,ws-0068,ai_tokens,5.63
2026-03,ws-0132,egress,82.98
2026-02,ws-0025,egress,2.28
2026-02,ws-0038,compute,159.80
2025-02,ws-0084,storage,11.41
2025-01,ws-0101,compute,104.22
2026-04,ws-0068,ai_tokens,13.51
2024-07,ws-0061,compute,82.97
2024-07,ws-0032,compute,13.99
2026-04,ws-0104,egress,42.21
2026-04,ws-0073,compute,35.50
2025-09,ws-0120,storage,43.25
2024-12,ws-0102,storage,219.09
2026-04,ws-0135,egress,134.72
2025-09,ws-0074,compute,113.13
2025-04,ws-0102,compute,515.57
2026-04,ws-0050,compute,44.92
2024-11,ws-0015,storage,100.17
2025-01,ws-0048,storage,4.33
2024-11,ws-0033,compute,189.58
2025-09,ws-0054,egress,2.17
2026-01,ws-0063,egress,4.58
2026-03,ws-0049,storage,5.12
2025-04,ws-0048,ai_tokens,2.03
2025-06,ws-0057,egress,15.76
2026-05,ws-0132,storage,111.32
2026-05,ws-0134,egress,93.59
2026-05,ws-0090,ai_tokens,52.50
2025-12,ws-0071,compute,104.88
2025-04,ws-0018,ai_tokens,15.04
2024-12,ws-0086,storage,13.18
2026-02,ws-0053,egress,2.37
2025-07,ws-0121,storage,540.25
2026-04,ws-0061,ai_tokens,25.68
2026-05,ws-0022,storage,10.97
2025-08,ws-0074,ai_tokens,14.62
2026-04,ws-0129,egress,71.68
2024-01,ws-0017,storage,187.61
2025-08,ws-0017,compute,596.91
2025-01,ws-0079,compute,32.91
2026-02,ws-0072,storage,98.28
2026-06,ws-0070,compute,92.51
2026-02,ws-0001,compute,781.82
2025-02,ws-0130,compute,316.88
2025-12,ws-0031,egress,42.97
2026-05,ws-0124,compute,1142.42
2024-04,ws-0033,egress,58.71
2026-02,ws-0054,egress,2.70
2025-11,ws-0002,storage,444.28
2025-03,ws-0005,storage,3.34
2025-03,ws-0033,storage,78.48
2025-10,ws-0090,compute,159.80
2026-01,ws-0087,compute,376.31
2025-06,ws-0102,egress,121.21
2025-12,ws-0037,ai_tokens,30.55
2026-03,ws-0058,egress,15.00
2025-01,ws-0080,ai_tokens,1.05
2025-03,ws-0072,ai_tokens,19.98
2026-01,ws-0112,egress,208.27
2024-04,ws-0054,storage,3.89
2026-04,ws-0112,ai_tokens,335.64
2024-02,ws-0032,egress,4.10
2024-09,ws-0061,ai_tokens,7.40
2026-06,ws-0093,ai_tokens,26.76
2026-05,ws-0108,compute,135.93
2024-01,ws-0076,egress,17.29
2025-08,ws-0122,egress,353.17
2024-11,ws-0015,egress,53.36
2024-12,ws-0080,storage,2.87
2026-06,ws-0022,ai_tokens,7.38
2025-03,ws-0084,ai_tokens,5.82
2026-06,ws-0007,ai_tokens,346.23
2026-01,ws-0131,compute,944.18
2024-07,ws-0134,compute,285.75
2024-12,ws-0099,storage,348.76
2025-12,ws-0102,ai_tokens,206.88
2024-03,ws-0045,storage,36.21
2024-06,ws-0058,storage,26.61
2024-11,ws-0062,compute,198.30
2026-05,ws-0071,ai_tokens,48.81
2025-05,ws-0094,egress,6.44
2025-06,ws-0043,compute,479.22
2026-03,ws-0058,storage,32.75
2025-02,ws-0076,compute,77.77
2024-06,ws-0043,compute,415.47
2024-04,ws-0117,compute,105.73
2025-10,ws-0105,storage,28.43
2025-06,ws-0002,ai_tokens,232.36
2026-03,ws-0096,storage,55.03
2024-12,ws-0028,ai_tokens,12.01
2026-05,ws-0046,ai_tokens,32.38
2026-02,ws-0026,compute,17.81
2026-05,ws-0050,egress,9.24
2024-09,ws-0028,storage,35.78
2024-05,ws-0040,egress,5.03
2024-03,ws-0001,egress,132.33
2025-02,ws-0104,storage,80.12
2025-12,ws-0045,ai_tokens,20.10
2024-04,ws-0079,storage,10.36
2025-12,ws-0120,compute,140.66
2026-02,ws-0034,storage,205.42
2026-06,ws-0033,compute,197.13
2025-03,ws-0044,storage,118.48
2024-08,ws-0122,compute,1541.98
2024-08,ws-0066,ai_tokens,1.77
2024-11,ws-0085,compute,33.88
2024-01,ws-0047,egress,2.59
2025-09,ws-0126,compute,907.40
2025-05,ws-0125,compute,358.31
2026-02,ws-0021,compute,17.94
2025-05,ws-0132,compute,279.67
2024-04,ws-0133,egress,165.14
2024-04,ws-0057,compute,51.53
2025-10,ws-0123,compute,253.82
2026-03,ws-0077,egress,202.91
2026-01,ws-0102,storage,288.85
2025-03,ws-0008,storage,17.41
2024-08,ws-0124,storage,290.89
2024-02,ws-0124,storage,269.78
2025-02,ws-0120,storage,44.11
2026-05,ws-0082,ai_tokens,4.10
2025-09,ws-0032,storage,8.07
2024-11,ws-0066,storage,13.84
2025-06,ws-0066,compute,43.71
2024-06,ws-0072,compute,216.62
2026-05,ws-0130,storage,174.10
2024-01,ws-0074,egress,23.24
2025-11,ws-0067,storage,20.15
2026-01,ws-0104,compute,230.05
2024-06,ws-0031,egress,31.75
2024-11,ws-0062,egress,44.84
2025-07,ws-0090,egress,33.02
2025-06,ws-0082,ai_tokens,1.39
2026-04,ws-0014,ai_tokens,103.79
2025-06,ws-0053,compute,13.25
2026-02,ws-0123,egress,62.74
2026-05,ws-0029,storage,11.43
2025-11,ws-0072,compute,162.59
2025-07,ws-0053,storage,4.72
2025-05,ws-0068,storage,20.31
2025-10,ws-0039,compute,64.76
2024-12,ws-0058,compute,68.94
2025-08,ws-0032,storage,6.27
2024-08,ws-0033,egress,50.04
2025-12,ws-0134,compute,364.89
2024-02,ws-0075,egress,9.03
2026-01,ws-0033,egress,47.78
2024-01,ws-0080,storage,3.06
2026-01,ws-0055,ai_tokens,28.40
2025-04,ws-0051,compute,168.27
2026-01,ws-0047,storage,4.97
2024-07,ws-0075,compute,39.56
2024-11,ws-0084,compute,42.77
2024-06,ws-0094,egress,4.24
2026-04,ws-0027,egress,5.52
2024-07,ws-0075,egress,9.99
2025-11,ws-0058,storage,26.62
2025-10,ws-0068,ai_tokens,12.20
2024-01,ws-0120,compute,134.63
2024-12,ws-0067,compute,39.68
2025-01,ws-0129,ai_tokens,26.38
2026-03,ws-0109,egress,7.48
2025-07,ws-0105,egress,16.97
2026-06,ws-0052,ai_tokens,5.91
2025-04,ws-0055,storage,64.54
2025-10,ws-0106,ai_tokens,12.40
2025-05,ws-0130,ai_tokens,68.99
2025-06,ws-0015,storage,108.31
2025-08,ws-0110,ai_tokens,5.86
2025-04,ws-0055,ai_tokens,25.77
2024-10,ws-0127,ai_tokens,55.44
2026-03,ws-0013,egress,6.79
2026-05,ws-0084,egress,7.62
2024-10,ws-0029,storage,6.42
2024-07,ws-0084,ai_tokens,2.53
2025-03,ws-0034,egress,90.13
2025-12,ws-0019,ai_tokens,40.63
2026-05,ws-0054,egress,2.22
2025-07,ws-0008,ai_tokens,8.12
2024-08,ws-0132,egress,50.53
2024-04,ws-0047,storage,3.52
2024-01,ws-0035,storage,11.27
2026-04,ws-0130,storage,173.55
2025-10,ws-0038,compute,152.92
2026-01,ws-0098,egress,8.67
2025-12,ws-0059,ai_tokens,36.27
2025-11,ws-0006,egress,43.06
2025-10,ws-0069,ai_tokens,24.71
2026-06,ws-0074,egress,21.57
2024-02,ws-0081,compute,7.53
2025-04,ws-0096,egress,29.78
2025-01,ws-0013,egress,5.82
2025-04,ws-0099,storage,341.22
2024-11,ws-0131,compute,801.27
2025-11,ws-0117,ai_tokens,29.67
2026-04,ws-0057,compute,56.22
2025-02,ws-0073,compute,38.16
2024-09,ws-0102,egress,109.54
2024-03,ws-0044,storage,79.63
2025-03,ws-0048,compute,9.83
2025-03,ws-0031,ai_tokens,14.31
2025-01,ws-0001,compute,629.64
2025-09,ws-0081,egress,1.77
2024-09,ws-0069,compute,146.76
2025-09,ws-0082,compute,8.24
2025-07,ws-0133,compute,1036.07
2024-12,ws-0067,egress,9.26
2024-06,ws-0079,storage,10.83
2025-10,ws-0072,egress,38.31
2026-01,ws-0074,compute,123.98
2025-07,ws-0055,compute,155.89
2026-06,ws-0071,storage,54.38
2024-12,ws-0017,compute,597.75
2024-09,ws-0062,ai_tokens,12.06
2024-09,ws-0032,egress,3.11
2025-04,ws-0015,ai_tokens,24.46
2025-10,ws-0132,storage,151.85
2024-11,ws-0048,compute,9.52
2025-10,ws-0008,compute,39.86
2025-07,ws-0033,compute,284.17
2026-06,ws-0024,egress,118.07
2026-06,ws-0124,egress,229.30
2024-08,ws-0068,ai_tokens,2.78
2025-03,ws-0107,storage,13.36
2024-09,ws-0035,ai_tokens,3.83
2025-06,ws-0029,storage,9.10
2025-03,ws-0008,egress,9.39
2026-06,ws-0032,egress,3.53
2025-08,ws-0131,egress,158.49
2026-02,ws-0062,egress,34.73
2024-09,ws-0117,compute,148.02
2026-05,ws-0052,storage,11.37
2024-01,ws-0132,egress,65.18
2025-12,ws-0067,storage,21.55
2026-06,ws-0135,ai_tokens,225.35
2025-11,ws-0066,egress,11.61
2025-05,ws-0126,compute,917.41
2024-12,ws-0102,egress,127.30
2025-02,ws-0126,compute,800.77
2026-05,ws-0010,storage,6.38
2025-06,ws-0059,ai_tokens,29.09
2025-06,ws-0081,compute,11.81
2025-05,ws-0073,compute,28.24
2026-06,ws-0082,ai_tokens,5.08
2024-11,ws-0099,ai_tokens,90.72
2024-03,ws-0123,compute,286.40
2024-07,ws-0123,egress,69.47
2026-04,ws-0007,storage,400.55
2025-03,ws-0047,storage,5.03
2024-04,ws-0041,egress,28.93
2026-01,ws-0065,storage,57.29
2024-10,ws-0045,compute,122.09
2025-01,ws-0068,compute,55.28
2026-06,ws-0109,egress,9.45
2024-08,ws-0104,ai_tokens,17.69
2024-10,ws-0033,ai_tokens,17.53
2025-11,ws-0018,compute,168.23
2024-02,ws-0082,egress,2.02
2024-12,ws-0073,compute,28.96
2025-12,ws-0007,storage,531.23
2025-12,ws-0060,egress,8.83
2024-06,ws-0038,ai_tokens,6.18
2024-08,ws-0094,ai_tokens,1.41
2025-04,ws-0129,ai_tokens,20.66
2026-02,ws-0082,egress,2.38
2026-01,ws-0101,storage,36.59
2025-03,ws-0028,storage,40.92
2026-03,ws-0097,egress,32.79
2025-10,ws-0030,storage,17.85
2026-01,ws-0133,ai_tokens,409.85
2025-01,ws-0129,egress,56.20
2025-11,ws-0090,compute,175.26
2026-02,ws-0034,ai_tokens,95.71
2024-10,ws-0043,egress,116.15
2026-06,ws-0078,ai_tokens,60.91
2025-04,ws-0118,egress,78.78
2024-05,ws-0120,compute,145.16
2024-10,ws-0084,egress,6.61
2026-01,ws-0135,egress,147.08
2026-05,ws-0097,storage,70.79
2025-05,ws-0128,egress,311.84
2026-04,ws-0078,compute,94.18
2025-11,ws-0041,ai_tokens,21.45
2026-04,ws-0122,compute,1271.35
2024-12,ws-0128,compute,1574.54
2024-10,ws-0099,egress,171.85
2024-04,ws-0134,compute,322.24
2026-01,ws-0060,egress,7.21
2024-05,ws-0103,compute,19.71
2026-03,ws-0134,compute,300.05
2026-01,ws-0070,egress,20.56
2025-04,ws-0072,ai_tokens,22.03
2024-11,ws-0080,egress,2.34
2024-12,ws-0084,compute,29.86
2026-02,ws-0096,compute,159.72
2025-03,ws-0059,compute,137.43
2024-02,ws-0084,storage,14.43
2024-03,ws-0130,compute,326.08
2024-07,ws-0062,storage,72.62
2025-01,ws-0126,egress,194.32
2024-01,ws-0103,compute,28.33
2026-01,ws-0134,egress,71.00
2026-03,ws-0054,egress,2.60
2025-04,ws-0124,compute,852.94
2025-03,ws-0104,ai_tokens,24.43
2026-03,ws-0122,storage,683.69
2024-10,ws-0015,storage,70.03
2025-11,ws-0061,compute,82.69
2025-01,ws-0033,storage,80.19
2026-04,ws-0061,egress,20.11
2025-09,ws-0058,storage,31.73
2026-06,ws-0090,egress,40.25
2024-06,ws-0005,ai_tokens,0.67
2025-10,ws-0061,compute,89.40
2026-01,ws-0060,compute,35.21
2024-11,ws-0044,compute,273.13
2025-01,ws-0094,ai_tokens,2.13
2025-07,ws-0107,egress,9.98
2025-02,ws-0084,egress,7.84
2026-02,ws-0079,compute,30.13
2024-11,ws-0055,ai_tokens,8.54
2026-04,ws-0067,egress,10.77
2025-10,ws-0037,storage,90.96
2024-05,ws-0099,egress,185.76
2026-03,ws-0124,compute,990.88
2026-06,ws-0030,egress,12.40
2025-09,ws-0043,egress,106.19
2024-11,ws-0102,ai_tokens,55.43
2025-08,ws-0051,ai_tokens,53.69
2025-12,ws-0105,egress,17.57
2024-05,ws-0012,storage,60.29
2025-02,ws-0075,egress,10.92
2025-07,ws-0112,egress,197.26
2025-01,ws-0081,compute,7.88
2025-11,ws-0070,compute,82.09
2025-10,ws-0111,storage,96.00
2025-01,ws-0074,compute,109.62
2025-12,ws-0026,storage,5.83
2025-07,ws-0007,storage,412.31
2025-06,ws-0090,compute,169.55
2024-08,ws-0001,ai_tokens,33.02
2024-04,ws-0096,compute,134.96
2024-03,ws-0076,egress,16.11
2026-01,ws-0035,ai_tokens,17.68
2024-09,ws-0072,egress,39.31
2026-05,ws-0125,compute,367.70
2025-09,ws-0037,egress,46.89
2024-06,ws-0074,storage,30.81
2024-08,ws-0084,storage,11.43
2024-08,ws-0102,storage,243.87
2024-01,ws-0082,compute,9.62
2026-04,ws-0109,ai_tokens,21.22
2025-11,ws-0125,ai_tokens,107.88
2025-07,ws-0074,compute,108.47
2024-11,ws-0017,egress,158.87
2025-10,ws-0063,compute,18.49
2024-02,ws-0125,storage,120.81
2026-05,ws-0023,ai_tokens,26.15
2024-07,ws-0084,egress,6.94
2024-05,ws-0015,storage,90.59
2024-09,ws-0134,ai_tokens,19.58
2026-06,ws-0002,ai_tokens,464.87
2024-12,ws-0075,egress,8.71
2025-02,ws-0059,storage,68.60
2024-12,ws-0038,egress,35.15
2024-12,ws-0079,egress,8.11
2024-11,ws-0132,compute,298.95
2024-12,ws-0061,ai_tokens,7.48
2025-07,ws-0058,compute,66.21
2026-05,ws-0131,compute,937.64
2024-01,ws-0075,storage,13.77
2026-05,ws-0123,compute,251.28
2024-02,ws-0035,compute,43.44
2025-04,ws-0045,storage,45.18
2024-01,ws-0067,egress,9.78
2024-10,ws-0107,storage,14.29
2026-01,ws-0069,egress,38.45
2025-06,ws-0063,egress,3.57
2025-09,ws-0051,compute,228.74
2026-06,ws-0076,storage,34.55
2025-08,ws-0110,egress,6.01
2026-05,ws-0040,storage,9.72
2024-08,ws-0099,ai_tokens,64.39
2025-07,ws-0028,egress,27.15
2026-05,ws-0054,storage,5.19
2025-12,ws-0133,ai_tokens,240.55
2024-12,ws-0055,ai_tokens,17.41
2026-04,ws-0121,egress,281.32
2026-04,ws-0117,compute,128.94
2025-05,ws-0081,compute,10.78
2026-06,ws-0111,egress,77.48
2024-06,ws-0102,egress,137.16
2026-03,ws-0076,compute,57.48
2026-04,ws-0075,storage,17.63
2025-09,ws-0117,storage,54.34
2026-03,ws-0056,egress,3.11
2025-05,ws-0133,ai_tokens,126.38
2025-03,ws-0016,storage,12.05
2026-06,ws-0028,ai_tokens,61.38
2025-12,ws-0018,compute,162.48
2024-01,ws-0073,storage,8.90
2026-06,ws-0039,ai_tokens,22.64
2025-06,ws-0134,storage,155.81
2025-03,ws-0096,ai_tokens,16.73
2025-02,ws-0094,compute,26.68
2024-08,ws-0084,egress,7.19
2025-08,ws-0051,egress,50.40
2025-08,ws-0110,compute,40.23
2024-12,ws-0059,storage,49.07
2026-04,ws-0035,ai_tokens,23.38
2025-07,ws-0121,egress,276.43
2026-05,ws-0068,compute,51.01
2025-12,ws-0069,egress,47.94
2025-10,ws-0103,storage,10.32
2025-02,ws-0066,compute,41.08
2026-06,ws-0077,compute,852.13
2026-02,ws-0086,compute,32.18
2024-01,ws-0124,egress,197.00
2026-05,ws-0101,compute,78.11
2025-06,ws-0079,egress,5.49
2024-10,ws-0117,compute,113.06
2026-04,ws-0012,storage,85.75
2025-11,ws-0108,ai_tokens,48.83
2024-12,ws-0032,ai_tokens,0.98
2025-05,ws-0121,compute,1026.00
2025-08,ws-0005,ai_tokens,1.59
2026-03,ws-0064,compute,552.56
2025-11,ws-0032,egress,4.20
2025-03,ws-0129,egress,47.34
2025-02,ws-0069,ai_tokens,17.39
2024-07,ws-0134,storage,106.55
2026-05,ws-0012,egress,41.62
2025-11,ws-0057,egress,14.74
2024-08,ws-0044,egress,61.03
2026-01,ws-0039,compute,74.35
2025-09,ws-0060,egress,8.42
2025-06,ws-0008,storage,12.44
2025-09,ws-0105,egress,13.47
2026-05,ws-0042,ai_tokens,105.27
2026-03,ws-0120,compute,148.63
2024-07,ws-0015,ai_tokens,18.18
2026-02,ws-0046,compute,88.84
2025-02,ws-0127,ai_tokens,44.81
2024-11,ws-0032,egress,3.96
2024-01,ws-0086,egress,7.79
2025-08,ws-0064,ai_tokens,67.47
2024-07,ws-0099,compute,937.75
2024-08,ws-0094,egress,4.99
2026-04,ws-0057,storage,29.49
2026-05,ws-0096,ai_tokens,34.25
2024-12,ws-0005,storage,4.27
2025-09,ws-0038,ai_tokens,25.21
2025-10,ws-0075,ai_tokens,14.26
2025-02,ws-0133,ai_tokens,68.58
2024-10,ws-0101,compute,102.37
2025-03,ws-0067,storage,16.90
2026-06,ws-0073,storage,14.12
2026-03,ws-0134,storage,134.16
2024-10,ws-0128,ai_tokens,124.44
2025-08,ws-0048,storage,5.14
2025-07,ws-0050,egress,7.53
2024-04,ws-0033,storage,83.91
2025-04,ws-0026,egress,3.94
2025-04,ws-0079,storage,11.95
2025-07,ws-0108,compute,169.42
2024-11,ws-0001,storage,220.35
2025-12,ws-0049,ai_tokens,2.60
2024-05,ws-0044,egress,46.12
2025-06,ws-0061,ai_tokens,12.07
2024-12,ws-0127,compute,507.24
2025-11,ws-0034,storage,211.86
2025-10,ws-0102,storage,251.01
2024-02,ws-0032,storage,4.45
2025-10,ws-0066,egress,9.55
2024-11,ws-0070,storage,37.10
2024-12,ws-0118,compute,328.62
2024-06,ws-0081,egress,2.00
2025-02,ws-0018,storage,63.74
2026-04,ws-0107,storage,20.74
2024-08,ws-0126,ai_tokens,56.50
2024-01,ws-0053,compute,11.61
2025-02,ws-0075,compute,44.15
2024-11,ws-0075,egress,9.10
2024-11,ws-0099,compute,683.32
2025-12,ws-0111,egress,53.15
2025-03,ws-0124,ai_tokens,76.99
2025-01,ws-0032,storage,5.13
2024-10,ws-0121,compute,1370.41
2026-03,ws-0105,storage,30.85
2025-02,ws-0002,ai_tokens,73.82
2024-04,ws-0101,storage,29.16
2026-01,ws-0005,egress,2.21
2024-07,ws-0082,egress,1.96
2026-02,ws-0002,compute,1279.69
2026-04,ws-0056,egress,2.75
2026-03,ws-0016,storage,13.84
2024-10,ws-0132,ai_tokens,26.69
2024-01,ws-0082,egress,1.91
2025-05,ws-0073,ai_tokens,5.09
2024-02,ws-0068,storage,12.58
2024-03,ws-0107,storage,9.94
2025-12,ws-0058,ai_tokens,21.73
2026-04,ws-0043,compute,556.18
2024-12,ws-0035,egress,8.52
2026-02,ws-0122,storage,547.45
2024-04,ws-0012,egress,36.42
2025-06,ws-0086,storage,15.13
2026-04,ws-0135,ai_tokens,250.19
2024-06,ws-0012,compute,132.88
2024-03,ws-0047,egress,2.98
2025-11,ws-0130,compute,321.21
2025-08,ws-0108,ai_tokens,29.10
2026-05,ws-0040,egress,6.12
2024-10,ws-0068,compute,46.49
2026-06,ws-0004,compute,71.42
2024-08,ws-0085,compute,32.55
2025-06,ws-0126,storage,336.51
2024-02,ws-0123,egress,60.94
2026-04,ws-0005,egress,2.89
2025-08,ws-0117,storage,53.43
2024-07,ws-0032,storage,5.68
2025-11,ws-0056,ai_tokens,4.03
2025-08,ws-0127,egress,106.95
2026-04,ws-0026,ai_tokens,3.91
2025-12,ws-0035,ai_tokens,16.30
2025-08,ws-0053,egress,2.93
2024-02,ws-0104,compute,169.82
2025-06,ws-0067,ai_tokens,6.86
2024-09,ws-0026,egress,3.43
2025-11,ws-0017,ai_tokens,85.50
2026-04,ws-0046,compute,88.49
2026-02,ws-0076,compute,77.47
2024-06,ws-0049,storage,3.69
2024-11,ws-0072,storage,54.07
2025-01,ws-0090,egress,32.70
2025-07,ws-0032,storage,6.38
2024-03,ws-0001,compute,632.83
2026-04,ws-0105,storage,32.64
2026-01,ws-0027,storage,9.50
2025-11,ws-0081,egress,2.43
2024-11,ws-0043,ai_tokens,28.76
2024-12,ws-0016,compute,22.78
2025-01,ws-0028,egress,18.52
2026-02,ws-0050,compute,33.79
2024-11,ws-0038,egress,30.00
2025-04,ws-0058,egress,18.09
2024-08,ws-0120,ai_tokens,7.03
2025-09,ws-0048,ai_tokens,3.46
2026-01,ws-0079,compute,35.42
2025-01,ws-0034,compute,371.80
2025-11,ws-0017,egress,123.30
2025-02,ws-0094,egress,4.59
2025-06,ws-0017,compute,689.16
2024-12,ws-0044,compute,305.20
2025-04,ws-0001,storage,228.60
2024-05,ws-0054,compute,8.97
2026-06,ws-0081,storage,4.11
2026-06,ws-0039,storage,40.80
2026-01,ws-0037,compute,222.98
2026-02,ws-0070,storage,42.51
2025-12,ws-0085,egress,10.68
2024-03,ws-0055,compute,129.52
2024-06,ws-0099,compute,891.13
2024-08,ws-0066,egress,9.15
2026-03,ws-0061,egress,16.15
2025-12,ws-0018,egress,42.04
2024-11,ws-0015,compute,231.27
2024-01,ws-0040,egress,4.08
2024-03,ws-0102,egress,111.62
2024-12,ws-0079,compute,23.82
2024-09,ws-0085,storage,15.88
2025-04,ws-0094,compute,21.53
2026-01,ws-0064,storage,274.21
2026-04,ws-0033,storage,95.48
2024-12,ws-0017,ai_tokens,70.46
2024-12,ws-0134,storage,150.07
2025-01,ws-0128,compute,1071.08
2024-07,ws-0103,storage,9.99
2024-07,ws-0013,ai_tokens,1.89
2025-11,ws-0016,compute,22.93
2026-02,ws-0111,storage,124.57
2026-06,ws-0132,ai_tokens,149.73
2024-03,ws-0132,storage,79.97
2025-05,ws-0013,ai_tokens,3.13
2026-02,ws-0026,ai_tokens,3.64
2025-08,ws-0052,storage,8.68
2025-04,ws-0028,storage,33.78
2025-05,ws-0017,egress,107.72
2024-09,ws-0045,compute,117.14
2025-04,ws-0081,storage,4.28
2024-05,ws-0112,storage,297.41
2024-07,ws-0133,storage,281.15
2026-04,ws-0110,egress,6.33
2025-02,ws-0018,egress,35.09
2024-01,ws-0033,compute,235.85
2024-03,ws-0133,egress,213.57
2025-01,ws-0074,storage,38.91
2024-08,ws-0082,compute,11.07
2025-02,ws-0068,compute,49.40
2024-10,ws-0126,ai_tokens,62.45
2024-11,ws-0026,storage,6.15
2025-03,ws-0126,storage,326.29
2024-06,ws-0062,compute,159.57
2024-08,ws-0127,compute,641.52
2024-11,ws-0033,storage,86.45
2024-08,ws-0055,egress,36.64
2026-05,ws-0059,compute,121.42
2025-02,ws-0062,ai_tokens,26.38
2024-11,ws-0062,ai_tokens,18.63
2024-10,ws-0015,ai_tokens,14.79
2026-01,ws-0094,egress,4.87
2026-05,ws-0129,compute,269.72
2026-03,ws-0007,compute,989.15
2025-12,ws-0005,compute,11.35
2025-09,ws-0080,compute,10.45
2025-04,ws-0028,compute,105.92
2025-08,ws-0120,storage,60.39
2025-10,ws-0079,compute,30.63
2025-07,ws-0030,storage,20.73
2025-10,ws-0020,egress,66.24
2024-10,ws-0074,storage,36.63
2026-03,ws-0043,ai_tokens,171.75
2025-10,ws-0028,egress,27.22
2025-05,ws-0072,storage,64.48
2026-01,ws-0017,storage,317.02
2024-01,ws-0049,egress,2.74
2025-11,ws-0033,ai_tokens,65.61
2026-06,ws-0101,compute,79.57
2025-10,ws-0105,ai_tokens,19.78
2025-04,ws-0032,storage,6.54
2025-11,ws-0079,compute,35.51
2026-04,ws-0013,compute,19.80
2025-12,ws-0133,egress,236.15
2025-02,ws-0074,egress,22.81
2026-05,ws-0023,egress,13.89
2026-03,ws-0060,storage,20.06
2025-11,ws-0055,compute,154.40
2025-08,ws-0081,storage,4.65
2025-06,ws-0007,egress,231.73
2024-05,ws-0101,storage,28.01
2025-02,ws-0107,compute,38.38
2026-06,ws-0108,ai_tokens,70.11
2024-02,ws-0103,egress,6.00
2025-04,ws-0053,storage,4.38
2025-09,ws-0128,ai_tokens,313.72
2024-03,ws-0131,storage,309.31
2024-01,ws-0129,egress,45.39
2025-01,ws-0122,ai_tokens,140.97
2025-11,ws-0053,egress,2.86
2026-06,ws-0040,egress,5.54
2024-09,ws-0043,ai_tokens,37.29
2025-09,ws-0073,egress,7.84
2024-01,ws-0059,compute,152.36
2025-10,ws-0107,ai_tokens,6.70
2025-05,ws-0055,storage,67.02
2026-03,ws-0127,compute,478.67
2025-04,ws-0130,storage,150.52
2025-06,ws-0103,egress,6.35
2025-02,ws-0121,ai_tokens,133.07
2025-12,ws-0012,ai_tokens,52.89
2025-12,ws-0043,egress,149.60
2025-07,ws-0072,storage,91.49
2025-02,ws-0101,ai_tokens,12.25
2026-04,ws-0035,compute,40.10
2026-06,ws-0067,ai_tokens,22.42
2025-03,ws-0026,compute,14.71
2024-05,ws-0035,egress,9.15
2026-06,ws-0043,egress,107.44
2025-11,ws-0087,compute,404.74
2025-12,ws-0070,egress,22.20
2024-04,ws-0126,storage,225.57
2025-06,ws-0132,ai_tokens,41.49
2024-12,ws-0035,compute,49.36
2026-06,ws-0009,egress,4.06
2026-01,ws-0002,ai_tokens,436.20
2025-11,ws-0110,egress,6.63
2024-09,ws-0117,egress,27.53
2025-11,ws-0061,storage,38.85
2025-11,ws-0096,ai_tokens,20.74
2024-07,ws-0069,egress,29.62
2024-05,ws-0133,compute,1097.77
2024-07,ws-0012,compute,123.74
2024-12,ws-0082,compute,8.86
2025-01,ws-0049,storage,3.64
2025-08,ws-0120,egress,33.53
2024-09,ws-0080,egress,2.48
2025-03,ws-0124,egress,238.13
2024-02,ws-0066,storage,13.23
2025-08,ws-0047,egress,2.66
2024-07,ws-0102,ai_tokens,27.64
2025-07,ws-0072,ai_tokens,36.00
2024-09,ws-0135,compute,437.41
2025-06,ws-0035,compute,39.76
2024-11,ws-0005,compute,7.84
2024-03,ws-0035,compute,35.60
2025-06,ws-0081,storage,4.24
2026-04,ws-0029,egress,5.03
2025-07,ws-0059,compute,152.36
2025-10,ws-0118,compute,399.44
2024-11,ws-0102,storage,240.69
2024-05,ws-0008,storage,14.48
2026-06,ws-0044,storage,157.29
2025-05,ws-0117,compute,144.73
2025-01,ws-0123,storage,122.77
2026-06,ws-0013,ai_tokens,14.83
2024-08,ws-0080,ai_tokens,0.55
2026-01,ws-0081,compute,11.12
2024-07,ws-0062,ai_tokens,11.93
2026-05,ws-0018,egress,34.57
2024-01,ws-0068,compute,53.09
2025-08,ws-0106,ai_tokens,7.90
2025-12,ws-0127,ai_tokens,95.67
2026-02,ws-0102,egress,167.78
2024-03,ws-0031,compute,179.90
2026-06,ws-0033,egress,62.04
2025-09,ws-0031,storage,71.11
2025-01,ws-0127,storage,236.65
2025-02,ws-0041,storage,45.65
2024-02,ws-0096,storage,36.78
2025-11,ws-0049,egress,2.75
2024-08,ws-0054,compute,8.70
2025-01,ws-0084,ai_tokens,5.29
2026-01,ws-0105,storage,27.73
2024-09,ws-0123,storage,98.66
2026-05,ws-0061,egress,18.84
2025-02,ws-0104,ai_tokens,32.54
2024-02,ws-0123,storage,95.13
2024-07,ws-0080,compute,7.63
2024-03,ws-0130,egress,77.62
2025-09,ws-0017,ai_tokens,82.29
2026-04,ws-0019,compute,204.87
2024-06,ws-0059,compute,162.92
2025-08,ws-0075,compute,44.40
2024-06,ws-0107,ai_tokens,1.21
2026-05,ws-0101,egress,20.42
2025-12,ws-0020,storage,108.23
2025-06,ws-0103,storage,8.44
2025-10,ws-0072,storage,68.15
2025-12,ws-0096,egress,29.73
2024-01,ws-0032,storage,4.79
2025-05,ws-0040,egress,6.19
2024-07,ws-0045,egress,30.57
2025-04,ws-0054,ai_tokens,0.88
2025-04,ws-0123,ai_tokens,24.81
2025-01,ws-0127,ai_tokens,34.74
2025-09,ws-0117,compute,135.79
2025-01,ws-0051,egress,48.80
2024-12,ws-0034,egress,86.81
2026-02,ws-0044,compute,268.43
2025-09,ws-0072,ai_tokens,43.30
2026-06,ws-0070,ai_tokens,35.60
2024-05,ws-0130,egress,92.36
2024-01,ws-0031,egress,37.82
2025-04,ws-0069,ai_tokens,14.00
2026-02,ws-0074,compute,121.07
2026-06,ws-0042,compute,218.68
2025-05,ws-0069,compute,161.99
2024-08,ws-0005,egress,2.40
2025-06,ws-0085,ai_tokens,5.93
2025-06,ws-0122,ai_tokens,144.81
2025-08,ws-0049,compute,13.97
2026-05,ws-0083,egress,3.43
2024-08,ws-0123,compute,269.52
2025-08,ws-0070,egress,16.46
2026-04,ws-0041,compute,99.92
2024-03,ws-0044,egress,57.27
2024-02,ws-0112,egress,169.63
2024-04,ws-0120,storage,34.21
2024-08,ws-0008,storage,12.54
2025-01,ws-0126,compute,913.59
2025-06,ws-0074,egress,27.04
2024-06,ws-0057,compute,56.11
2026-02,ws-0013,egress,6.86
2026-05,ws-0029,egress,4.44
2024-11,ws-0040,storage,8.73
2025-10,ws-0006,compute,193.46
2025-06,ws-0105,storage,23.43
2025-11,ws-0079,storage,13.05
2026-05,ws-0133,egress,260.86
2026-03,ws-0062,compute,177.96
2024-02,ws-0127,compute,528.54
2025-04,ws-0062,egress,45.53
2026-01,ws-0075,storage,18.31
2026-05,ws-0029,ai_tokens,5.21
2025-04,ws-0128,egress,352.29
2025-06,ws-0060,ai_tokens,7.03
2024-09,ws-0103,egress,6.23
2024-09,ws-0038,ai_tokens,14.83
2024-07,ws-0127,egress,108.77
2025-06,ws-0047,ai_tokens,2.57
2026-06,ws-0130,compute,467.67
2025-04,ws-0040,ai_tokens,2.65
2025-09,ws-0063,storage,5.47
2025-10,ws-0016,storage,13.97
2024-04,ws-0084,storage,13.41
2026-04,ws-0092,storage,18.30
2025-08,ws-0055,ai_tokens,37.52
2026-03,ws-0037,storage,78.44
2026-06,ws-0099,ai_tokens,323.16
2026-04,ws-0031,storage,78.13
2026-01,ws-0105,compute,71.87
2025-08,ws-0066,compute,56.47
2025-05,ws-0122,egress,332.26
2025-05,ws-0104,ai_tokens,33.32
2024-02,ws-0133,storage,332.70
2024-07,ws-0032,egress,3.07
2026-06,ws-0083,compute,18.01
2024-06,ws-0066,ai_tokens,1.72
2026-06,ws-0096,storage,62.55
2024-12,ws-0048,storage,5.41
2024-05,ws-0054,egress,2.31
2026-01,ws-0030,storage,22.07
2024-10,ws-0017,ai_tokens,48.38
2025-06,ws-0073,storage,11.89
2025-01,ws-0053,egress,2.74
2025-12,ws-0001,ai_tokens,131.61
2025-12,ws-0094,compute,28.28
2026-06,ws-0123,egress,61.85
2025-07,ws-0015,ai_tokens,43.42
2025-12,ws-0064,storage,245.64
2025-07,ws-0006,egress,49.44
2025-05,ws-0018,storage,54.45
2025-01,ws-0040,storage,10.85
2024-09,ws-0067,egress,9.37
2025-07,ws-0058,egress,13.31
2026-02,ws-0094,egress,4.79
2025-06,ws-0086,compute,43.95
2024-06,ws-0055,compute,164.93
2025-01,ws-0048,ai_tokens,1.71
2026-05,ws-0124,ai_tokens,349.42
2026-03,ws-0031,ai_tokens,72.93
2025-02,ws-0076,storage,25.84
2024-11,ws-0085,ai_tokens,1.92
2024-10,ws-0096,egress,29.05
2025-01,ws-0038,ai_tokens,19.02
2024-11,ws-0029,compute,22.87
2025-10,ws-0066,storage,19.85
2024-02,ws-0134,storage,120.85
2026-04,ws-0126,storage,385.41
2025-12,ws-0125,compute,350.00
2025-02,ws-0054,ai_tokens,1.40
2024-09,ws-0029,compute,20.41
2024-06,ws-0080,storage,3.90
2024-11,ws-0133,compute,1050.16
2025-12,ws-0038,egress,34.65
2024-06,ws-0028,storage,34.07
2025-07,ws-0005,ai_tokens,1.31
2026-06,ws-0077,egress,237.34
2025-03,ws-0043,storage,204.01
2024-04,ws-0131,compute,883.41
2024-01,ws-0045,storage,43.87
2025-06,ws-0063,storage,7.81
2025-01,ws-0048,compute,11.81
2024-08,ws-0072,egress,41.40
2025-02,ws-0070,ai_tokens,10.60
2025-10,ws-0096,compute,135.52
2025-12,ws-0002,compute,1101.88
2024-11,ws-0061,egress,16.58
2025-07,ws-0133,storage,349.13
2024-11,ws-0117,ai_tokens,14.66
2024-02,ws-0112,storage,302.43
2025-05,ws-0059,egress,40.53
2025-05,ws-0118,storage,145.62
2026-05,ws-0079,ai_tokens,18.05
2026-04,ws-0065,ai_tokens,66.44
2025-09,ws-0101,ai_tokens,12.95
2025-10,ws-0012,ai_tokens,36.67
2024-11,ws-0067,ai_tokens,3.68
2025-02,ws-0034,compute,364.88
2024-01,ws-0033,storage,82.31
2026-04,ws-0120,storage,67.38
2024-01,ws-0061,storage,21.67
2026-06,ws-0024,storage,253.65
2025-10,ws-0108,ai_tokens,24.38
2024-08,ws-0044,compute,227.47
2026-01,ws-0015,compute,260.06
2025-06,ws-0047,compute,12.37
2026-05,ws-0003,compute,148.60
2024-06,ws-0073,storage,12.92
2024-09,ws-0074,storage,44.23
2024-07,ws-0069,compute,170.08
2025-04,ws-0107,storage,11.84
2024-08,ws-0041,egress,20.27
2026-06,ws-0002,egress,247.81
2024-11,ws-0058,compute,52.36
2024-08,ws-0057,egress,14.57
2024-05,ws-0067,storage,13.67
2024-08,ws-0001,compute,663.24
2024-11,ws-0073,storage,13.48
2024-05,ws-0128,storage,508.12
2025-10,ws-0054,storage,3.83
2024-01,ws-0066,compute,35.83
2026-02,ws-0129,egress,70.56
2025-10,ws-0038,ai_tokens,30.25
2025-05,ws-0112,egress,146.55
2024-10,ws-0120,ai_tokens,12.43
2026-05,ws-0034,ai_tokens,133.86
2025-06,ws-0073,egress,5.98
2024-09,ws-0015,ai_tokens,22.23
2024-09,ws-0005,ai_tokens,0.41
2025-04,ws-0059,egress,39.20
2026-05,ws-0009,storage,6.75
2024-05,ws-0059,compute,166.35
2024-01,ws-0123,storage,87.16
2024-10,ws-0117,ai_tokens,11.77
2024-01,ws-0038,egress,30.21
2025-02,ws-0118,egress,68.52
2025-11,ws-0005,egress,1.88
2024-02,ws-0058,storage,18.02
2024-11,ws-0028,ai_tokens,11.03
2024-01,ws-0031,compute,182.07
2025-12,ws-0129,compute,207.77
2024-11,ws-0040,egress,4.52
2025-08,ws-0059,ai_tokens,20.82
2025-05,ws-0030,storage,21.23
2024-07,ws-0067,compute,48.64
2026-02,ws-0135,storage,255.92
2025-08,ws-0032,egress,3.11
2026-03,ws-0056,ai_tokens,3.81
2024-09,ws-0015,egress,53.40
2024-08,ws-0076,ai_tokens,3.49
2025-11,ws-0112,egress,180.14
2024-10,ws-0055,ai_tokens,12.86
2024-11,ws-0129,compute,270.02
2024-02,ws-0054,egress,1.86
2026-06,ws-0132,egress,65.38
2026-03,ws-0036,egress,4.89
2024-04,ws-0040,compute,19.82
2026-01,ws-0117,egress,32.19
2025-10,ws-0033,compute,280.70
2026-01,ws-0086,ai_tokens,9.47
2026-01,ws-0096,compute,151.60
2025-07,ws-0060,compute,37.93
2025-07,ws-0107,ai_tokens,7.95
2025-06,ws-0124,storage,439.18
2025-10,ws-0129,ai_tokens,69.57
2024-07,ws-0068,storage,18.37
2026-02,ws-0036,egress,5.13
2026-01,ws-0019,ai_tokens,61.34
2026-05,ws-0097,egress,37.43
2026-02,ws-0050,storage,17.90
2026-03,ws-0107,storage,15.96
2026-05,ws-0111,compute,234.62
2025-04,ws-0067,compute,39.74
2026-03,ws-0129,storage,126.07
2026-01,ws-0033,storage,112.02
2024-02,ws-0094,egress,5.42
2024-01,ws-0079,storage,11.35
2024-07,ws-0054,egress,2.41
2025-01,ws-0103,egress,5.02
2024-09,ws-0059,compute,127.95
2025-03,ws-0125,ai_tokens,45.92
2025-06,ws-0128,compute,1078.85
2024-11,ws-0070,egress,15.32
2026-05,ws-0120,egress,29.49
2024-09,ws-0076,egress,17.03
2024-11,ws-0123,ai_tokens,19.22
2026-06,ws-0128,compute,1404.17
2025-10,ws-0017,storage,243.79
2026-02,ws-0041,compute,140.32
2025-12,ws-0087,egress,102.51
2026-03,ws-0015,egress,59.27
2026-02,ws-0054,compute,10.59
2025-08,ws-0001,egress,151.74
2026-04,ws-0132,compute,288.41
2024-09,ws-0008,ai_tokens,3.66
2025-09,ws-0029,egress,5.21
2026-03,ws-0131,storage,442.83
2025-01,ws-0069,storage,65.53
2025-03,ws-0016,ai_tokens,4.29
2024-11,ws-0131,storage,320.42
2024-06,ws-0124,storage,332.49
2024-01,ws-0074,storage,34.23
2024-05,ws-0085,compute,29.19
2024-12,ws-0132,storage,112.06
2024-09,ws-0031,egress,37.53
2025-04,ws-0012,ai_tokens,15.22
2024-06,ws-0041,compute,130.20
2024-04,ws-0034,storage,139.27
2026-06,ws-0100,egress,7.82
2024-08,ws-0058,compute,69.26
2024-06,ws-0041,storage,42.90
2025-07,ws-0039,ai_tokens,16.36
2026-02,ws-0099,ai_tokens,256.18
2026-03,ws-0110,ai_tokens,11.48
2024-01,ws-0125,egress,57.93
2024-01,ws-0053,egress,2.65
2025-07,ws-0038,compute,193.38
2024-12,ws-0053,egress,2.65
2025-06,ws-0035,egress,10.40
2024-05,ws-0053,compute,10.56
2024-02,ws-0135,egress,116.67
2026-03,ws-0073,ai_tokens,11.07
2025-01,ws-0031,storage,57.06
2026-02,ws-0107,egress,8.32
2024-03,ws-0075,storage,13.77
2025-06,ws-0127,storage,209.01
2025-06,ws-0075,compute,54.50
2025-10,ws-0001,compute,768.18
2025-10,ws-0122,ai_tokens,197.28
2025-11,ws-0068,compute,54.00
2025-05,ws-0063,egress,3.63
2024-03,ws-0128,storage,363.58
2025-08,ws-0086,ai_tokens,4.92
2024-01,ws-0085,compute,29.55
2024-03,ws-0034,egress,95.66
2026-06,ws-0003,egress,38.17
2024-03,ws-0125,storage,85.90
2025-12,ws-0017,egress,128.33
2025-11,ws-0031,compute,193.96
2026-01,ws-0041,compute,136.74
2025-04,ws-0121,egress,271.05
2024-06,ws-0124,egress,181.05
2024-10,ws-0086,egress,8.01
2025-05,ws-0001,compute,617.98
2024-06,ws-0121,ai_tokens,72.36
2025-06,ws-0053,storage,4.39
2024-11,ws-0080,compute,9.92
2025-01,ws-0058,egress,12.72
2026-02,ws-0130,storage,186.91
2025-08,ws-0080,compute,8.98
2025-09,ws-0030,compute,44.05
2026-01,ws-0032,compute,16.66
2024-01,ws-0067,storage,11.95
2024-12,ws-0012,egress,41.49
2024-07,ws-0135,storage,156.39
2025-07,ws-0053,ai_tokens,1.92
2024-11,ws-0118,egress,72.41
2026-05,ws-0041,egress,33.02
2025-11,ws-0072,storage,94.21
2025-12,ws-0128,ai_tokens,210.88
2026-05,ws-0090,egress,28.66
2026-06,ws-0015,storage,97.53
2024-11,ws-0053,ai_tokens,1.03
2025-11,ws-0012,compute,137.25
2025-09,ws-0107,storage,13.75
2026-05,ws-0061,ai_tokens,26.09
2025-11,ws-0033,egress,50.52
2026-03,ws-0090,compute,182.98
2024-10,ws-0066,egress,8.19
2024-09,ws-0012,ai_tokens,7.82
2024-10,ws-0120,compute,150.61
2025-07,ws-0126,egress,151.26
2026-05,ws-0066,storage,22.44
2025-04,ws-0047,compute,14.41
2025-07,ws-0070,egress,18.60
2026-02,ws-0012,compute,172.94
2025-04,ws-0062,compute,209.65
2026-05,ws-0091,egress,9.27
2025-04,ws-0129,compute,256.01
2024-04,ws-0040,storage,7.72
2025-09,ws-0064,storage,240.09
2026-03,ws-0016,egress,7.40
2025-03,ws-0033,egress,42.64
2025-06,ws-0121,compute,1226.81
2024-11,ws-0073,compute,28.81
2024-02,ws-0085,compute,40.97
2024-11,ws-0122,ai_tokens,85.65
2025-05,ws-0067,egress,9.69
2024-11,ws-0134,egress,71.53
2024-04,ws-0123,compute,286.72
2024-02,ws-0084,compute,29.45
2025-12,ws-0038,ai_tokens,60.55
2024-06,ws-0084,ai_tokens,1.68
2026-02,ws-0050,ai_tokens,7.49
2025-03,ws-0135,egress,112.10
2026-02,ws-0036,ai_tokens,6.30
2024-12,ws-0076,egress,14.29
2025-08,ws-0128,storage,527.78
2025-08,ws-0070,compute,78.22
2025-10,ws-0006,egress,35.59
2024-05,ws-0126,egress,150.47
2024-05,ws-0058,egress,15.45
2026-05,ws-0060,egress,11.02
2026-04,ws-0015,storage,130.15
2025-04,ws-0026,storage,5.23
2024-11,ws-0059,ai_tokens,13.84
2025-03,ws-0029,storage,6.78
2026-01,ws-0016,ai_tokens,5.63
2025-05,ws-0103,compute,25.47
2025-11,ws-0102,storage,236.99
2025-09,ws-0050,ai_tokens,4.74
2025-03,ws-0044,ai_tokens,44.65
2024-09,ws-0034,ai_tokens,34.05
2025-10,ws-0110,compute,27.62
2024-10,ws-0076,compute,57.02
2025-12,ws-0088,storage,153.14
2024-03,ws-0076,storage,23.87
2026-05,ws-0058,egress,15.56
2025-10,ws-0124,compute,1280.72
2024-03,ws-0058,compute,75.09
2026-01,ws-0015,storage,104.84
2025-11,ws-0031,egress,31.94
2025-01,ws-0033,ai_tokens,30.25
2024-12,ws-0053,compute,12.11
2026-02,ws-0030,compute,44.28
2025-12,ws-0134,egress,70.83
2026-01,ws-0118,ai_tokens,136.84
2026-03,ws-0108,ai_tokens,63.57
2026-02,ws-0037,ai_tokens,44.09
2026-02,ws-0127,ai_tokens,229.95
2024-09,ws-0076,ai_tokens,4.62
2025-06,ws-0112,compute,888.42
2025-06,ws-0054,ai_tokens,1.94
2026-04,ws-0077,egress,180.06
2024-07,ws-0043,ai_tokens,24.68
2026-05,ws-0128,egress,363.23
2025-03,ws-0117,storage,58.46
2024-04,ws-0017,storage,178.38
2026-03,ws-0044,compute,258.36
2025-04,ws-0068,ai_tokens,8.39
2026-01,ws-0039,storage,27.50
2024-12,ws-0015,ai_tokens,29.08
2026-06,ws-0122,compute,1286.54
2025-08,ws-0045,storage,46.55
2025-11,ws-0012,egress,40.82
2026-04,ws-0090,storage,71.80
2026-02,ws-0015,egress,60.65
2024-10,ws-0080,ai_tokens,0.70
2025-09,ws-0076,ai_tokens,13.61
2026-01,ws-0040,compute,21.75
2024-03,ws-0073,compute,24.32
2024-10,ws-0053,egress,2.19
2026-03,ws-0117,storage,53.25
2025-03,ws-0061,compute,81.49
2026-05,ws-0126,egress,200.28
2025-10,ws-0050,ai_tokens,8.79
2026-06,ws-0130,egress,93.37
2024-11,ws-0035,ai_tokens,4.38
2025-03,ws-0127,compute,571.74
2026-06,ws-0093,compute,46.14
2025-02,ws-0017,storage,236.83
2025-11,ws-0069,compute,142.32
2025-09,ws-0104,storage,97.41
2026-04,ws-0092,egress,9.72
2024-11,ws-0012,compute,135.19
2024-06,ws-0081,storage,3.51
2025-12,ws-0060,compute,34.24
2026-06,ws-0048,egress,3.06
2025-01,ws-0085,egress,7.72
2026-05,ws-0072,compute,228.85
2025-02,ws-0080,egress,2.25
2025-07,ws-0127,storage,237.23
2025-07,ws-0017,compute,523.78
2025-07,ws-0076,storage,27.74
2024-12,ws-0099,ai_tokens,45.63
2024-08,ws-0133,compute,834.88
2026-04,ws-0103,compute,25.24
2024-09,ws-0053,egress,2.61
2026-05,ws-0053,ai_tokens,6.75
2026-06,ws-0066,storage,21.19
2025-01,ws-0081,storage,3.32
2025-11,ws-0053,storage,5.44
2024-05,ws-0066,compute,49.61
2026-04,ws-0102,ai_tokens,193.14
2025-09,ws-0055,storage,60.78
2025-09,ws-0069,storage,74.68
2025-05,ws-0044,ai_tokens,42.81
2026-06,ws-0086,egress,9.25
2024-07,ws-0125,ai_tokens,22.61
2025-10,ws-0107,egress,8.64
2026-06,ws-0117,egress,34.19
2026-03,ws-0075,storage,18.85
2024-07,ws-0101,compute,103.04
2025-05,ws-0030,ai_tokens,7.80
2025-08,ws-0008,compute,40.81
2025-09,ws-0040,egress,4.37
2025-06,ws-0112,ai_tokens,141.53
2024-08,ws-0081,egress,2.31
2024-01,ws-0081,compute,10.50
2024-08,ws-0135,egress,143.89
2025-08,ws-0103,egress,5.04
2024-10,ws-0074,egress,23.28
2024-09,ws-0121,compute,1212.71
2026-06,ws-0109,ai_tokens,22.51
2026-02,ws-0051,egress,49.05
2025-11,ws-0125,egress,60.82
2024-07,ws-0073,ai_tokens,1.96
2025-03,ws-0015,storage,109.00
2025-02,ws-0028,egress,21.10
2025-11,ws-0083,ai_tokens,5.56
2025-12,ws-0090,compute,160.48
2025-03,ws-0057,storage,28.66
2024-02,ws-0072,egress,40.43
2024-07,ws-0005,compute,9.75
2024-09,ws-0094,egress,5.51
2025-04,ws-0066,compute,36.58
2025-11,ws-0008,storage,14.90
2025-07,ws-0063,storage,6.93
2026-02,ws-0071,egress,25.65
2026-05,ws-0088,storage,172.10
2024-04,ws-0055,storage,51.56
2026-04,ws-0025,ai_tokens,4.67
2024-06,ws-0049,compute,11.74
2025-02,ws-0132,ai_tokens,24.31
2025-03,ws-0067,compute,51.53
2026-03,ws-0018,ai_tokens,69.45
2025-01,ws-0059,compute,130.35
2025-05,ws-0076,storage,23.05
2026-05,ws-0128,compute,1350.86
2025-09,ws-0130,ai_tokens,64.92
2026-04,ws-0062,storage,88.95
2026-03,ws-0025,egress,2.56
2025-12,ws-0054,storage,4.57
2025-07,ws-0105,storage,29.55
2025-10,ws-0077,storage,458.20
2025-12,ws-0008,ai_tokens,11.09
2025-08,ws-0124,compute,818.43
2025-03,ws-0069,ai_tokens,16.41
2025-01,ws-0096,ai_tokens,11.51
2024-01,ws-0094,egress,4.97
2026-01,ws-0052,ai_tokens,6.49
2024-02,ws-0005,egress,2.12
2024-08,ws-0013,egress,4.66
2026-01,ws-0106,storage,26.18
2025-07,ws-0101,egress,25.38
2025-09,ws-0049,storage,4.52
2025-06,ws-0131,compute,851.98
2026-02,ws-0085,compute,30.99
2024-07,ws-0125,compute,321.83
2026-02,ws-0033,storage,125.43
2024-04,ws-0086,storage,11.51
2025-01,ws-0016,storage,8.52
2026-04,ws-0103,storage,13.01
2025-11,ws-0126,egress,160.07
2026-01,ws-0123,egress,68.92
2025-11,ws-0081,ai_tokens,1.63
2025-09,ws-0053,compute,11.09
2026-06,ws-0080,ai_tokens,4.35
2025-08,ws-0134,ai_tokens,54.07
2026-02,ws-0002,ai_tokens,489.60
2026-06,ws-0129,compute,261.83
2025-12,ws-0074,ai_tokens,30.46
2024-01,ws-0066,storage,13.83
2024-07,ws-0055,egress,35.69
2024-12,ws-0128,ai_tokens,164.35
2026-04,ws-0033,compute,243.07
2026-06,ws-0068,storage,19.92
2024-08,ws-0035,ai_tokens,3.67
2024-01,ws-0017,egress,143.25
2026-02,ws-0094,ai_tokens,7.19
2026-05,ws-0075,storage,22.05
2024-09,ws-0080,storage,3.60
2025-04,ws-0117,egress,23.13
2025-02,ws-0134,storage,151.32
2025-11,ws-0072,ai_tokens,64.97
2024-10,ws-0082,storage,3.34
2024-05,ws-0096,egress,28.35
2024-06,ws-0104,storage,87.23
2025-03,ws-0090,ai_tokens,12.13
2024-09,ws-0001,storage,290.62
2026-04,ws-0093,compute,47.48
2026-03,ws-0111,egress,55.86
2025-10,ws-0013,storage,9.55
2025-10,ws-0086,ai_tokens,8.71
2025-11,ws-0098,ai_tokens,11.55
2026-06,ws-0095,compute,127.95
2025-02,ws-0103,ai_tokens,1.67
2025-06,ws-0055,compute,140.53
2025-04,ws-0135,ai_tokens,58.89
2026-04,ws-0091,storage,22.47
2026-01,ws-0088,ai_tokens,146.32
2025-09,ws-0035,compute,51.52
2025-02,ws-0129,egress,50.77
2025-09,ws-0080,storage,3.83
2024-06,ws-0129,compute,202.06
2024-05,ws-0094,storage,8.92
2024-08,ws-0038,compute,169.72
2026-04,ws-0087,ai_tokens,203.28
2025-02,ws-0055,storage,58.77
2024-08,ws-0032,storage,5.95
2024-01,ws-0040,storage,7.05
2025-09,ws-0099,storage,277.13
2026-03,ws-0086,storage,14.41
2025-12,ws-0118,egress,72.96
2025-01,ws-0035,compute,39.12
2024-06,ws-0131,egress,172.17
2025-03,ws-0066,compute,42.76
2025-06,ws-0135,ai_tokens,88.35
2025-04,ws-0061,ai_tokens,9.41
2024-10,ws-0026,storage,4.68
2026-02,ws-0006,ai_tokens,86.74
2024-09,ws-0041,egress,23.66
2025-01,ws-0130,compute,317.81
2026-04,ws-0031,ai_tokens,82.66
2025-03,ws-0031,compute,153.88
2024-06,ws-0017,storage,213.79
2024-08,ws-0121,storage,491.71
2025-02,ws-0058,ai_tokens,9.77
2025-01,ws-0055,egress,37.06
2026-01,ws-0104,egress,40.69
2025-09,ws-0015,ai_tokens,37.49
2025-04,ws-0103,compute,28.99
2026-05,ws-0024,compute,546.63
2025-12,ws-0107,storage,18.83
2025-05,ws-0015,ai_tokens,39.52
2025-02,ws-0084,ai_tokens,5.42
2025-12,ws-0102,egress,144.43
2026-02,ws-0087,ai_tokens,154.01
2025-11,ws-0076,storage,35.59
2024-09,ws-0073,storage,10.95
2024-01,ws-0085,storage,11.00
2024-01,ws-0072,compute,204.42
2025-09,ws-0005,ai_tokens,2.71
2025-02,ws-0059,egress,30.40
2026-04,ws-0060,storage,21.73
2025-02,ws-0107,ai_tokens,5.19
2024-04,ws-0035,egress,9.43
2025-11,ws-0108,compute,149.58
2025-08,ws-0132,storage,144.17
2024-10,ws-0107,compute,28.64
2025-11,ws-0090,ai_tokens,37.20
2024-01,ws-0121,compute,1177.82
2024-01,ws-0102,egress,121.93
2025-01,ws-0072,compute,178.15
2024-02,ws-0049,compute,11.72
2024-02,ws-0127,egress,124.10
2024-08,ws-0043,compute,575.62
2026-02,ws-0017,ai_tokens,243.12
2026-04,ws-0056,compute,13.16
2025-08,ws-0080,storage,4.65
2024-12,ws-0082,egress,1.96
2024-04,ws-0048,egress,2.63
2026-05,ws-0066,ai_tokens,25.03
2024-11,ws-0001,compute,835.52
2026-04,ws-0025,compute,13.83
2024-10,ws-0070,storage,33.27
2026-05,ws-0128,ai_tokens,520.13
2025-10,ws-0126,ai_tokens,256.81
2024-05,ws-0005,storage,2.80
2025-10,ws-0087,ai_tokens,84.52
2025-05,ws-0043,compute,642.45
2026-05,ws-0069,ai_tokens,85.68
2024-12,ws-0066,egress,11.49
2024-02,ws-0017,storage,161.54
2025-12,ws-0068,storage,18.64
2025-07,ws-0029,ai_tokens,3.87
2024-11,ws-0054,compute,10.83
2024-07,ws-0094,ai_tokens,1.22
2025-10,ws-0049,compute,13.97
2026-01,ws-0121,ai_tokens,363.17
2026-03,ws-0101,ai_tokens,29.26
2024-07,ws-0075,storage,16.15
2026-03,ws-0076,ai_tokens,15.82
2024-08,ws-0049,egress,2.79
2026-06,ws-0110,egress,6.38
2026-06,ws-0031,storage,66.14
2026-04,ws-0118,ai_tokens,205.00
2025-02,ws-0124,egress,203.73
2026-01,ws-0027,compute,24.39
2025-03,ws-0099,compute,869.77
2025-12,ws-0005,egress,2.77
2024-03,ws-0048,compute,11.53
2024-07,ws-0005,storage,4.11
2024-11,ws-0070,ai_tokens,7.20
2024-04,ws-0081,compute,7.84
2025-02,ws-0120,egress,25.94
2025-03,ws-0055,compute,160.23
2025-07,ws-0094,storage,9.83
2024-07,ws-0034,compute,463.78
2024-06,ws-0043,storage,177.74
2025-08,ws-0133,ai_tokens,191.74
2025-11,ws-0079,egress,7.43
2024-07,ws-0117,egress,26.57
2024-04,ws-0117,storage,35.86
2024-10,ws-0029,ai_tokens,1.04
2024-03,ws-0013,storage,8.19
2024-06,ws-0067,ai_tokens,2.54
2026-01,ws-0002,compute,934.60
2025-05,ws-0031,ai_tokens,29.55
2026-03,ws-0095,storage,57.40
2025-04,ws-0104,storage,72.16
2025-02,ws-0007,egress,199.19
2025-11,ws-0082,storage,3.63
2025-03,ws-0032,compute,15.66
2026-05,ws-0057,egress,16.48
2026-01,ws-0017,ai_tokens,243.12
2026-03,ws-0003,storage,61.35
2026-01,ws-0058,egress,13.74
2024-09,ws-0121,egress,278.94
2026-05,ws-0059,egress,41.04
2024-09,ws-0132,ai_tokens,12.05
2026-06,ws-0068,ai_tokens,12.80
2025-06,ws-0069,ai_tokens,32.84
2024-01,ws-0015,compute,180.21
2026-06,ws-0109,storage,23.34
2025-10,ws-0129,compute,219.37
2026-04,ws-0122,ai_tokens,458.45
2025-11,ws-0040,egress,6.02
2024-06,ws-0076,ai_tokens,4.97
2025-01,ws-0005,ai_tokens,1.38
2024-11,ws-0081,egress,2.43
2024-02,ws-0066,compute,48.06
2025-05,ws-0074,ai_tokens,20.23
2024-11,ws-0069,storage,62.87
2025-04,ws-0118,storage,172.81
2024-04,ws-0117,egress,21.80
2026-05,ws-0069,egress,47.69
2025-02,ws-0102,storage,221.95
2026-05,ws-0059,ai_tokens,76.11
2024-08,ws-0086,compute,32.62
2026-06,ws-0126,ai_tokens,525.67
2024-12,ws-0122,storage,579.03
2025-07,ws-0047,storage,3.87
2025-12,ws-0005,ai_tokens,2.00
2024-06,ws-0128,storage,363.85
2026-05,ws-0008,ai_tokens,12.71
2025-04,ws-0118,ai_tokens,59.11
2025-11,ws-0060,ai_tokens,9.89
2025-07,ws-0120,ai_tokens,17.35
2024-07,ws-0120,egress,25.67
2024-06,ws-0001,compute,779.97
2024-04,ws-0125,egress,80.61
2025-07,ws-0058,ai_tokens,14.56
2026-04,ws-0025,egress,3.01
2024-11,ws-0103,ai_tokens,2.04
2025-05,ws-0094,compute,22.69
2025-03,ws-0017,compute,572.98
2024-07,ws-0055,compute,140.63
2024-08,ws-0104,compute,241.11
2026-04,ws-0019,storage,115.45
2026-01,ws-0028,compute,106.51
2024-08,ws-0101,ai_tokens,7.50
2026-03,ws-0071,compute,106.64
2025-03,ws-0134,compute,327.51
2026-02,ws-0035,ai_tokens,17.70
2024-09,ws-0112,storage,312.42
2026-02,ws-0066,storage,16.65
2024-07,ws-0047,ai_tokens,0.97
2026-06,ws-0087,egress,126.23
2025-07,ws-0007,ai_tokens,109.29
2024-06,ws-0035,egress,7.37
2024-03,ws-0120,egress,27.04
2025-11,ws-0064,compute,460.53
2025-11,ws-0129,egress,47.25
2024-07,ws-0127,ai_tokens,28.05
2026-03,ws-0057,ai_tokens,16.93
2024-01,ws-0123,compute,221.07
2026-03,ws-0126,compute,960.67
2024-12,ws-0043,egress,123.42
2024-09,ws-0127,storage,155.52
2025-08,ws-0123,egress,66.10
2025-06,ws-0118,storage,130.79
2025-11,ws-0123,ai_tokens,56.20
2024-08,ws-0129,ai_tokens,14.08
2024-09,ws-0026,storage,6.21
2025-11,ws-0037,compute,169.49
2024-01,ws-0047,storage,3.46
2025-01,ws-0086,compute,41.95
2025-04,ws-0076,storage,22.51
2024-12,ws-0102,compute,693.63
2025-03,ws-0040,storage,11.14
2024-06,ws-0031,ai_tokens,11.65
2025-06,ws-0040,ai_tokens,2.90
2025-04,ws-0094,storage,11.30
2024-12,ws-0069,ai_tokens,12.96
2025-09,ws-0018,egress,40.61
2025-08,ws-0072,ai_tokens,22.44
2025-07,ws-0031,ai_tokens,18.33
2026-06,ws-0116,storage,349.96
2025-11,ws-0032,storage,5.50
2026-04,ws-0100,storage,16.25
2026-05,ws-0109,compute,41.86
2025-03,ws-0015,ai_tokens,40.07
2026-04,ws-0035,storage,16.56
2024-01,ws-0101,egress,22.24
2026-03,ws-0001,compute,667.84
2026-05,ws-0053,compute,13.46
2025-02,ws-0086,compute,34.15
2025-09,ws-0007,storage,362.93
2025-04,ws-0013,egress,4.71
2025-08,ws-0061,ai_tokens,12.42
2026-03,ws-0007,egress,281.58
2026-03,ws-0058,ai_tokens,27.51
2024-05,ws-0076,egress,14.88
2024-08,ws-0079,egress,6.55
2024-09,ws-0067,compute,50.29
2026-05,ws-0027,ai_tokens,8.74
2024-06,ws-0073,ai_tokens,1.90
2025-01,ws-0008,egress,7.90
2025-02,ws-0120,ai_tokens,9.94
2025-11,ws-0120,ai_tokens,39.52
2024-04,ws-0034,compute,468.00
2025-04,ws-0007,egress,263.29
2024-07,ws-0072,storage,72.08
2025-08,ws-0118,storage,130.60
2025-10,ws-0121,compute,1461.74
2024-04,ws-0008,storage,12.59
2026-03,ws-0081,ai_tokens,2.61
2025-06,ws-0058,storage,21.46
2024-05,ws-0059,storage,51.38
2026-02,ws-0079,storage,15.28
2026-01,ws-0062,compute,167.84
2024-01,ws-0094,compute,28.96
2025-11,ws-0035,compute,38.36
2025-02,ws-0096,compute,118.89
2024-07,ws-0074,compute,86.30
2025-08,ws-0052,compute,20.58
2026-02,ws-0055,ai_tokens,33.99
2025-10,ws-0103,ai_tokens,4.77
2024-10,ws-0102,storage,219.50
2024-05,ws-0049,storage,3.56
2026-06,ws-0102,egress,161.77
2025-09,ws-0075,ai_tokens,10.03
2025-04,ws-0069,compute,191.25
2025-04,ws-0048,storage,5.06
2025-04,ws-0121,ai_tokens,227.44
2025-11,ws-0039,compute,78.94
2024-06,ws-0134,egress,75.03
2025-01,ws-0061,compute,88.17
2025-01,ws-0066,storage,14.32
2026-04,ws-0005,compute,10.11
2026-06,ws-0048,compute,13.29
2026-06,ws-0041,storage,56.32
2025-03,ws-0049,egress,2.84
2025-10,ws-0077,compute,1056.45
2024-12,ws-0057,compute,65.68
2025-01,ws-0008,compute,44.58
2025-02,ws-0129,compute,253.67
2025-05,ws-0041,storage,48.41
2024-08,ws-0121,ai_tokens,80.13
2025-02,ws-0047,ai_tokens,1.41
2024-05,ws-0049,compute,9.63
2024-12,ws-0081,egress,1.88
2026-03,ws-0101,compute,96.03
2024-08,ws-0099,egress,152.40
2025-04,ws-0126,ai_tokens,106.10
2024-12,ws-0066,storage,17.80
2025-04,ws-0043,ai_tokens,86.00
2025-11,ws-0018,ai_tokens,56.45
2026-04,ws-0133,ai_tokens,298.79
2025-06,ws-0051,storage,69.87
2024-07,ws-0058,storage,18.67
2025-12,ws-0127,storage,246.33
2024-03,ws-0082,egress,1.94
2024-09,ws-0028,compute,122.67
2026-06,ws-0094,storage,11.61
2026-06,ws-0061,compute,69.87
2024-12,ws-0058,storage,19.88
2024-08,ws-0074,compute,125.89
2026-03,ws-0075,compute,55.34
2024-09,ws-0072,compute,211.98
2024-02,ws-0033,compute,269.58
2026-06,ws-0073,compute,35.02
2026-02,ws-0063,ai_tokens,5.77
2026-05,ws-0047,storage,6.71
2025-11,ws-0105,egress,15.50
2026-04,ws-0127,storage,258.71
2026-05,ws-0103,egress,5.58
2024-11,ws-0073,ai_tokens,3.76
2026-04,ws-0076,storage,34.93
2025-11,ws-0018,storage,62.86
2025-10,ws-0013,compute,28.54
2026-01,ws-0059,egress,30.95
2025-12,ws-0040,egress,5.26
2026-05,ws-0105,ai_tokens,31.32
2025-05,ws-0099,ai_tokens,147.90
2026-03,ws-0032,compute,15.38
2024-04,ws-0032,compute,13.49
2024-11,ws-0055,egress,31.75
2024-06,ws-0053,ai_tokens,0.56
2025-10,ws-0057,compute,57.61
2025-07,ws-0018,compute,186.67
2025-04,ws-0128,ai_tokens,129.08
2026-05,ws-0072,storage,98.01
2025-06,ws-0057,ai_tokens,10.94
2025-04,ws-0122,ai_tokens,102.53
2026-06,ws-0089,egress,2.33
2025-10,ws-0006,ai_tokens,51.98
2024-11,ws-0069,compute,151.85
2025-07,ws-0127,egress,129.19
2025-03,ws-0102,ai_tokens,99.02
2025-04,ws-0013,ai_tokens,2.60
2025-04,ws-0125,egress,60.88
2025-01,ws-0123,ai_tokens,39.03
2024-03,ws-0112,egress,144.00
2026-03,ws-0125,egress,67.80
2025-07,ws-0061,compute,81.72
2024-10,ws-0072,egress,40.68
2026-04,ws-0049,storage,4.53
2024-02,ws-0121,storage,381.55
2026-04,ws-0007,ai_tokens,549.30
2025-09,ws-0130,storage,169.39
2025-06,ws-0069,compute,189.25
2026-06,ws-0012,compute,156.16
2026-04,ws-0095,storage,76.34
2025-11,ws-0131,egress,225.56
2024-09,ws-0066,compute,53.96
2024-11,ws-0112,egress,154.94
2025-11,ws-0052,storage,7.35
2026-02,ws-0027,storage,9.33
2024-03,ws-0038,egress,32.64
2025-08,ws-0105,ai_tokens,16.54
2026-03,ws-0117,egress,30.18
2026-01,ws-0013,compute,29.41
2025-04,ws-0082,storage,3.21
2024-12,ws-0090,ai_tokens,16.47
2026-02,ws-0126,storage,444.43
2025-11,ws-0084,compute,35.08
2025-04,ws-0033,ai_tokens,43.00
2026-03,ws-0080,ai_tokens,2.22
2024-12,ws-0079,storage,10.19
2024-01,ws-0035,compute,34.00
2024-06,ws-0035,storage,18.12
2024-04,ws-0015,egress,53.61
2026-02,ws-0025,ai_tokens,5.29
2024-12,ws-0051,compute,203.17
2025-12,ws-0047,storage,6.14
2025-11,ws-0102,compute,633.46
2026-04,ws-0116,storage,319.80
2026-01,ws-0044,compute,293.91
2024-11,ws-0016,egress,6.29
2026-06,ws-0094,ai_tokens,14.80
2025-03,ws-0094,storage,10.61
2025-09,ws-0032,compute,17.13
2026-01,ws-0006,egress,52.19
2024-11,ws-0082,compute,8.56
2025-12,ws-0101,ai_tokens,20.08
2026-01,ws-0006,compute,191.08
2026-02,ws-0095,ai_tokens,27.70
2025-05,ws-0070,ai_tokens,16.54
2025-05,ws-0081,ai_tokens,1.19
2026-01,ws-0107,storage,13.57
2025-03,ws-0061,storage,25.96
2026-04,ws-0078,storage,58.20
2026-02,ws-0064,storage,274.81
2024-06,ws-0131,compute,871.14
2025-01,ws-0094,compute,21.82
2025-01,ws-0038,egress,42.82
2026-05,ws-0127,compute,664.12
2026-04,ws-0082,ai_tokens,3.26
2024-12,ws-0029,compute,22.41
2024-09,ws-0069,storage,61.08
2024-09,ws-0043,storage,187.27
2024-11,ws-0047,storage,3.83
2024-12,ws-0057,egress,13.78
2024-06,ws-0125,egress,58.85
2024-08,ws-0117,compute,143.40
2024-08,ws-0059,compute,173.77
2024-03,ws-0005,egress,2.08
2024-06,ws-0128,compute,1228.87
2025-12,ws-0044,egress,60.91
2024-09,ws-0055,compute,151.09
2025-02,ws-0122,ai_tokens,109.35
2024-04,ws-0005,compute,9.38
2026-03,ws-0098,egress,9.24
2025-01,ws-0102,ai_tokens,83.70
2025-08,ws-0015,ai_tokens,32.39
2025-09,ws-0066,compute,44.01
2025-06,ws-0002,storage,434.45
2025-12,ws-0015,egress,62.00
2025-10,ws-0103,compute,23.91
2024-01,ws-0084,storage,9.65
2024-01,ws-0048,compute,11.19
2025-09,ws-0045,compute,100.17
2026-03,ws-0026,storage,6.96
2025-09,ws-0062,ai_tokens,30.86
2024-09,ws-0032,storage,5.22
2024-08,ws-0123,storage,115.22
2024-01,ws-0034,storage,109.57
2025-04,ws-0031,egress,34.20
2024-12,ws-0121,egress,250.20
2025-10,ws-0063,egress,4.19
2025-08,ws-0007,compute,1024.09
2024-02,ws-0102,egress,118.26
2025-02,ws-0067,egress,11.58
2026-02,ws-0071,storage,34.18
2025-12,ws-0020,compute,253.18
2024-04,ws-0123,egress,71.64
2024-09,ws-0131,egress,146.29
2026-02,ws-0123,ai_tokens,101.50
2024-03,ws-0086,compute,30.31
2024-05,ws-0048,egress,2.57
2025-06,ws-0070,ai_tokens,12.18
2024-08,ws-0068,egress,10.31
2024-04,ws-0126,egress,192.65
2025-01,ws-0017,storage,239.45
2025-06,ws-0069,storage,67.81
2026-02,ws-0128,ai_tokens,504.19
2025-05,ws-0128,compute,1042.15
2026-02,ws-0067,storage,23.23
2024-02,ws-0135,storage,144.51
2024-09,ws-0053,ai_tokens,0.69
2025-03,ws-0062,storage,65.43
2025-10,ws-0033,storage,97.75
2025-10,ws-0117,storage,57.87
2026-01,ws-0015,ai_tokens,82.26
2025-05,ws-0077,storage,324.44
2026-03,ws-0034,storage,237.57
2026-04,ws-0053,egress,2.67
2024-01,ws-0044,compute,247.11
2025-06,ws-0041,egress,32.67
2026-03,ws-0008,ai_tokens,10.08
2025-12,ws-0008,storage,13.83
2025-04,ws-0133,ai_tokens,173.78
2024-06,ws-0055,egress,28.47
2026-01,ws-0050,ai_tokens,15.10
2025-12,ws-0079,storage,16.27
2024-07,ws-0081,ai_tokens,0.39
2024-12,ws-0127,ai_tokens,61.41
2024-12,ws-0123,egress,69.77
2025-05,ws-0132,ai_tokens,44.08
2026-04,ws-0045,ai_tokens,59.36
2025-12,ws-0135,storage,246.97
2025-06,ws-0055,ai_tokens,16.24
2025-01,ws-0013,compute,22.03
2024-10,ws-0076,storage,28.80
2026-03,ws-0039,egress,14.34
2024-01,ws-0079,egress,5.40
2025-07,ws-0012,storage,53.64
2026-05,ws-0043,ai_tokens,150.74
2025-06,ws-0059,storage,69.91
2026-03,ws-0083,storage,6.89
2026-01,ws-0067,compute,56.34
2024-10,ws-0127,storage,171.02
2025-07,ws-0069,storage,62.74
2024-11,ws-0125,compute,355.71
2024-08,ws-0040,storage,8.95
2024-01,ws-0120,egress,27.88
2026-05,ws-0017,egress,131.89
2025-12,ws-0049,storage,4.72
2025-10,ws-0064,compute,588.99
2024-10,ws-0125,storage,136.27
2024-06,ws-0081,ai_tokens,0.52
2024-01,ws-0135,compute,654.30
2024-10,ws-0044,compute,268.81
2026-02,ws-0016,ai_tokens,8.15
2025-12,ws-0038,storage,74.22
2024-07,ws-0121,ai_tokens,74.34
2024-10,ws-0040,compute,25.93
2024-02,ws-0079,egress,6.93
2026-01,ws-0134,storage,183.75
2025-07,ws-0075,egress,9.70
2025-11,ws-0002,egress,218.22
2026-06,ws-0072,storage,84.45
2024-02,ws-0074,compute,118.92
2026-03,ws-0028,egress,25.31
2024-05,ws-0131,egress,189.12
2024-09,ws-0073,compute,33.21
2024-05,ws-0080,egress,2.50
2026-03,ws-0085,ai_tokens,17.20
2025-09,ws-0013,compute,26.30
2024-04,ws-0073,compute,27.79
2024-06,ws-0099,storage,241.21
2024-10,ws-0127,egress,101.68
2024-04,ws-0131,storage,246.71
2026-02,ws-0121,storage,617.33
2026-01,ws-0103,storage,9.72
2024-11,ws-0033,egress,46.26
2026-03,ws-0064,ai_tokens,210.93
2024-04,ws-0008,egress,8.39
2026-05,ws-0051,egress,44.17
2024-06,ws-0124,compute,959.86
2025-08,ws-0126,egress,152.49
2026-02,ws-0049,egress,2.98
2025-06,ws-0030,storage,17.03
2025-05,ws-0079,compute,33.30
2025-07,ws-0063,ai_tokens,2.55
2026-02,ws-0056,compute,11.20
2026-01,ws-0122,compute,1421.97
2026-02,ws-0028,compute,110.57
2025-11,ws-0026,storage,6.30
2026-02,ws-0105,egress,15.86
2025-08,ws-0030,compute,51.28
2024-01,ws-0130,egress,89.88
2025-04,ws-0101,storage,43.97
2024-07,ws-0059,storage,53.15
2025-10,ws-0133,compute,918.09
2025-10,ws-0029,egress,4.98
2024-10,ws-0135,egress,112.19
2024-08,ws-0094,storage,7.05
2024-09,ws-0034,egress,75.77
2025-11,ws-0133,storage,327.36
2026-01,ws-0007,compute,860.78
2026-06,ws-0122,storage,710.37
2025-09,ws-0018,ai_tokens,19.40
2024-08,ws-0048,egress,2.60
2025-10,ws-0122,storage,547.41
2024-01,ws-0082,storage,3.66
2026-02,ws-0049,storage,6.31
2024-08,ws-0017,compute,635.62
2024-03,ws-0134,egress,86.35
2025-06,ws-0062,ai_tokens,18.28
2025-12,ws-0105,ai_tokens,21.17
2026-03,ws-0106,compute,63.93
2026-06,ws-0012,egress,43.60
2025-10,ws-0001,ai_tokens,201.18
2024-03,ws-0012,egress,27.66
2026-03,ws-0105,compute,64.15
2026-05,ws-0024,ai_tokens,165.22
2025-11,ws-0058,egress,15.01
2026-04,ws-0039,compute,73.82
2024-06,ws-0101,compute,108.84
2024-12,ws-0028,egress,26.00
2024-04,ws-0079,egress,5.40
2024-10,ws-0080,egress,2.19
2025-04,ws-0099,compute,827.12
2025-12,ws-0117,storage,65.23
2025-06,ws-0060,storage,12.78
2025-12,ws-0063,storage,6.35
2025-12,ws-0108,ai_tokens,25.91
2026-01,ws-0049,storage,4.56
2024-11,ws-0066,compute,50.20
2025-11,ws-0107,egress,9.41
2025-02,ws-0012,egress,29.07
2025-05,ws-0044,storage,120.76
2025-03,ws-0057,compute,69.15
2026-04,ws-0044,ai_tokens,106.11
2025-12,ws-0085,storage,15.24
2024-04,ws-0041,storage,43.88
2025-07,ws-0035,storage,14.82
2024-04,ws-0066,egress,8.92
2025-01,ws-0086,ai_tokens,3.13
2025-09,ws-0067,egress,11.55
2024-09,ws-0122,egress,275.02
2026-06,ws-0044,compute,311.09
2024-12,ws-0135,storage,179.88
2025-01,ws-0053,storage,3.70
2026-06,ws-0112,storage,388.42
2025-12,ws-0058,compute,68.40
2026-04,ws-0133,egress,195.74
2025-09,ws-0008,compute,36.10
2025-05,ws-0005,egress,2.75
2025-12,ws-0047,ai_tokens,4.34
2024-02,ws-0012,egress,27.09
2024-08,ws-0012,storage,64.63
2024-07,ws-0118,storage,117.93
2026-01,ws-0080,egress,1.93
2024-02,ws-0045,compute,105.74
2024-06,ws-0135,storage,194.44
2025-12,ws-0015,compute,228.97
2024-12,ws-0032,storage,4.89
2025-01,ws-0012,storage,66.96
2025-10,ws-0072,ai_tokens,58.42
2026-01,ws-0044,storage,137.76
2026-03,ws-0005,egress,2.53
2025-11,ws-0068,storage,21.59
2025-05,ws-0121,egress,248.27
2024-10,ws-0044,storage,104.06
2026-03,ws-0017,egress,138.92
2025-10,ws-0134,egress,68.73
2025-04,ws-0032,compute,15.35
2024-11,ws-0041,ai_tokens,6.98
2025-10,ws-0074,egress,20.30
2025-01,ws-0041,compute,137.78
2026-03,ws-0133,storage,429.11
2024-12,ws-0101,egress,21.22
2024-03,ws-0125,egress,56.01
2024-12,ws-0038,ai_tokens,16.87
2024-01,ws-0026,storage,4.95
2025-12,ws-0028,storage,53.40
2026-06,ws-0026,ai_tokens,9.31
2025-07,ws-0049,compute,10.59
2026-05,ws-0110,compute,29.42
2024-10,ws-0069,storage,72.86
2024-11,ws-0130,egress,75.30
2026-06,ws-0100,ai_tokens,22.42
2024-08,ws-0005,compute,7.97
2026-02,ws-0034,compute,372.14
2025-02,ws-0001,storage,303.80
2024-09,ws-0035,compute,51.95
2025-05,ws-0120,egress,25.90
2024-07,ws-0085,egress,7.55
2025-03,ws-0102,storage,187.06
2026-02,ws-0124,ai_tokens,260.36
2024-12,ws-0062,compute,173.64
2025-10,ws-0080,compute,11.56
2025-09,ws-0096,ai_tokens,28.01
2024-07,ws-0074,ai_tokens,6.42
2025-12,ws-0087,compute,369.78
2025-09,ws-0108,egress,37.89
2025-10,ws-0085,storage,18.89
2026-06,ws-0045,compute,114.89
2025-05,ws-0032,ai_tokens,2.75
2025-03,ws-0016,compute,25.61
2025-03,ws-0066,ai_tokens,7.10
2026-04,ws-0036,storage,7.58
2025-04,ws-0015,egress,56.41
2024-06,ws-0015,compute,189.16
2025-07,ws-0016,compute,32.80
2026-03,ws-0077,ai_tokens,251.78
2026-01,ws-0127,storage,198.03
2025-07,ws-0080,egress,2.27
2026-01,ws-0066,storage,23.22
2025-09,ws-0061,storage,32.87
2025-12,ws-0044,ai_tokens,47.19
2024-09,ws-0099,storage,291.12
2026-05,ws-0126,compute,970.60
2026-03,ws-0050,ai_tokens,10.14
2025-08,ws-0107,ai_tokens,5.90
2024-07,ws-0125,storage,128.57
2025-10,ws-0081,compute,11.96
2024-06,ws-0130,egress,83.08
2025-07,ws-0099,compute,852.36
2024-10,ws-0129,ai_tokens,15.20
2025-09,ws-0007,compute,1148.00
2025-03,ws-0001,compute,765.85
2026-03,ws-0108,storage,75.67
2025-09,ws-0086,compute,31.66
2026-06,ws-0069,egress,45.78
2024-10,ws-0061,ai_tokens,4.91
2025-04,ws-0125,ai_tokens,55.94
2025-02,ws-0017,compute,550.17
2025-12,ws-0035,storage,18.51
2025-04,ws-0029,storage,7.19
2025-01,ws-0045,egress,22.70
2025-10,ws-0085,egress,7.24
2025-08,ws-0012,compute,129.49
2025-10,ws-0117,egress,23.60
2025-05,ws-0034,ai_tokens,58.46
2024-09,ws-0040,compute,23.16
2026-06,ws-0026,storage,8.59
2026-06,ws-0096,compute,141.43
2024-03,ws-0129,egress,60.69
2025-07,ws-0102,egress,116.03
2026-02,ws-0002,storage,526.85
2025-02,ws-0049,egress,2.37
2025-10,ws-0106,egress,17.13
2025-01,ws-0086,storage,12.97
2025-01,ws-0072,egress,37.70
2025-11,ws-0026,egress,3.60
2026-05,ws-0069,storage,90.24
2025-05,ws-0045,storage,51.96
2025-04,ws-0104,egress,41.31
2024-02,ws-0076,storage,23.47
2025-10,ws-0133,egress,190.44
2024-04,ws-0033,compute,275.29
2025-08,ws-0040,storage,11.39
2026-02,ws-0004,ai_tokens,20.05
2026-06,ws-0135,egress,130.75
2026-05,ws-0096,egress,35.11
2024-05,ws-0123,compute,304.33
2025-08,ws-0035,ai_tokens,10.06
2024-12,ws-0051,storage,85.59
2024-07,ws-0130,storage,99.98
2026-03,ws-0094,compute,29.21
2025-02,ws-0016,storage,11.05
2025-09,ws-0106,ai_tokens,9.88
2025-10,ws-0096,ai_tokens,34.97
2025-07,ws-0032,ai_tokens,3.11
2025-03,ws-0120,storage,56.15
2025-06,ws-0064,storage,261.73
2024-10,ws-0122,egress,262.86
2024-04,ws-0041,compute,113.76
2025-09,ws-0051,ai_tokens,24.88
2025-05,ws-0059,ai_tokens,17.45
2025-05,ws-0012,ai_tokens,18.90
2026-03,ws-0016,compute,28.17
2025-09,ws-0008,storage,19.31
2025-02,ws-0053,egress,2.94
2024-07,ws-0129,egress,57.63
2025-09,ws-0016,ai_tokens,3.35
2025-08,ws-0060,egress,10.37
2025-08,ws-0117,egress,32.42
2026-02,ws-0037,compute,149.96
2026-01,ws-0075,ai_tokens,19.00
2025-06,ws-0125,storage,115.94
2025-02,ws-0124,storage,463.93
2026-01,ws-0124,egress,190.94
2026-06,ws-0062,egress,47.65
2025-03,ws-0074,compute,127.15
2024-05,ws-0134,egress,61.31
2024-02,ws-0040,storage,8.23
2025-04,ws-0031,compute,139.86
2026-04,ws-0087,storage,228.16
2024-11,ws-0094,egress,5.50
2025-11,ws-0001,ai_tokens,104.28
2026-02,ws-0020,storage,91.98
2025-10,ws-0013,egress,6.21
2025-05,ws-0026,ai_tokens,2.45
2026-04,ws-0095,compute,151.09
2026-03,ws-0056,compute,12.32
2026-06,ws-0022,compute,19.56
2025-03,ws-0076,ai_tokens,5.59
2026-05,ws-0095,egress,38.02
2026-01,ws-0124,compute,1210.26
2025-08,ws-0073,compute,26.47
2025-05,ws-0032,storage,5.41
2026-05,ws-0088,compute,377.50
2024-08,ws-0008,compute,30.21
2026-04,ws-0097,ai_tokens,53.03
2025-08,ws-0099,compute,968.92
2026-05,ws-0131,ai_tokens,300.61
2025-11,ws-0035,storage,18.99
2025-10,ws-0131,compute,1007.14
2024-11,ws-0029,egress,3.76
2024-06,ws-0086,ai_tokens,2.61
2025-05,ws-0102,egress,143.16
2024-05,ws-0073,storage,11.08
2024-08,ws-0049,storage,4.51
2025-09,ws-0069,compute,150.31
2026-05,ws-0092,ai_tokens,11.50
2024-07,ws-0131,ai_tokens,49.18
2026-04,ws-0088,ai_tokens,245.95
2025-04,ws-0068,compute,46.78
2026-05,ws-0032,egress,3.27
2024-04,ws-0086,egress,7.33
2025-11,ws-0080,storage,4.49
2025-05,ws-0103,storage,11.49
2024-09,ws-0049,egress,2.71
2025-11,ws-0053,compute,9.00
2026-05,ws-0090,compute,153.62
2026-03,ws-0042,compute,158.37
2026-01,ws-0134,compute,376.40
2024-03,ws-0104,storage,67.40
2025-05,ws-0029,egress,4.63
2026-06,ws-0122,egress,317.55
2024-12,ws-0001,egress,130.21
2025-12,ws-0077,ai_tokens,344.77
2024-01,ws-0086,compute,39.90
2026-06,ws-0025,storage,5.60
2025-04,ws-0016,storage,11.65
2025-06,ws-0131,egress,164.54
2025-12,ws-0111,compute,218.81
2024-01,ws-0041,compute,106.78
2025-08,ws-0054,ai_tokens,2.32
2024-02,ws-0028,storage,28.04
2025-05,ws-0047,storage,4.75
2024-07,ws-0085,storage,14.47
2025-11,ws-0110,storage,14.10
2026-04,ws-0061,compute,71.70
2026-04,ws-0004,egress,11.64
2026-01,ws-0032,storage,7.85
2025-07,ws-0076,egress,16.82
2025-01,ws-0082,storage,2.86
2025-12,ws-0019,compute,206.22
2025-05,ws-0015,storage,97.37
2024-09,ws-0061,storage,31.91
2025-10,ws-0006,storage,84.41
2026-03,ws-0135,ai_tokens,196.62
2025-09,ws-0096,egress,31.19
2025-04,ws-0040,egress,4.65
2026-02,ws-0033,compute,267.35
2025-02,ws-0099,storage,256.19
2024-07,ws-0008,compute,43.70
2025-11,ws-0102,ai_tokens,138.30
2025-10,ws-0111,egress,57.16
2025-10,ws-0125,compute,368.14
2024-01,ws-0131,storage,217.14
2024-02,ws-0005,compute,11.68
2024-09,ws-0076,compute,70.91
2025-10,ws-0031,egress,36.28
2025-08,ws-0008,storage,13.59
2026-06,ws-0063,storage,7.01
2024-03,ws-0059,compute,115.95
2024-11,ws-0127,compute,600.71
2024-07,ws-0101,egress,16.74
2026-05,ws-0025,storage,5.34
2024-07,ws-0031,ai_tokens,8.97
2025-08,ws-0030,ai_tokens,9.57
2025-11,ws-0105,compute,67.34
2025-06,ws-0099,ai_tokens,137.94
2025-09,ws-0135,ai_tokens,164.07
2024-11,ws-0079,storage,12.69
2026-02,ws-0022,storage,8.20
2025-10,ws-0112,storage,390.42
2025-05,ws-0028,ai_tokens,11.26
2025-01,ws-0047,storage,4.22
2025-07,ws-0106,compute,56.71
2026-05,ws-0062,ai_tokens,109.57
2025-05,ws-0124,ai_tokens,185.06
2026-02,ws-0070,egress,23.84
2024-03,ws-0061,storage,25.55
2026-04,ws-0069,storage,62.65
2025-06,ws-0008,egress,10.53
2026-06,ws-0010,ai_tokens,9.76
2026-03,ws-0012,ai_tokens,62.41
2025-01,ws-0084,storage,11.98
2024-08,ws-0107,storage,15.03
2026-05,ws-0106,compute,66.31
2026-05,ws-0112,compute,778.70
2026-01,ws-0076,compute,66.84
2025-05,ws-0031,compute,171.59
2025-05,ws-0030,egress,12.06
2024-11,ws-0031,ai_tokens,10.19
2025-07,ws-0101,compute,94.88
2026-06,ws-0031,egress,43.51
2024-08,ws-0058,storage,24.47
2025-06,ws-0124,ai_tokens,103.81
2026-05,ws-0043,compute,466.50
2024-11,ws-0099,egress,160.13
2026-06,ws-0105,egress,13.53
2025-02,ws-0016,compute,24.04
2025-08,ws-0077,compute,989.29
2026-06,ws-0037,storage,78.66
2025-04,ws-0084,storage,12.96
2026-06,ws-0071,egress,19.32
2026-01,ws-0058,ai_tokens,14.31
2024-06,ws-0104,compute,239.56
2024-10,ws-0104,compute,234.87
2024-12,ws-0104,ai_tokens,24.19
2025-12,ws-0068,egress,9.65
2026-02,ws-0015,storage,93.77
2026-04,ws-0049,compute,12.22
2025-05,ws-0033,storage,96.93
2024-05,ws-0062,storage,48.01
2025-06,ws-0123,compute,353.69
2025-08,ws-0045,ai_tokens,19.58
2026-02,ws-0019,ai_tokens,69.28
2025-10,ws-0001,egress,187.77
2025-09,ws-0045,egress,26.26
2026-01,ws-0052,compute,25.09
2024-01,ws-0135,egress,133.49
2024-08,ws-0040,compute,18.78
2025-05,ws-0075,ai_tokens,5.31
2025-07,ws-0074,ai_tokens,15.64
2025-06,ws-0013,ai_tokens,5.04
2026-02,ws-0071,compute,79.57
2025-05,ws-0033,ai_tokens,46.35
2025-03,ws-0082,compute,10.79
2024-07,ws-0082,storage,3.24
2024-11,ws-0086,storage,15.18
2026-01,ws-0128,egress,334.08
2025-11,ws-0056,compute,12.33
2026-02,ws-0083,compute,16.84
2025-08,ws-0038,egress,37.06
2024-12,ws-0018,storage,59.04
2025-03,ws-0126,ai_tokens,122.78
2025-03,ws-0073,egress,8.45
2025-09,ws-0133,egress,240.07
2025-10,ws-0048,ai_tokens,2.99
2026-05,ws-0017,compute,650.90
2026-03,ws-0061,storage,29.74
2024-07,ws-0082,ai_tokens,0.48
2026-05,ws-0097,ai_tokens,74.95
2024-10,ws-0048,ai_tokens,1.23
2026-02,ws-0126,egress,198.21
2025-12,ws-0039,storage,33.14
2026-01,ws-0001,storage,270.36
2024-09,ws-0041,ai_tokens,11.43
2026-05,ws-0003,egress,26.30
2024-05,ws-0133,storage,321.74
2024-03,ws-0061,compute,80.16
2025-01,ws-0121,compute,1101.10
2026-04,ws-0067,ai_tokens,12.74
2025-01,ws-0029,egress,5.41
2025-12,ws-0070,compute,101.67
2024-06,ws-0072,egress,46.36
2026-04,ws-0048,storage,5.70
2024-07,ws-0099,egress,160.71
2025-01,ws-0082,egress,2.02
2024-12,ws-0018,ai_tokens,13.47
2024-11,ws-0120,ai_tokens,6.64
2024-11,ws-0017,compute,466.04
2024-05,ws-0034,storage,121.58
2025-07,ws-0073,egress,5.76
2025-12,ws-0080,storage,4.35
2024-08,ws-0072,ai_tokens,11.88
2026-02,ws-0001,ai_tokens,145.94
2024-04,ws-0049,egress,2.71
2025-12,ws-0067,egress,8.51
2026-03,ws-0088,ai_tokens,131.80
2025-01,ws-0045,compute,144.02
2025-06,ws-0101,storage,33.07
2025-03,ws-0069,storage,63.18
2025-12,ws-0006,egress,45.73
2026-01,ws-0120,egress,30.67
2026-05,ws-0065,compute,118.52
2026-06,ws-0052,egress,4.92
2025-12,ws-0033,compute,249.25
2024-04,ws-0124,storage,312.52
2024-09,ws-0123,compute,312.62
2025-04,ws-0132,egress,81.07
2026-01,ws-0118,compute,331.87
2025-04,ws-0043,egress,102.42
2025-11,ws-0122,ai_tokens,452.31
2026-02,ws-0087,egress,81.25
2026-02,ws-0040,ai_tokens,8.68
2024-11,ws-0066,ai_tokens,5.13
2026-02,ws-0062,storage,92.56
2025-11,ws-0001,storage,363.97
2025-06,ws-0032,storage,7.25
2026-05,ws-0028,storage,46.52
2024-12,ws-0012,storage,64.17
2025-08,ws-0027,storage,8.95
2024-08,ws-0029,compute,23.76
2026-02,ws-0044,storage,117.10
2025-09,ws-0055,ai_tokens,22.43
2025-11,ws-0125,compute,269.09
2024-04,ws-0129,storage,71.46
2026-02,ws-0098,storage,13.48
2025-12,ws-0121,ai_tokens,434.79
2026-05,ws-0026,egress,3.86
2024-03,ws-0017,compute,510.97
2024-08,ws-0044,ai_tokens,22.62
2024-09,ws-0101,egress,17.95
2024-04,ws-0122,storage,488.99
2026-06,ws-0102,storage,344.51
2025-01,ws-0044,ai_tokens,26.12
2026-03,ws-0058,compute,64.42
2026-03,ws-0121,storage,654.11
2026-05,ws-0034,storage,233.51
2026-06,ws-0026,egress,3.20
2026-04,ws-0053,ai_tokens,4.44
2025-06,ws-0045,egress,26.44
2025-12,ws-0132,egress,69.74
2026-05,ws-0086,compute,36.00
2024-03,ws-0096,egress,29.28
2024-01,ws-0001,egress,144.09
2024-08,ws-0029,egress,4.70
2025-08,ws-0122,compute,1558.29
2025-04,ws-0047,ai_tokens,0.95
2025-05,ws-0063,ai_tokens,3.12
2026-06,ws-0035,ai_tokens,16.80
2024-09,ws-0058,compute,59.89
2025-12,ws-0034,compute,408.82
2025-01,ws-0067,egress,8.23
2025-07,ws-0110,ai_tokens,6.48
2024-07,ws-0129,ai_tokens,19.31
2024-05,ws-0041,egress,21.92
2024-07,ws-0068,ai_tokens,3.72
2025-03,ws-0068,ai_tokens,4.38
2026-02,ws-0052,storage,7.22
2024-02,ws-0015,storage,82.55
2024-12,ws-0096,compute,116.21
2025-05,ws-0107,egress,8.55
2026-05,ws-0015,ai_tokens,117.21
2025-12,ws-0123,storage,150.94
2026-06,ws-0111,ai_tokens,157.52
2024-03,ws-0085,compute,40.42
2024-09,ws-0117,storage,37.57
2025-04,ws-0035,ai_tokens,3.59
2026-04,ws-0029,ai_tokens,8.32
2026-03,ws-0063,compute,16.12
2026-04,ws-0081,compute,9.57
2026-06,ws-0016,compute,33.67
2024-09,ws-0124,egress,199.04
2025-07,ws-0016,egress,5.57
2024-04,ws-0072,compute,164.71
2024-06,ws-0033,ai_tokens,13.38
2026-03,ws-0126,egress,185.21
2024-08,ws-0099,compute,824.58
2026-01,ws-0087,storage,184.96
2025-11,ws-0037,storage,63.42
2025-03,ws-0080,ai_tokens,1.27
2024-07,ws-0104,egress,50.07
2024-01,ws-0081,storage,2.63
2024-10,ws-0044,egress,46.93
2026-04,ws-0027,ai_tokens,9.23
2025-12,ws-0059,storage,68.05
2025-05,ws-0103,egress,6.57
2025-08,ws-0054,storage,5.24
2024-03,ws-0080,compute,10.78
2026-05,ws-0119,ai_tokens,22.80
2025-08,ws-0075,ai_tokens,9.53
2025-06,ws-0094,ai_tokens,4.04
2024-09,ws-0008,storage,13.68
2024-10,ws-0094,storage,9.56
2025-08,ws-0006,compute,159.30
2024-06,ws-0062,egress,39.94
2026-03,ws-0044,storage,112.46
2025-08,ws-0085,compute,37.95
2026-06,ws-0078,compute,100.36
2024-07,ws-0085,compute,39.74
2025-03,ws-0118,compute,406.88
2025-11,ws-0085,storage,18.22
2024-12,ws-0059,compute,164.21
2025-04,ws-0012,storage,57.60
2026-04,ws-0131,compute,954.36
2025-02,ws-0002,egress,242.90
2025-12,ws-0027,storage,8.62
2024-11,ws-0130,compute,332.14
2025-10,ws-0047,storage,5.67
2025-09,ws-0028,egress,26.32
2025-11,ws-0020,compute,225.30
2026-01,ws-0037,egress,44.34
2024-12,ws-0112,storage,336.17
2024-07,ws-0133,egress,220.51
2024-09,ws-0044,compute,316.79
2025-03,ws-0076,compute,57.97
2026-06,ws-0093,egress,9.58
2026-04,ws-0075,egress,9.43
2025-02,ws-0090,egress,28.35
2025-12,ws-0108,storage,59.95
2025-05,ws-0059,compute,120.75
2024-07,ws-0012,ai_tokens,12.78
2026-05,ws-0030,egress,11.21
2025-10,ws-0123,storage,107.91
2025-08,ws-0101,compute,98.09
2024-09,ws-0102,storage,213.81
2026-05,ws-0004,egress,11.83
2026-01,ws-0001,compute,639.85
2024-12,ws-0126,egress,155.95
2025-05,ws-0057,ai_tokens,10.90
2026-06,ws-0070,egress,21.10
2025-11,ws-0087,storage,197.36
2026-01,ws-0012,egress,31.87
2026-02,ws-0073,storage,17.10
2024-01,ws-0075,egress,7.97
2024-12,ws-0079,ai_tokens,2.79
2026-01,ws-0062,egress,47.75
2025-06,ws-0040,egress,5.99
2026-05,ws-0084,storage,15.70
2025-11,ws-0043,egress,104.10
2025-10,ws-0127,egress,104.69
2026-03,ws-0006,ai_tokens,92.49
2025-07,ws-0131,compute,1036.79
2024-12,ws-0033,egress,55.58
2024-09,ws-0125,egress,80.42
2026-06,ws-0083,egress,4.40
2025-06,ws-0128,storage,490.97
2025-01,ws-0099,ai_tokens,111.01
2025-10,ws-0074,ai_tokens,28.68
2025-03,ws-0101,compute,74.60
2024-05,ws-0001,egress,119.82
2025-04,ws-0029,egress,5.08
2025-10,ws-0120,egress,35.01
2024-09,ws-0040,storage,9.69
2025-01,ws-0103,compute,25.37
2026-05,ws-0002,ai_tokens,613.57
2024-07,ws-0132,storage,87.73
2025-07,ws-0117,egress,23.21
2026-04,ws-0017,compute,671.41
2024-02,ws-0073,compute,33.86
2026-06,ws-0007,egress,291.14
2025-08,ws-0073,storage,10.75
2026-06,ws-0108,storage,55.38
2026-01,ws-0043,ai_tokens,104.81
2025-11,ws-0121,compute,1466.98
2025-06,ws-0077,egress,221.70
2026-03,ws-0004,egress,12.57
2025-02,ws-0044,ai_tokens,37.59
2025-03,ws-0018,storage,57.26
2025-09,ws-0075,compute,54.92
2024-09,ws-0103,storage,8.42
2024-04,ws-0128,compute,1159.89
2025-12,ws-0031,ai_tokens,26.84
2024-09,ws-0041,storage,42.84
2025-04,ws-0045,egress,26.37
2026-06,ws-0086,compute,43.58
2025-12,ws-0083,egress,4.57
2025-05,ws-0112,storage,284.31
2024-07,ws-0099,storage,246.36
2024-08,ws-0128,egress,278.56
2025-05,ws-0040,storage,11.09
2024-02,ws-0001,egress,151.52
2026-03,ws-0101,egress,20.44
2024-07,ws-0120,storage,36.11
2024-10,ws-0085,storage,13.48
2025-08,ws-0007,storage,471.50
2025-05,ws-0080,compute,10.79
2026-03,ws-0066,storage,22.30
2026-04,ws-0121,storage,488.17
2026-02,ws-0068,storage,24.29
2026-02,ws-0018,ai_tokens,64.57
2025-01,ws-0013,ai_tokens,1.94
2024-08,ws-0031,ai_tokens,7.71
2025-09,ws-0104,compute,181.13
2024-05,ws-0034,egress,108.39
2025-11,ws-0038,compute,185.87
2025-07,ws-0032,egress,3.85
2025-11,ws-0118,ai_tokens,99.81
2025-02,ws-0072,egress,42.99
2025-03,ws-0016,egress,7.29
2025-01,ws-0044,storage,94.41
2026-02,ws-0109,ai_tokens,13.95
2026-04,ws-0032,compute,17.15
2024-05,ws-0058,compute,69.24
2024-10,ws-0073,storage,13.61
2025-07,ws-0047,egress,2.86
2024-11,ws-0107,compute,29.48
2025-06,ws-0132,compute,346.73
2024-05,ws-0044,compute,223.93
2025-08,ws-0055,storage,58.23
2025-11,ws-0020,ai_tokens,57.34
2026-04,ws-0118,storage,192.81
2026-03,ws-0096,compute,143.60
2024-08,ws-0005,ai_tokens,0.42
2026-04,ws-0030,compute,41.79
2025-03,ws-0041,ai_tokens,16.22
2025-01,ws-0096,storage,45.44
2026-03,ws-0047,storage,5.72
2025-01,ws-0018,storage,58.67
2025-06,ws-0103,ai_tokens,5.04
2025-12,ws-0058,egress,12.20
2026-04,ws-0134,storage,197.49
2024-08,ws-0096,storage,49.38
2025-05,ws-0070,compute,98.97
2024-10,ws-0033,compute,240.90
2024-02,ws-0068,egress,8.35
2025-09,ws-0034,compute,340.03
2026-05,ws-0033,storage,107.58
2025-11,ws-0052,ai_tokens,3.69
2024-01,ws-0031,storage,58.56
2025-09,ws-0120,compute,155.85
2026-05,ws-0091,storage,16.62
2025-12,ws-0121,storage,430.60
2026-01,ws-0075,egress,9.82
2026-01,ws-0098,ai_tokens,7.05
2024-07,ws-0086,storage,13.34
2024-11,ws-0112,ai_tokens,87.48
2024-05,ws-0117,egress,22.52
2025-11,ws-0037,egress,42.62
2024-02,ws-0125,compute,289.69
2026-03,ws-0123,egress,79.65
2026-01,ws-0056,egress,3.10
2026-01,ws-0076,storage,32.04
2024-08,ws-0057,compute,69.78
2025-12,ws-0040,compute,22.14
2024-09,ws-0043,compute,582.12
2024-07,ws-0017,egress,142.27
2024-05,ws-0017,egress,141.09
2026-04,ws-0067,storage,20.52
2026-01,ws-0045,storage,67.01
2025-03,ws-0104,egress,42.85
2024-11,ws-0112,compute,893.91
2026-04,ws-0019,egress,49.52
2025-05,ws-0094,storage,11.39
2026-06,ws-0133,compute,820.66
2026-03,ws-0131,egress,244.06
2024-08,ws-0015,compute,207.18
2026-04,ws-0126,compute,686.97
2024-08,ws-0061,egress,18.84
2025-09,ws-0123,storage,116.97
2026-05,ws-0111,ai_tokens,80.61
2025-10,ws-0035,compute,36.95
2024-10,ws-0067,storage,17.74
2024-05,ws-0047,egress,2.89
2026-06,ws-0046,egress,22.50
2026-02,ws-0053,ai_tokens,2.29
2025-04,ws-0131,ai_tokens,143.11
2025-04,ws-0102,storage,193.53
2026-03,ws-0047,ai_tokens,4.62
2026-04,ws-0080,ai_tokens,4.36
2024-05,ws-0001,compute,553.17
2024-09,ws-0104,ai_tokens,12.31
2024-05,ws-0080,compute,8.58
2024-06,ws-0128,egress,234.12
2024-12,ws-0125,egress,75.09
2025-05,ws-0068,egress,10.21
2025-11,ws-0007,storage,460.52
2024-04,ws-0005,storage,3.46
2026-02,ws-0102,ai_tokens,254.84
2024-06,ws-0072,ai_tokens,7.75
2026-04,ws-0022,storage,10.85
2024-06,ws-0090,egress,36.15
2024-09,ws-0081,storage,3.29
2025-11,ws-0106,egress,17.91
2025-08,ws-0121,egress,257.25
2024-12,ws-0035,ai_tokens,3.41
2026-05,ws-0134,ai_tokens,154.94
2024-09,ws-0047,egress,2.78
2024-09,ws-0125,compute,292.13
2026-03,ws-0129,egress,62.26
2025-11,ws-0088,ai_tokens,129.96
2025-06,ws-0032,egress,3.72
2025-12,ws-0127,egress,144.05
2024-12,ws-0122,egress,264.28
2026-05,ws-0086,egress,8.76
2026-03,ws-0110,compute,38.82
2025-06,ws-0072,ai_tokens,30.33
2025-10,ws-0051,compute,185.46
2025-10,ws-0057,ai_tokens,13.22
2024-12,ws-0085,ai_tokens,2.95
2025-10,ws-0122,compute,1249.63
2024-08,ws-0017,ai_tokens,47.02
2026-06,ws-0034,storage,177.93
2026-01,ws-0072,ai_tokens,40.52
2025-11,ws-0101,egress,19.66
2024-11,ws-0008,egress,7.59
2024-12,ws-0117,egress,33.36
2025-12,ws-0128,storage,472.71
2024-07,ws-0126,egress,198.79
2026-03,ws-0131,compute,707.64
2025-08,ws-0057,compute,54.78
2025-05,ws-0007,storage,427.62
2024-11,ws-0012,storage,52.59
2025-08,ws-0132,ai_tokens,42.14
2026-03,ws-0017,storage,270.04
2026-06,ws-0096,egress,32.11
2025-07,ws-0118,ai_tokens,46.54
2024-11,ws-0038,ai_tokens,10.39
2024-06,ws-0134,ai_tokens,18.07
2024-07,ws-0112,egress,144.79
2026-06,ws-0091,ai_tokens,24.03
2026-01,ws-0006,storage,104.97
2025-07,ws-0029,compute,17.58
2026-05,ws-0036,egress,4.70
2024-12,ws-0120,storage,41.32
2026-04,ws-0040,ai_tokens,8.57
2024-05,ws-0131,storage,283.58
2024-12,ws-0033,storage,100.06
2024-08,ws-0062,ai_tokens,10.79
2026-04,ws-0111,storage,129.41
2025-06,ws-0033,storage,85.36
2025-08,ws-0013,egress,5.07
2024-04,ws-0026,compute,16.50
2025-09,ws-0029,compute,21.46
2025-05,ws-0099,compute,941.47
2026-05,ws-0030,storage,24.53
2026-06,ws-0134,ai_tokens,101.09
2026-05,ws-0120,storage,72.57
2026-03,ws-0050,egress,9.81
2026-04,ws-0042,compute,213.17
2024-03,ws-0031,egress,34.13
2025-04,ws-0132,storage,108.25
2025-04,ws-0131,storage,387.07
2025-11,ws-0074,compute,102.31
2026-06,ws-0090,ai_tokens,70.34
2024-04,ws-0084,compute,39.76
2025-11,ws-0075,egress,10.17
2026-04,ws-0031,egress,33.80
2026-06,ws-0001,storage,350.35
2025-05,ws-0120,storage,51.56
2025-09,ws-0039,compute,82.78
2025-03,ws-0117,egress,30.08
2025-06,ws-0075,ai_tokens,5.84
2025-06,ws-0013,compute,26.85
2024-11,ws-0031,compute,127.32
2025-10,ws-0054,compute,10.85
2024-07,ws-0128,compute,1313.69
2025-09,ws-0079,storage,13.39
2026-05,ws-0129,ai_tokens,87.90
2025-05,ws-0005,ai_tokens,1.94
2024-06,ws-0094,compute,22.82
2025-08,ws-0128,ai_tokens,226.30
2024-06,ws-0057,ai_tokens,2.96
2024-04,ws-0120,compute,113.66
2024-07,ws-0107,compute,29.68
2025-01,ws-0125,egress,62.75
2025-06,ws-0135,storage,231.46
2026-05,ws-0046,compute,80.40
2024-03,ws-0074,egress,27.40
2025-07,ws-0117,storage,57.53
2026-03,ws-0082,compute,9.75
2026-02,ws-0066,compute,51.40
2025-06,ws-0070,storage,32.48
2026-05,ws-0021,ai_tokens,10.02
2025-09,ws-0035,storage,18.71
2026-06,ws-0065,ai_tokens,50.43
2025-01,ws-0082,compute,8.27
2024-10,ws-0029,compute,23.80
2026-03,ws-0014,ai_tokens,115.73
2024-11,ws-0121,ai_tokens,78.37
2024-12,ws-0054,storage,4.46
2026-03,ws-0130,storage,154.70
2025-08,ws-0129,egress,54.09
2024-10,ws-0026,egress,4.24
2024-11,ws-0008,ai_tokens,4.00
2025-07,ws-0105,ai_tokens,12.47
2024-12,ws-0075,compute,52.80
2025-03,ws-0064,storage,249.21
2025-08,ws-0005,compute,11.61
2026-06,ws-0065,egress,36.65
2025-09,ws-0132,storage,109.30
2024-08,ws-0090,compute,167.41
2025-02,ws-0133,storage,339.76
2025-05,ws-0128,storage,620.05
2025-08,ws-0044,storage,101.84
2025-01,ws-0124,storage,374.19
2024-08,ws-0057,storage,25.67
2025-11,ws-0131,storage,433.15
2025-10,ws-0050,egress,6.90
2026-03,ws-0118,ai_tokens,141.40
2024-12,ws-0134,compute,300.30
2026-04,ws-0029,storage,8.52
2024-01,ws-0128,storage,342.01
2025-10,ws-0049,storage,4.89
2025-10,ws-0045,egress,29.05
2024-08,ws-0043,ai_tokens,43.26
2025-02,ws-0045,compute,138.47
2025-04,ws-0096,ai_tokens,9.87
2026-02,ws-0065,storage,62.26
2025-07,ws-0074,storage,41.86
2024-02,ws-0017,egress,130.38
2024-11,ws-0001,ai_tokens,44.53
2025-01,ws-0051,storage,73.45
2025-05,ws-0103,ai_tokens,2.13
2025-03,ws-0070,storage,32.63
2024-10,ws-0082,ai_tokens,0.65
2025-08,ws-0081,ai_tokens,2.10
2024-07,ws-0124,ai_tokens,61.58
2025-05,ws-0075,compute,45.07
2024-04,ws-0061,egress,18.40
2025-11,ws-0048,compute,10.71
2026-03,ws-0083,egress,4.53
2026-05,ws-0071,compute,107.73
2024-09,ws-0041,compute,111.98
2026-04,ws-0059,egress,33.33
2024-10,ws-0082,egress,1.66
2026-03,ws-0065,egress,33.38
2026-05,ws-0124,egress,225.01
2026-02,ws-0049,compute,13.88
2024-03,ws-0135,egress,135.44
2025-01,ws-0132,storage,104.38
2024-09,ws-0099,compute,803.51
2024-06,ws-0103,egress,4.60
2024-11,ws-0128,compute,1496.67
2025-03,ws-0049,compute,10.20
2026-04,ws-0043,ai_tokens,296.83
2025-01,ws-0072,ai_tokens,26.11
2026-04,ws-0053,storage,6.02
2025-03,ws-0133,ai_tokens,121.22
2025-11,ws-0058,ai_tokens,17.38
2024-10,ws-0057,ai_tokens,6.46
2025-02,ws-0007,storage,435.60
2025-02,ws-0102,egress,117.37
2024-09,ws-0035,egress,9.64
2026-04,ws-0044,compute,245.18
2024-02,ws-0059,compute,130.37
2025-02,ws-0066,storage,14.05
2026-02,ws-0035,egress,11.96
2026-05,ws-0099,compute,1003.35
2024-11,ws-0034,egress,80.33
2024-10,ws-0008,ai_tokens,1.96
2026-05,ws-0112,ai_tokens,248.18
2024-08,ws-0075,storage,17.87
2025-02,ws-0086,storage,17.06
2024-07,ws-0128,storage,411.73
2025-01,ws-0005,storage,3.85
2026-06,ws-0029,ai_tokens,8.20
2025-03,ws-0081,egress,1.95
2024-07,ws-0073,storage,12.72
2025-11,ws-0128,compute,1144.96
2026-05,ws-0096,storage,56.25
2024-06,ws-0026,compute,18.34
2026-03,ws-0065,storage,58.82
2026-05,ws-0013,storage,9.31
2026-04,ws-0088,compute,372.99
2026-04,ws-0002,compute,898.58
2024-12,ws-0132,ai_tokens,35.55
2025-06,ws-0013,storage,10.69
2025-07,ws-0013,compute,25.16
2025-04,ws-0008,ai_tokens,3.40
2024-12,ws-0084,ai_tokens,3.65
2024-06,ws-0133,egress,227.48
2025-11,ws-0029,compute,20.33
2025-08,ws-0135,compute,631.75
2026-03,ws-0013,storage,12.38
2026-02,ws-0042,ai_tokens,71.28
2025-11,ws-0054,ai_tokens,2.59
2024-09,ws-0054,egress,2.51
2024-03,ws-0008,compute,32.60
2026-01,ws-0130,egress,71.06
2024-03,ws-0107,compute,33.60
2025-01,ws-0112,egress,199.91
2025-04,ws-0125,storage,103.74
2024-03,ws-0066,egress,10.72
2024-11,ws-0079,egress,6.92
2026-02,ws-0046,storage,38.32
2025-12,ws-0129,egress,64.92
2024-02,ws-0031,compute,144.95
2024-05,ws-0126,storage,231.85
2025-03,ws-0007,ai_tokens,157.38
2026-06,ws-0125,storage,152.29
2026-03,ws-0056,storage,5.82
2024-06,ws-0135,ai_tokens,40.77
2026-04,ws-0002,storage,445.13
2026-02,ws-0042,egress,49.96
2024-07,ws-0001,ai_tokens,48.38
2026-06,ws-0042,egress,45.83
2026-04,ws-0048,egress,3.46
2024-09,ws-0124,compute,1105.27
2026-02,ws-0109,storage,15.35
2025-02,ws-0103,compute,29.70
2025-09,ws-0032,egress,4.25
2026-02,ws-0083,egress,3.55
2026-02,ws-0103,ai_tokens,10.03
2025-06,ws-0072,egress,48.12
2024-08,ws-0053,ai_tokens,0.74
2024-08,ws-0101,storage,38.85
2025-09,ws-0082,storage,3.91
2024-05,ws-0086,compute,31.99
2024-06,ws-0123,ai_tokens,13.34
2024-11,ws-0072,egress,37.75
2024-07,ws-0112,ai_tokens,38.28
2025-11,ws-0112,ai_tokens,235.35
2026-06,ws-0017,compute,715.39
2025-10,ws-0126,storage,418.23
2026-04,ws-0043,egress,143.75
2024-05,ws-0068,compute,45.71
2024-09,ws-0085,egress,9.70
2024-09,ws-0130,compute,351.70
2026-06,ws-0053,storage,6.29
2025-06,ws-0074,compute,109.42
2025-05,ws-0099,egress,174.73
2024-06,ws-0133,ai_tokens,57.95
2024-10,ws-0121,storage,353.97
2024-02,ws-0054,compute,12.23
2026-05,ws-0108,egress,29.12
2025-04,ws-0099,egress,206.19
2025-03,ws-0045,egress,27.25
2026-04,ws-0097,egress,31.62
2026-02,ws-0098,ai_tokens,8.27
2024-07,ws-0033,compute,227.70
2025-04,ws-0127,egress,124.33
2025-09,ws-0059,egress,27.87
2026-03,ws-0043,storage,239.48
2025-07,ws-0035,compute,50.66
2025-05,ws-0101,egress,20.87
2026-05,ws-0005,compute,11.60
2026-06,ws-0103,egress,6.88
2024-12,ws-0058,ai_tokens,7.23
2024-02,ws-0031,egress,38.73
2024-10,ws-0062,compute,142.82
2024-10,ws-0081,compute,11.10
2024-04,ws-0044,storage,101.15
2026-01,ws-0085,compute,41.52
2026-01,ws-0107,ai_tokens,12.67
2024-09,ws-0130,storage,126.21
2024-12,ws-0008,egress,8.76
2025-09,ws-0030,ai_tokens,13.11
2024-08,ws-0012,ai_tokens,12.37
2025-12,ws-0043,ai_tokens,86.40
2025-07,ws-0029,egress,4.80
2024-02,ws-0026,egress,2.96
2024-03,ws-0135,storage,192.64
2024-04,ws-0076,egress,16.19
2026-05,ws-0006,compute,222.08
2025-09,ws-0059,ai_tokens,34.91
2026-06,ws-0121,compute,1287.41
2025-03,ws-0045,ai_tokens,17.51
2025-07,ws-0126,ai_tokens,111.71
2025-06,ws-0055,egress,31.60
2024-06,ws-0038,egress,30.61
2026-03,ws-0074,storage,46.05
2025-07,ws-0066,storage,19.84
2026-01,ws-0008,storage,18.17
2026-05,ws-0064,compute,461.16
2025-10,ws-0124,storage,537.88
2025-02,ws-0128,compute,1416.96
2024-06,ws-0058,compute,64.17
2025-08,ws-0130,compute,427.02
2025-02,ws-0102,ai_tokens,74.03
2025-11,ws-0083,storage,7.40
2025-05,ws-0044,compute,252.03
2025-09,ws-0026,compute,15.50
2026-01,ws-0008,compute,47.06
2024-06,ws-0033,compute,248.87
2026-02,ws-0002,egress,287.41
2025-03,ws-0033,compute,241.77
2025-09,ws-0094,ai_tokens,4.21
2025-10,ws-0104,storage,87.01
2024-09,ws-0081,egress,2.24
2025-12,ws-0032,compute,18.00
2024-06,ws-0085,egress,9.56
2025-09,ws-0063,compute,16.51
2025-02,ws-0101,storage,30.64
2026-02,ws-0098,egress,9.53
2025-06,ws-0125,ai_tokens,60.60
2025-01,ws-0073,storage,11.73
2025-02,ws-0007,compute,827.42
2025-03,ws-0132,storage,139.32
2024-03,ws-0059,egress,26.06
2026-03,ws-0087,egress,107.71
2024-09,ws-0131,compute,753.93
2025-03,ws-0057,egress,15.29
2025-06,ws-0120,egress,24.80
2025-10,ws-0101,ai_tokens,24.60
2025-06,ws-0034,ai_tokens,94.44
2025-06,ws-0079,compute,36.91
2024-09,ws-0086,compute,42.36
2025-11,ws-0094,ai_tokens,7.93
2025-03,ws-0122,egress,235.77
2024-04,ws-0017,egress,143.07
2025-10,ws-0053,compute,13.65
2025-01,ws-0102,compute,580.96
2025-12,ws-0120,storage,50.04
2025-12,ws-0076,compute,70.40
2026-03,ws-0033,compute,223.44
2025-01,ws-0112,storage,266.81
2024-08,ws-0069,storage,58.10
2026-04,ws-0028,ai_tokens,51.35
2026-02,ws-0049,ai_tokens,2.38
2026-02,ws-0123,compute,316.10
2025-03,ws-0128,egress,339.96
2025-03,ws-0121,ai_tokens,195.17
2024-02,ws-0068,compute,40.33
2024-09,ws-0057,compute,59.65
2025-04,ws-0127,storage,197.83
2026-02,ws-0064,egress,145.03
2026-06,ws-0014,egress,56.43
2024-01,ws-0120,storage,31.46
2026-01,ws-0074,egress,28.85
2024-02,ws-0081,storage,2.55
2025-06,ws-0117,storage,60.59
2025-01,ws-0134,ai_tokens,47.76
2026-02,ws-0021,ai_tokens,7.71
2025-10,ws-0067,egress,10.98
2025-11,ws-0049,ai_tokens,1.78
2025-02,ws-0086,ai_tokens,4.49
2025-07,ws-0044,storage,122.16
2026-01,ws-0130,compute,342.03
2025-10,ws-0129,egress,47.79
2025-11,ws-0104,ai_tokens,74.73
2024-05,ws-0053,egress,1.94
2024-12,ws-0049,storage,4.27
2026-03,ws-0090,storage,54.28
2025-12,ws-0132,storage,156.00
2025-04,ws-0059,ai_tokens,12.30
2025-02,ws-0038,compute,189.33
2026-01,ws-0133,egress,192.30
2026-06,ws-0104,compute,256.24
2026-02,ws-0058,storage,31.38
2025-12,ws-0015,ai_tokens,52.84
2026-05,ws-0079,storage,14.85
2026-04,ws-0110,compute,38.14
2024-08,ws-0131,compute,673.94
2025-12,ws-0106,egress,14.02
2025-01,ws-0131,ai_tokens,73.16
2026-04,ws-0063,ai_tokens,6.99
2025-05,ws-0106,ai_tokens,10.69
2026-01,ws-0026,storage,7.08
2026-06,ws-0024,compute,573.21
2026-05,ws-0005,egress,2.36
2025-08,ws-0043,ai_tokens,60.73
2024-12,ws-0031,storage,46.32
2025-02,ws-0132,egress,79.61
2024-04,ws-0057,egress,12.75
2024-08,ws-0073,ai_tokens,1.23
2024-07,ws-0033,storage,85.76
2024-10,ws-0057,compute,70.13
2024-10,ws-0058,ai_tokens,5.84
2026-06,ws-0106,egress,18.05
2024-01,ws-0090,egress,33.14
2025-05,ws-0134,storage,111.91
2024-11,ws-0005,storage,3.57
2024-03,ws-0123,storage,88.83
2024-07,ws-0072,compute,198.70
2024-10,ws-0099,compute,662.85
2026-01,ws-0073,storage,15.87
2024-04,ws-0135,egress,97.82
2024-07,ws-0040,compute,21.63
2026-03,ws-0096,egress,25.57
2024-03,ws-0017,storage,232.63
2025-09,ws-0098,storage,16.53
2025-12,ws-0088,ai_tokens,144.30
2024-06,ws-0058,ai_tokens,2.80
2026-02,ws-0018,compute,138.37
2025-08,ws-0112,compute,917.05
2024-05,ws-0044,storage,72.18
2024-11,ws-0094,compute,20.12
2026-06,ws-0075,compute,43.63
2024-10,ws-0058,storage,21.65
2025-12,ws-0058,storage,27.89
2025-02,ws-0090,compute,136.25
2024-02,ws-0129,egress,49.40
2026-04,ws-0004,compute,56.35
2025-04,ws-0017,egress,120.13
2025-11,ws-0041,compute,110.32
2025-12,ws-0130,storage,187.70
2026-04,ws-0051,storage,111.25
2026-05,ws-0080,storage,3.83
2026-05,ws-0060,storage,18.46
2024-12,ws-0015,egress,45.99
2025-05,ws-0096,egress,27.09
2025-04,ws-0129,storage,87.38
2024-03,ws-0122,compute,1286.02
2025-10,ws-0018,storage,70.19
2026-03,ws-0124,egress,204.96
2025-09,ws-0066,egress,12.65
2024-11,ws-0101,storage,31.45
2026-02,ws-0125,storage,119.20
2025-06,ws-0028,egress,25.21
2026-02,ws-0061,compute,64.96
2025-08,ws-0107,compute,31.66
2025-01,ws-0015,compute,239.15
2025-12,ws-0029,storage,7.29
2025-07,ws-0125,egress,63.22
2026-06,ws-0127,storage,225.23
2025-04,ws-0002,ai_tokens,135.82
2025-09,ws-0107,compute,34.37
2025-07,ws-0105,compute,58.78
2024-12,ws-0067,storage,15.85
2025-08,ws-0060,storage,14.18
2024-10,ws-0043,ai_tokens,28.85
2025-03,ws-0085,compute,38.96
2026-03,ws-0020,storage,106.68
2026-03,ws-0057,egress,15.05
2025-12,ws-0123,ai_tokens,85.87
2024-11,ws-0117,storage,54.40
2025-06,ws-0129,compute,216.16
2026-01,ws-0063,ai_tokens,5.00
2025-01,ws-0075,egress,9.28
2024-08,ws-0129,egress,52.48
2024-09,ws-0066,ai_tokens,3.48
2024-03,ws-0067,egress,9.47
2025-04,ws-0102,egress,160.76
2025-11,ws-0037,ai_tokens,52.18
2025-06,ws-0032,ai_tokens,2.03
2024-12,ws-0072,ai_tokens,22.24
2025-02,ws-0008,ai_tokens,3.13
2024-02,ws-0032,compute,14.96
2026-03,ws-0078,egress,29.10
2026-04,ws-0064,storage,302.59
2025-04,ws-0001,egress,170.98
2026-06,ws-0006,egress,42.40
2026-03,ws-0013,compute,24.79
2026-06,ws-0015,compute,294.15
2024-11,ws-0028,egress,24.63
2025-02,ws-0051,compute,160.50
2024-09,ws-0112,compute,763.93
2024-11,ws-0016,compute,22.70
2026-01,ws-0056,compute,14.48
2024-06,ws-0048,egress,2.24
2026-06,ws-0022,storage,11.23
2025-05,ws-0055,egress,33.72
2025-11,ws-0047,ai_tokens,3.91
2025-02,ws-0054,egress,2.53
2026-06,ws-0019,ai_tokens,86.08
2026-02,ws-0004,storage,22.46
2026-02,ws-0105,ai_tokens,14.87
2024-03,ws-0085,egress,6.79
2026-06,ws-0120,ai_tokens,77.82
2025-09,ws-0070,storage,33.07
2026-04,ws-0064,ai_tokens,199.90
2024-04,ws-0133,storage,370.73
2025-01,ws-0032,ai_tokens,1.70
2026-02,ws-0013,compute,25.39
2024-06,ws-0104,egress,39.18
2026-06,ws-0016,egress,6.40
2025-07,ws-0005,storage,3.39
2026-02,ws-0117,storage,47.11
2026-04,ws-0001,storage,292.19
2026-04,ws-0052,egress,5.01
2024-09,ws-0124,ai_tokens,91.07
2025-07,ws-0070,compute,90.01
2024-04,ws-0129,compute,244.52
2024-03,ws-0104,egress,49.20
2024-05,ws-0062,egress,34.64
2025-07,ws-0080,storage,3.56
2025-10,ws-0077,ai_tokens,286.99
2024-06,ws-0033,storage,87.34
2025-11,ws-0104,compute,207.66
2024-12,ws-0127,storage,232.51
2025-11,ws-0019,storage,102.96
2024-12,ws-0074,storage,33.14
2024-09,ws-0127,egress,122.73
2025-06,ws-0050,ai_tokens,4.30
2024-07,ws-0104,compute,260.08
2025-11,ws-0054,compute,13.61
2026-03,ws-0055,egress,39.88
2025-09,ws-0017,egress,136.90
2026-04,ws-0021,ai_tokens,6.12
2024-07,ws-0048,storage,3.38
2026-06,ws-0008,storage,19.15
2025-03,ws-0018,compute,129.89
2026-02,ws-0095,egress,33.14
2024-10,ws-0059,storage,47.29
2026-03,ws-0022,compute,18.85
2025-02,ws-0084,compute,42.30
2024-12,ws-0066,ai_tokens,2.48
2025-04,ws-0054,compute,11.89
2025-08,ws-0048,ai_tokens,1.75
2025-12,ws-0110,storage,14.70
2026-01,ws-0007,ai_tokens,349.42
2024-05,ws-0102,egress,136.15
2026-04,ws-0082,compute,10.27
2024-11,ws-0074,storage,43.95
2025-08,ws-0104,ai_tokens,56.39
2025-07,ws-0128,ai_tokens,198.11
2025-02,ws-0043,ai_tokens,63.28
2025-02,ws-0125,storage,124.49
2025-07,ws-0130,egress,103.36
2026-03,ws-0033,ai_tokens,116.96
2026-03,ws-0052,compute,19.78
2025-07,ws-0102,storage,240.52
2025-11,ws-0027,storage,11.82
2025-05,ws-0090,ai_tokens,28.63
2024-12,ws-0072,egress,37.56
2024-04,ws-0059,compute,120.27
2025-02,ws-0040,compute,20.00
2024-10,ws-0081,ai_tokens,0.87
2025-08,ws-0103,storage,11.02
2024-09,ws-0090,egress,29.13
2025-09,ws-0068,egress,10.39
2025-01,ws-0132,egress,65.88
2025-07,ws-0039,compute,81.68
2026-04,ws-0092,ai_tokens,18.51
2026-03,ws-0112,ai_tokens,372.36
2024-10,ws-0117,egress,22.61
2026-02,ws-0101,ai_tokens,34.92
2026-01,ws-0133,storage,351.75
2025-08,ws-0124,storage,497.83
2026-04,ws-0128,compute,1316.98
2026-05,ws-0062,storage,89.96
2026-06,ws-0046,storage,47.62
2024-10,ws-0079,ai_tokens,2.37
2026-03,ws-0063,egress,4.27
2024-11,ws-0121,compute,1294.10
2026-01,ws-0048,storage,5.53
2025-05,ws-0034,egress,97.28
2024-03,ws-0082,storage,3.72
2025-11,ws-0077,ai_tokens,288.47
2024-09,ws-0047,ai_tokens,0.62
2025-12,ws-0106,compute,69.49
2025-04,ws-0079,ai_tokens,3.93
2026-03,ws-0015,storage,108.62
2024-09,ws-0016,ai_tokens,2.07
2026-01,ws-0131,storage,356.61
2026-03,ws-0007,storage,528.66
2024-06,ws-0076,compute,67.60
2026-06,ws-0118,storage,214.48
2025-02,ws-0086,egress,8.31
2026-01,ws-0054,egress,2.36
2024-04,ws-0081,storage,3.72
2025-12,ws-0027,egress,6.26
2026-01,ws-0061,compute,100.53
2026-04,ws-0134,compute,415.84
2026-03,ws-0123,storage,109.01
2024-07,ws-0118,ai_tokens,14.01
2024-10,ws-0028,compute,120.91
2024-08,ws-0047,storage,3.26
2026-01,ws-0098,compute,31.39
2024-07,ws-0099,ai_tokens,49.74
2025-07,ws-0054,egress,2.65
2025-07,ws-0075,compute,44.86
2025-07,ws-0134,egress,91.60
2025-08,ws-0049,storage,5.81
2025-12,ws-0051,ai_tokens,43.25
2026-02,ws-0103,egress,6.90
2025-12,ws-0085,compute,36.20
2026-04,ws-0050,storage,16.36
2026-05,ws-0002,egress,203.31
2026-01,ws-0120,ai_tokens,43.25
2026-06,ws-0047,egress,3.25
2025-10,ws-0105,egress,16.51
2026-03,ws-0104,storage,108.33
2024-11,ws-0103,compute,24.38
2025-02,ws-0049,ai_tokens,1.63
2025-02,ws-0016,ai_tokens,1.99
2024-12,ws-0101,compute,107.27
2025-02,ws-0069,egress,45.02
2025-11,ws-0052,compute,23.25
2024-05,ws-0062,compute,211.08
2025-10,ws-0075,storage,16.83
2025-02,ws-0081,ai_tokens,0.89
2025-02,ws-0082,egress,2.17
2026-03,ws-0097,storage,57.33
2024-08,ws-0016,egress,5.56
2026-01,ws-0053,egress,2.13
2026-02,ws-0043,compute,513.29
2025-05,ws-0053,storage,3.61
2024-12,ws-0130,ai_tokens,33.96
2024-07,ws-0059,ai_tokens,9.07
2024-07,ws-0086,egress,8.79
2024-11,ws-0096,storage,55.65
2025-10,ws-0002,storage,551.73
2025-06,ws-0122,egress,283.24
2024-11,ws-0121,egress,297.93
2026-03,ws-0017,compute,717.30
2024-04,ws-0031,compute,172.21
2024-02,ws-0053,compute,11.14
2025-04,ws-0127,compute,562.86
2025-12,ws-0122,ai_tokens,483.08
2025-03,ws-0126,compute,994.77
2024-01,ws-0121,storage,362.62
2024-08,ws-0041,ai_tokens,6.54
2026-06,ws-0036,egress,4.96
2024-01,ws-0129,compute,232.61
2024-02,ws-0134,egress,86.69
2025-07,ws-0040,compute,19.20
2025-03,ws-0120,egress,28.11
2024-06,ws-0061,ai_tokens,4.21
2025-09,ws-0126,ai_tokens,120.21
2025-01,ws-0120,storage,40.42
2025-06,ws-0063,ai_tokens,2.49
2024-08,ws-0122,egress,327.80
2024-09,ws-0028,egress,17.55
2025-07,ws-0008,egress,9.64
2024-03,ws-0128,egress,326.23
2025-08,ws-0073,egress,6.96
2024-04,ws-0080,compute,9.14
2024-07,ws-0058,ai_tokens,4.08
2024-12,ws-0124,ai_tokens,73.69
2024-03,ws-0048,egress,2.31
2024-10,ws-0048,compute,12.40
2024-07,ws-0094,egress,4.34
2025-11,ws-0120,compute,111.56
2025-03,ws-0005,ai_tokens,1.06
2024-08,ws-0102,compute,629.57
2024-07,ws-0096,egress,28.57
2025-08,ws-0090,storage,62.78
2024-12,ws-0057,ai_tokens,5.95
2024-07,ws-0062,egress,36.89
2026-06,ws-0017,storage,283.05
2025-02,ws-0026,ai_tokens,2.33
2024-03,ws-0061,egress,13.75
2024-11,ws-0012,egress,29.26
2025-11,ws-0106,ai_tokens,15.30
2024-10,ws-0055,egress,32.38
2026-05,ws-0032,storage,8.47
2026-05,ws-0063,ai_tokens,5.72
2024-10,ws-0031,compute,175.36
2024-01,ws-0061,egress,19.74
2025-06,ws-0105,egress,12.36
2025-03,ws-0129,ai_tokens,35.36
2025-03,ws-0104,compute,217.21
2025-03,ws-0012,storage,70.45
2024-03,ws-0032,egress,3.34
2025-10,ws-0131,ai_tokens,263.76
2025-11,ws-0044,storage,116.72
2025-09,ws-0027,ai_tokens,5.48
2024-08,ws-0033,compute,266.16
2026-04,ws-0015,ai_tokens,121.97
2024-12,ws-0121,storage,357.75
2024-06,ws-0061,compute,76.34
2026-06,ws-0058,ai_tokens,39.94
2024-12,ws-0135,egress,142.66
2025-03,ws-0103,ai_tokens,4.00
2024-02,ws-0131,compute,715.38
2024-12,ws-0120,egress,30.73
2025-04,ws-0064,compute,643.94
2025-09,ws-0068,storage,22.37
2024-02,ws-0034,egress,70.17
2025-04,ws-0129,egress,55.78
2025-04,ws-0069,egress,33.01
2025-11,ws-0076,compute,77.52
2024-07,ws-0057,storage,24.66
2025-01,ws-0069,ai_tokens,18.44
2026-06,ws-0056,compute,11.11
2025-10,ws-0053,ai_tokens,3.04
2024-12,ws-0068,compute,42.14
2025-12,ws-0069,ai_tokens,41.57
2025-08,ws-0110,storage,15.08
2026-02,ws-0088,storage,216.62
2024-05,ws-0045,storage,35.16
2025-08,ws-0118,egress,103.78
2026-06,ws-0129,storage,143.26
2024-05,ws-0084,egress,9.46
2025-07,ws-0005,compute,10.97
2025-12,ws-0053,storage,4.90
2024-04,ws-0053,compute,8.55
2026-05,ws-0009,ai_tokens,6.49
2024-12,ws-0086,compute,33.33
2025-07,ws-0063,egress,3.48
2024-08,ws-0048,ai_tokens,0.55
2025-05,ws-0001,storage,295.27
2025-04,ws-0049,compute,9.81
2026-02,ws-0130,egress,76.85
2026-04,ws-0060,ai_tokens,20.71
2025-04,ws-0090,compute,137.17
2024-11,ws-0059,egress,37.53
2025-11,ws-0031,storage,84.35
2025-09,ws-0002,storage,530.16
2025-04,ws-0079,compute,26.87
2025-10,ws-0075,compute,52.27
2025-10,ws-0055,compute,115.28
2024-04,ws-0112,egress,196.83
2026-03,ws-0054,ai_tokens,4.87
2024-08,ws-0059,egress,32.00
2025-03,ws-0102,compute,459.10
2024-09,ws-0031,compute,167.75
2025-08,ws-0040,compute,28.64
2024-11,ws-0127,egress,123.93
2026-05,ws-0075,ai_tokens,11.94
2024-11,ws-0080,storage,2.86
2025-09,ws-0050,egress,8.12
2024-01,ws-0090,compute,165.09
2024-10,ws-0015,egress,54.87
2026-05,ws-0061,storage,46.39
2024-11,ws-0057,egress,12.67
2025-01,ws-0080,storage,4.37
2026-04,ws-0087,egress,121.24
2025-11,ws-0108,egress,28.99
2024-06,ws-0044,ai_tokens,19.23
2025-01,ws-0090,ai_tokens,14.16
2025-11,ws-0066,compute,49.62
2024-04,ws-0062,compute,184.57
2026-05,ws-0045,compute,120.87
2026-02,ws-0022,compute,24.79
2025-11,ws-0084,ai_tokens,8.42
2025-07,ws-0049,egress,3.06
2026-03,ws-0112,compute,685.75
2025-08,ws-0006,ai_tokens,29.05
2026-04,ws-0104,storage,80.21
2025-08,ws-0002,storage,436.47
2025-01,ws-0134,egress,77.78
2025-02,ws-0126,ai_tokens,63.09
2025-02,ws-0112,egress,214.27
2025-03,ws-0131,compute,832.90
2024-04,ws-0026,egress,3.59
2026-02,ws-0108,ai_tokens,58.37
2024-11,ws-0049,compute,13.75
2025-02,ws-0034,storage,180.82
2024-10,ws-0112,storage,337.90
2024-06,ws-0034,storage,142.30
2025-12,ws-0071,storage,41.17
2025-05,ws-0063,storage,5.60
2026-05,ws-0108,storage,82.51
2024-05,ws-0059,egress,36.05
2024-12,ws-0031,egress,33.43
2025-11,ws-0055,storage,64.44
2024-06,ws-0067,egress,11.10
2026-01,ws-0059,storage,75.32
2025-06,ws-0104,storage,93.18
2026-06,ws-0027,storage,9.07
2026-03,ws-0094,ai_tokens,12.67
2025-03,ws-0126,egress,155.32
2026-01,ws-0016,compute,26.96
2026-05,ws-0009,compute,13.59
2026-05,ws-0075,egress,13.18
2025-05,ws-0043,ai_tokens,80.43
2024-10,ws-0112,ai_tokens,40.39
2024-09,ws-0017,egress,102.31
2025-08,ws-0029,storage,8.65
2026-01,ws-0038,ai_tokens,65.62
2024-11,ws-0084,storage,15.34
2025-06,ws-0105,compute,72.24
2025-08,ws-0026,egress,4.25
2026-05,ws-0134,storage,191.30
2026-06,ws-0048,storage,5.31
2026-06,ws-0036,ai_tokens,12.93
2026-05,ws-0050,compute,32.27
2024-03,ws-0044,compute,214.56
2025-05,ws-0029,storage,7.65
2024-01,ws-0013,egress,4.50
2024-08,ws-0028,egress,17.98
2024-03,ws-0058,egress,13.58
2025-06,ws-0077,storage,464.39
2026-01,ws-0051,egress,49.74
2025-11,ws-0073,compute,27.06
2026-05,ws-0027,storage,11.99
2024-02,ws-0008,storage,11.59
2025-06,ws-0051,egress,51.53
2026-04,ws-0123,storage,116.00
2025-12,ws-0084,ai_tokens,10.57
2025-12,ws-0037,egress,51.73
2026-06,ws-0021,storage,9.52
2024-09,ws-0059,egress,25.30
2025-12,ws-0041,ai_tokens,20.38
2024-12,ws-0001,ai_tokens,93.17
2026-03,ws-0070,storage,48.20
2026-03,ws-0104,egress,50.21
2024-05,ws-0126,compute,947.26
2024-09,ws-0074,ai_tokens,7.31
2024-02,ws-0061,storage,27.82
2026-02,ws-0072,compute,190.47
2026-03,ws-0006,compute,227.64
2025-11,ws-0059,egress,38.44
2025-06,ws-0090,ai_tokens,19.01
2024-01,ws-0085,egress,7.37
2025-05,ws-0069,egress,36.17
2024-05,ws-0133,egress,241.97
2025-04,ws-0033,egress,61.61
2025-01,ws-0084,egress,6.94
2024-04,ws-0102,egress,110.28
2026-05,ws-0078,storage,46.78
2024-09,ws-0090,storage,61.85
2025-09,ws-0131,egress,187.29
2025-11,ws-0112,storage,330.38
2025-01,ws-0099,storage,329.87
2024-05,ws-0001,storage,283.10
2026-02,ws-0124,compute,1075.25
2025-03,ws-0031,egress,43.18
2026-03,ws-0106,ai_tokens,23.24
2024-02,ws-0130,egress,78.78
2025-07,ws-0125,storage,103.56
2025-12,ws-0117,egress,25.44
2025-11,ws-0101,storage,43.79
2024-07,ws-0053,egress,2.33
2025-09,ws-0038,storage,59.23
2024-10,ws-0047,ai_tokens,0.96
2025-01,ws-0135,compute,596.63
2025-09,ws-0081,compute,7.77
2026-04,ws-0026,compute,19.12
2025-01,ws-0054,compute,12.31
2026-02,ws-0048,compute,11.86
2024-03,ws-0041,storage,41.34
2025-02,ws-0045,storage,49.78
2026-04,ws-0061,storage,38.33
2025-01,ws-0059,ai_tokens,19.88
2025-03,ws-0096,egress,26.17
2025-01,ws-0132,compute,256.31
2026-04,ws-0062,compute,164.49
2025-04,ws-0053,ai_tokens,1.56
2025-01,ws-0122,storage,557.17
2024-12,ws-0001,compute,613.81
2025-11,ws-0080,compute,9.36
2025-03,ws-0005,egress,2.55
2026-06,ws-0092,compute,43.15
2026-02,ws-0106,storage,33.58
2026-03,ws-0080,egress,1.90
2025-10,ws-0018,compute,129.89
2024-08,ws-0028,storage,41.27
2024-09,ws-0103,compute,27.98
2026-05,ws-0060,ai_tokens,19.41
2025-11,ws-0047,storage,5.22
2025-09,ws-0034,storage,159.15
2025-10,ws-0012,storage,67.35
2024-09,ws-0104,compute,190.68
2024-03,ws-0038,storage,42.84
2026-06,ws-0044,egress,73.06
2026-06,ws-0041,compute,127.90
2026-02,ws-0043,ai_tokens,242.18
2026-04,ws-0079,compute,34.89
2025-11,ws-0062,storage,91.97
2025-02,ws-0070,compute,69.86
2025-05,ws-0035,compute,47.39
2025-09,ws-0124,storage,412.97
2025-12,ws-0088,egress,121.96
2025-11,ws-0121,storage,500.66
2025-07,ws-0101,ai_tokens,12.65
2025-02,ws-0032,ai_tokens,2.22
2024-10,ws-0005,ai_tokens,0.69
2024-05,ws-0028,compute,103.94
2025-10,ws-0085,compute,39.92
2026-01,ws-0081,ai_tokens,2.69
2026-03,ws-0068,compute,52.29
2025-02,ws-0080,ai_tokens,0.97
2024-05,ws-0073,egress,8.17
2025-08,ws-0062,compute,162.20
2026-05,ws-0091,ai_tokens,23.46
2024-11,ws-0053,storage,3.77
2024-10,ws-0133,egress,221.71
2026-03,ws-0004,ai_tokens,24.61
2025-06,ws-0076,egress,13.35
2025-07,ws-0107,storage,17.69
2026-02,ws-0121,egress,338.84
2025-07,ws-0070,storage,30.10
2025-04,ws-0067,ai_tokens,3.51
2024-08,ws-0121,compute,1091.08
2025-05,ws-0018,compute,146.73
2024-06,ws-0121,storage,345.40
2025-04,ws-0101,egress,23.19
2026-01,ws-0088,storage,226.98
2025-12,ws-0087,storage,178.86
2026-02,ws-0104,compute,268.43
2024-07,ws-0133,compute,740.00
2025-06,ws-0134,compute,419.55
2024-07,ws-0066,ai_tokens,2.52
2024-05,ws-0055,storage,50.64
2026-06,ws-0091,storage,16.73
2026-02,ws-0027,ai_tokens,5.55
2026-06,ws-0119,egress,11.56
2025-10,ws-0005,storage,4.27
2025-07,ws-0038,egress,36.54
2024-12,ws-0053,ai_tokens,0.98
2026-03,ws-0095,compute,139.23
2024-07,ws-0069,storage,63.67
2024-11,ws-0082,ai_tokens,0.84
2025-02,ws-0059,ai_tokens,16.78
2026-03,ws-0124,storage,492.59
2025-07,ws-0069,ai_tokens,24.97
2025-01,ws-0135,ai_tokens,73.26
2026-01,ws-0065,compute,125.00
2024-12,ws-0069,storage,66.24
2024-12,ws-0070,egress,18.76
2025-05,ws-0016,egress,6.81
2024-04,ws-0082,compute,10.99
2025-03,ws-0081,storage,3.11
2025-11,ws-0133,ai_tokens,306.83
2026-05,ws-0056,compute,10.90
2024-10,ws-0066,ai_tokens,4.71
2026-06,ws-0097,storage,86.90
2025-09,ws-0134,storage,142.95
2025-09,ws-0079,compute,33.97
2026-03,ws-0052,ai_tokens,8.06
2024-11,ws-0026,compute,15.25
2024-11,ws-0125,egress,70.65
2025-10,ws-0128,egress,304.44
2024-02,ws-0073,storage,12.38
2026-04,ws-0037,storage,87.14
2026-03,ws-0135,egress,112.95
2026-03,ws-0027,egress,6.50
2026-06,ws-0063,compute,15.94
2026-03,ws-0095,ai_tokens,44.57
2025-06,ws-0084,storage,14.04
2025-07,ws-0015,storage,113.74
2025-06,ws-0051,compute,197.26
2026-05,ws-0104,ai_tokens,75.15
2025-11,ws-0128,egress,298.62
2026-06,ws-0085,ai_tokens,24.46
2025-05,ws-0066,compute,51.87
2025-06,ws-0080,ai_tokens,1.28
2025-08,ws-0108,egress,38.68
2025-07,ws-0064,compute,532.40
2024-07,ws-0067,storage,13.83
2025-06,ws-0129,storage,91.11
2024-10,ws-0101,ai_tokens,4.95
2025-10,ws-0034,ai_tokens,89.63
2025-02,ws-0005,egress,2.36
2026-02,ws-0006,compute,221.92
2024-09,ws-0015,storage,83.42
2024-05,ws-0038,compute,162.05
2025-06,ws-0068,compute,37.21
2025-02,ws-0015,ai_tokens,17.61
2024-08,ws-0067,compute,47.78
2025-03,ws-0102,egress,129.23
2024-10,ws-0085,compute,37.74
2024-03,ws-0028,egress,19.81
2025-01,ws-0082,ai_tokens,-0.19
2025-05,ws-0105,compute,52.68
2025-10,ws-0044,egress,73.68
2026-02,ws-0128,compute,1064.95
2025-12,ws-0130,ai_tokens,59.75
2024-07,ws-0040,egress,5.24
2025-12,ws-0056,ai_tokens,4.64
2026-05,ws-0072,egress,47.78
2026-04,ws-0086,egress,9.19
2025-05,ws-0090,storage,63.15
2026-05,ws-0046,storage,44.37
2025-11,ws-0081,compute,11.69
2025-05,ws-0066,storage,14.98
2024-09,ws-0033,ai_tokens,14.25
2025-12,ws-0082,compute,10.42
2024-01,ws-0058,compute,64.75
2026-02,ws-0056,egress,3.17
2024-04,ws-0045,compute,132.68
2025-02,ws-0040,ai_tokens,3.29
2025-03,ws-0013,storage,9.25
2026-04,ws-0034,ai_tokens,168.88
2025-12,ws-0096,ai_tokens,36.88
2025-10,ws-0062,compute,174.81
2025-04,ws-0044,compute,235.38
2025-04,ws-0132,ai_tokens,55.56
2026-04,ws-0025,storage,4.60
2024-07,ws-0122,egress,327.55
2026-06,ws-0119,ai_tokens,21.66
2024-07,ws-0130,ai_tokens,15.83
2025-10,ws-0112,egress,221.00
2024-11,ws-0015,ai_tokens,11.55
2026-06,ws-0076,compute,80.12
2024-05,ws-0033,storage,69.93
2024-11,ws-0096,compute,112.38
2026-04,ws-0016,storage,10.12
2025-06,ws-0059,compute,118.13
2025-08,ws-0090,compute,167.22
2026-06,ws-0121,storage,561.26
2025-05,ws-0099,storage,268.23
2026-03,ws-0068,ai_tokens,9.71
2025-09,ws-0063,ai_tokens,2.97
2025-10,ws-0079,egress,7.44
2025-07,ws-0085,egress,9.95
2025-09,ws-0028,storage,42.12
2026-06,ws-0014,compute,252.47
2026-06,ws-0061,storage,33.98
2024-12,ws-0099,egress,214.22
2025-01,ws-0005,compute,10.61
2025-05,ws-0117,egress,29.67
2026-04,ws-0130,compute,429.41
2025-04,ws-0126,storage,282.22
2025-04,ws-0018,compute,174.85
2024-08,ws-0130,egress,71.12
2024-09,ws-0072,storage,59.20
2025-08,ws-0134,storage,138.71
2024-05,ws-0130,compute,392.05
2025-06,ws-0127,compute,617.27
2024-12,ws-0122,compute,1358.96
2025-03,ws-0047,ai_tokens,0.85
2025-08,ws-0066,egress,12.60
2024-05,ws-0134,compute,381.86
2026-02,ws-0061,storage,33.09
2025-05,ws-0133,compute,1110.62
2024-06,ws-0028,compute,83.62
2024-09,ws-0075,storage,18.55
2024-11,ws-0054,egress,2.38
2025-03,ws-0002,compute,863.67
2026-05,ws-0094,egress,5.24
2025-08,ws-0082,compute,8.67
2025-07,ws-0134,ai_tokens,80.43
2025-10,ws-0032,egress,3.67
2025-11,ws-0041,storage,53.61
2025-09,ws-0121,compute,1064.06
2026-01,ws-0051,compute,196.17
2024-12,ws-0123,storage,110.13
2024-02,ws-0112,compute,892.17
2026-04,ws-0077,storage,417.07
2026-03,ws-0019,egress,58.72
2026-05,ws-0100,storage,19.96
2025-12,ws-0030,ai_tokens,16.08
2026-03,ws-0061,ai_tokens,20.65
2025-04,ws-0072,compute,161.30
2024-03,ws-0085,storage,12.83
2025-03,ws-0118,egress,86.14
2025-08,ws-0067,compute,50.52
2025-11,ws-0055,egress,27.11
2025-10,ws-0098,compute,41.87
2024-04,ws-0103,storage,6.81
2025-08,ws-0001,compute,721.51
2025-09,ws-0098,compute,35.33
2026-01,ws-0102,ai_tokens,103.94
2025-09,ws-0001,ai_tokens,126.74
2025-07,ws-0062,compute,211.89
2025-03,ws-0082,ai_tokens,1.20
2024-02,ws-0126,storage,302.73
2026-05,ws-0095,compute,132.78
2024-04,ws-0122,egress,329.48
2025-08,ws-0125,storage,119.07
2025-03,ws-0041,egress,28.88
2026-02,ws-0074,egress,22.29
2026-01,ws-0035,compute,39.92
2025-02,ws-0128,storage,506.90
2025-08,ws-0035,storage,21.64
2025-03,ws-0018,egress,39.48
2025-02,ws-0040,storage,8.81
2025-06,ws-0053,egress,3.01
2024-10,ws-0074,compute,95.80
2025-01,ws-0104,egress,40.91
2024-02,ws-0101,compute,107.83
2026-03,ws-0040,ai_tokens,5.85
2025-12,ws-0013,compute,25.79
2024-12,ws-0041,egress,31.73
2026-04,ws-0116,egress,207.41
2026-02,ws-0117,ai_tokens,26.32
2024-07,ws-0031,storage,63.15
2025-12,ws-0018,ai_tokens,58.50
2025-05,ws-0122,storage,465.48
2024-09,ws-0061,compute,74.04
2025-12,ws-0032,ai_tokens,5.25
2026-02,ws-0080,egress,2.23
2025-04,ws-0069,storage,56.51
2024-12,ws-0048,compute,11.61
2025-04,ws-0134,ai_tokens,35.57
2026-03,ws-0131,ai_tokens,241.10
2025-10,ws-0015,egress,50.39
2025-03,ws-0075,ai_tokens,3.16
2024-08,ws-0118,compute,288.74
2026-03,ws-0027,ai_tokens,8.50
2026-06,ws-0035,egress,9.23
2025-12,ws-0124,storage,372.23
2025-08,ws-0102,compute,475.08
2026-01,ws-0112,storage,392.03
2024-10,ws-0126,compute,973.34
2024-03,ws-0129,storage,99.89
2026-04,ws-0020,compute,250.09
2026-03,ws-0081,egress,2.40
2025-08,ws-0085,egress,8.39
2026-01,ws-0028,storage,54.47
2026-04,ws-0078,egress,26.84
2025-05,ws-0050,storage,16.64
2025-10,ws-0053,egress,2.21
2025-08,ws-0058,egress,15.20
2026-01,ws-0071,egress,21.66
2025-12,ws-0063,ai_tokens,4.07
2025-01,ws-0084,compute,45.08
2025-05,ws-0043,storage,207.93
2026-06,ws-0127,egress,126.87
2024-01,ws-0099,storage,209.28
2026-06,ws-0112,compute,704.73
2026-04,ws-0059,compute,168.11
2024-11,ws-0044,ai_tokens,29.02
2024-08,ws-0038,ai_tokens,10.37
2024-02,ws-0012,compute,163.36
2026-03,ws-0118,compute,332.01
2024-06,ws-0121,egress,244.54
2025-07,ws-0045,ai_tokens,15.11
2024-05,ws-0061,compute,81.78
2024-09,ws-0133,egress,188.74
2025-08,ws-0101,storage,39.21
2025-12,ws-0069,storage,59.36
2024-04,ws-0084,egress,8.18
2026-02,ws-0008,ai_tokens,14.67
2026-05,ws-0017,storage,283.27
2024-08,ws-0031,egress,38.31
2026-05,ws-0074,egress,29.22
2026-02,ws-0015,compute,281.00
2024-03,ws-0026,compute,13.69
2025-02,ws-0054,storage,3.81
2024-03,ws-0057,storage,21.77
2026-06,ws-0027,ai_tokens,15.97
2026-03,ws-0133,egress,270.94
2024-11,ws-0117,egress,22.10
2025-02,ws-0133,compute,789.68
2026-03,ws-0008,storage,15.32
2026-06,ws-0047,storage,6.97
2025-05,ws-0059,storage,67.67
2026-03,ws-0027,storage,11.91
2026-06,ws-0043,storage,201.38
2025-11,ws-0015,storage,86.16
2026-06,ws-0032,ai_tokens,5.47
2025-12,ws-0071,egress,19.74
2026-05,ws-0028,egress,22.91
2025-10,ws-0016,compute,22.32
2025-05,ws-0035,storage,20.92
2024-01,ws-0068,egress,10.34
2025-01,ws-0123,egress,50.37
2025-07,ws-0018,storage,72.15
2025-12,ws-0040,ai_tokens,7.42
2025-05,ws-0032,compute,17.62
2025-06,ws-0106,egress,13.50
2025-05,ws-0047,ai_tokens,1.47
2026-03,ws-0116,storage,402.14
2024-01,ws-0103,egress,5.45
2025-11,ws-0117,egress,24.31
2025-02,ws-0012,storage,68.64
2025-09,ws-0064,ai_tokens,97.64
2024-11,ws-0075,storage,18.25
2024-07,ws-0085,ai_tokens,2.00
2024-06,ws-0102,compute,554.63
2025-10,ws-0038,storage,75.47
2024-06,ws-0134,compute,289.71
2026-01,ws-0048,egress,3.25
2025-04,ws-0008,storage,13.96
2026-06,ws-0059,egress,36.11
2026-01,ws-0125,storage,145.59
2025-10,ws-0127,ai_tokens,95.80
2025-05,ws-0041,ai_tokens,14.18
2026-06,ws-0011,egress,3.77
2025-05,ws-0029,compute,23.25
2026-01,ws-0073,egress,7.04
2026-03,ws-0037,egress,35.19
2024-10,ws-0135,compute,464.53
2026-01,ws-0088,egress,98.32
2025-09,ws-0127,ai_tokens,106.30
2025-08,ws-0050,compute,33.92
2024-09,ws-0096,compute,101.91
2026-02,ws-0006,storage,89.69
2026-04,ws-0083,storage,6.29
2026-06,ws-0050,ai_tokens,14.50
2026-03,ws-0030,egress,9.55
2024-12,ws-0040,compute,26.87
2024-01,ws-0074,compute,94.16
2025-09,ws-0124,egress,266.11
2024-08,ws-0012,egress,39.49
2025-10,ws-0107,compute,45.32
2025-02,ws-0085,compute,32.79
2024-09,ws-0132,storage,119.62
2025-12,ws-0124,ai_tokens,332.77
2026-06,ws-0126,compute,961.95
2024-06,ws-0076,egress,17.64
2025-10,ws-0104,ai_tokens,53.02
2025-08,ws-0106,storage,28.86
2026-01,ws-0026,compute,18.00
2025-07,ws-0058,storage,30.74
2026-05,ws-0056,ai_tokens,7.15
2025-05,ws-0034,storage,131.67
2024-12,ws-0129,storage,109.60
2024-05,ws-0028,egress,23.98
2026-06,ws-0129,egress,64.95
2024-06,ws-0080,compute,7.31
2024-12,ws-0076,storage,30.98
2025-06,ws-0121,storage,486.54
2024-06,ws-0032,storage,5.63
2025-12,ws-0117,compute,103.21
2026-06,ws-0079,ai_tokens,13.66
2025-10,ws-0080,egress,1.80
2025-08,ws-0081,egress,2.42
2024-06,ws-0040,compute,25.59
2025-07,ws-0055,ai_tokens,23.46
2025-12,ws-0120,ai_tokens,41.21
2025-07,ws-0061,egress,16.48
2024-09,ws-0129,ai_tokens,13.44
2024-09,ws-0125,ai_tokens,14.69
2024-09,ws-0068,egress,11.21
2025-06,ws-0072,compute,222.86
2024-10,ws-0102,compute,480.97
2024-05,ws-0084,storage,14.39
2025-04,ws-0104,compute,254.53
2024-09,ws-0101,compute,72.17
2024-08,ws-0047,egress,2.37
2026-06,ws-0018,egress,43.22
2026-05,ws-0011,egress,3.92
2025-07,ws-0067,storage,15.17
2024-07,ws-0084,storage,12.92
2025-07,ws-0075,ai_tokens,10.13
2025-09,ws-0013,egress,4.80
2026-01,ws-0101,compute,83.80
2026-01,ws-0104,storage,92.79
2025-07,ws-0055,egress,34.47
2026-03,ws-0079,ai_tokens,11.60
2025-11,ws-0122,egress,349.62
2025-08,ws-0063,compute,13.46
2024-10,ws-0073,egress,7.55
2025-09,ws-0086,egress,8.24
2026-06,ws-0084,egress,7.55
2024-09,ws-0128,ai_tokens,106.95
2025-09,ws-0098,egress,6.87
2024-01,ws-0128,compute,1429.63
2026-03,ws-0033,storage,92.12
2025-05,ws-0017,compute,575.43
2025-05,ws-0028,compute,126.02
2025-12,ws-0070,ai_tokens,29.11
2024-01,ws-0125,compute,361.71
2025-10,ws-0133,storage,469.65
2025-03,ws-0079,compute,30.36
2024-04,ws-0121,compute,1296.35
2024-01,ws-0072,storage,71.92
2025-11,ws-0080,ai_tokens,2.58
2026-02,ws-0067,egress,8.91
2026-03,ws-0036,storage,10.77
2024-11,ws-0034,ai_tokens,26.85
2025-11,ws-0127,egress,127.47
2025-12,ws-0135,egress,137.14
2026-06,ws-0061,ai_tokens,48.68
2024-11,ws-0005,egress,1.79
2026-06,ws-0071,compute,81.86
2024-11,ws-0013,ai_tokens,2.23
2026-02,ws-0081,egress,1.86
2024-01,ws-0129,storage,82.87
2025-05,ws-0060,egress,9.04
2026-06,ws-0006,compute,163.43
2026-05,ws-0063,egress,4.45
2024-04,ws-0129,egress,55.03
2025-07,ws-0007,compute,1041.26
2024-06,ws-0055,ai_tokens,4.50
2025-01,ws-0101,storage,30.99
2025-12,ws-0048,storage,5.88
2026-01,ws-0062,ai_tokens,58.00
2026-05,ws-0071,storage,40.33
2026-05,ws-0049,compute,10.16
2026-05,ws-0089,egress,2.89
2025-05,ws-0101,storage,31.72
2024-03,ws-0047,storage,3.73
2026-06,ws-0117,storage,48.18
2024-10,ws-0099,ai_tokens,60.89
2026-01,ws-0110,storage,16.25
2024-08,ws-0054,ai_tokens,0.43
2024-08,ws-0049,compute,10.47
2025-04,ws-0085,storage,16.75
2026-06,ws-0085,compute,40.30
2024-07,ws-0112,compute,646.19
2026-03,ws-0097,compute,195.34
2025-11,ws-0099,egress,179.45
2025-10,ws-0041,compute,120.31
2024-11,ws-0031,storage,57.30
2026-04,ws-0058,storage,35.02
2025-04,ws-0066,egress,12.31
2025-09,ws-0121,ai_tokens,353.71
2025-08,ws-0001,storage,310.74
2025-12,ws-0094,egress,6.87
2025-09,ws-0102,ai_tokens,167.50
2024-03,ws-0099,storage,237.12
2024-09,ws-0044,ai_tokens,18.42
2024-08,ws-0062,compute,208.57
2026-01,ws-0008,ai_tokens,10.98
2025-01,ws-0128,ai_tokens,160.18
2024-05,ws-0125,egress,62.80
2025-07,ws-0017,egress,154.83
2025-11,ws-0027,egress,6.17
2024-08,ws-0082,egress,1.74
2024-10,ws-0076,egress,12.27
2026-01,ws-0051,storage,96.00
2025-06,ws-0053,ai_tokens,1.47
2024-12,ws-0103,compute,22.52
2024-12,ws-0045,egress,25.70
2025-04,ws-0112,ai_tokens,138.48
2026-05,ws-0118,compute,470.17
2024-10,ws-0086,compute,30.13
2026-03,ws-0038,compute,150.94
2024-08,ws-0075,egress,9.92
2026-04,ws-0022,compute,21.27
2025-02,ws-0096,egress,32.98
2025-05,ws-0106,compute,63.66
2024-04,ws-0028,egress,17.26
2024-10,ws-0090,ai_tokens,7.44
2024-04,ws-0075,egress,10.34
2026-05,ws-0123,egress,83.05
2024-09,ws-0101,storage,26.84
2024-04,ws-0074,compute,96.74
2025-07,ws-0072,egress,40.42
2025-06,ws-0120,storage,40.61
2024-04,ws-0058,storage,20.45
2025-11,ws-0032,compute,17.82
2024-09,ws-0005,egress,2.49
2025-01,ws-0048,egress,2.36
2025-12,ws-0028,ai_tokens,19.81
2024-07,ws-0038,compute,180.36
2026-04,ws-0050,ai_tokens,19.04
2024-10,ws-0124,egress,235.54
2026-05,ws-0062,compute,198.42
2025-05,ws-0048,compute,9.88
2025-01,ws-0035,ai_tokens,3.26
2025-06,ws-0045,storage,48.42
2025-05,ws-0049,storage,5.35
2024-02,ws-0053,storage,3.22
2024-05,ws-0081,compute,10.77
2026-06,ws-0016,storage,15.75
2024-04,ws-0121,storage,379.32
2024-11,ws-0085,egress,7.14
2026-06,ws-0055,compute,129.71
2026-05,ws-0073,ai_tokens,14.65
2026-04,ws-0035,egress,11.70
2024-02,ws-0059,storage,43.66
2026-06,ws-0099,egress,178.02
2024-01,ws-0057,egress,15.50
2024-04,ws-0073,storage,12.11
2024-11,ws-0049,storage,3.89
2025-07,ws-0050,ai_tokens,3.67
2026-04,ws-0063,compute,15.47
2024-08,ws-0086,storage,14.64
2024-12,ws-0058,egress,12.22
2025-03,ws-0054,storage,3.37
2025-10,ws-0026,storage,7.92
2026-05,ws-0074,compute,109.85
2026-02,ws-0075,ai_tokens,11.35
2025-06,ws-0028,compute,88.60
2026-05,ws-0034,compute,477.67
2024-02,ws-0090,egress,25.11
2025-07,ws-0127,compute,683.54
2024-10,ws-0013,storage,10.00
2026-03,ws-0082,ai_tokens,4.81
2025-09,ws-0099,ai_tokens,190.71
2025-11,ws-0043,compute,628.99
2025-12,ws-0131,ai_tokens,154.09
2026-06,ws-0082,storage,3.77
2026-04,ws-0060,compute,33.53
2025-10,ws-0012,compute,142.16
2024-12,ws-0040,egress,6.27
2025-09,ws-0048,compute,11.49
2025-06,ws-0030,compute,38.09
2026-06,ws-0120,egress,26.51
2025-05,ws-0001,ai_tokens,128.37
2025-01,ws-0012,egress,40.05
2025-05,ws-0045,egress,25.55
2026-04,ws-0040,egress,5.94
2025-10,ws-0058,ai_tokens,12.76
2025-04,ws-0131,compute,914.85
2026-06,ws-0056,storage,5.32
2024-05,ws-0112,compute,840.34
2025-08,ws-0124,egress,255.72
2024-06,ws-0005,storage,3.62
2025-11,ws-0026,ai_tokens,2.38
2024-12,ws-0129,egress,61.01
2026-01,ws-0096,egress,36.30
2025-11,ws-0096,storage,53.23
2026-05,ws-0085,egress,10.82
2026-06,ws-0083,ai_tokens,7.64
2025-02,ws-0085,ai_tokens,5.32
2025-03,ws-0101,ai_tokens,14.81
2026-04,ws-0134,egress,66.39
2025-12,ws-0098,ai_tokens,7.66
2025-04,ws-0122,storage,511.93
2024-04,ws-0076,storage,27.09
2025-12,ws-0016,ai_tokens,8.21
2026-04,ws-0036,egress,4.87
2026-05,ws-0049,egress,3.32
2025-08,ws-0012,ai_tokens,33.58
2025-08,ws-0074,compute,107.62
2025-01,ws-0057,egress,13.79
2024-05,ws-0047,storage,3.64
2024-05,ws-0090,egress,27.78
2025-08,ws-0104,egress,49.30
2026-06,ws-0046,ai_tokens,59.85
2024-08,ws-0032,compute,13.50
2026-06,ws-0107,storage,20.92
2025-10,ws-0020,storage,85.83
2026-01,ws-0117,ai_tokens,50.82
2025-10,ws-0096,egress,35.62
2025-12,ws-0052,egress,4.02
2024-09,ws-0068,ai_tokens,2.19
2025-07,ws-0040,egress,6.51
2025-03,ws-0090,compute,125.25
2026-05,ws-0080,egress,2.18
2024-11,ws-0057,ai_tokens,7.56
2024-12,ws-0086,egress,9.77
2024-10,ws-0086,storage,13.49
2026-04,ws-0033,ai_tokens,65.36
2026-05,ws-0102,storage,226.75
2024-06,ws-0049,ai_tokens,0.60
2026-04,ws-0128,egress,330.09
2024-10,ws-0120,egress,25.96
2025-04,ws-0074,egress,20.84
2024-11,ws-0072,compute,176.97
2025-08,ws-0061,egress,16.99
2024-10,ws-0038,egress,38.89
2025-10,ws-0017,egress,159.07
2024-06,ws-0084,storage,12.24
2024-03,ws-0013,compute,20.80
2025-12,ws-0118,ai_tokens,132.28
2025-09,ws-0075,egress,11.07
2024-06,ws-0125,compute,353.24
2026-02,ws-0108,compute,172.11
2026-02,ws-0103,storage,9.97
2025-05,ws-0008,egress,8.27
2024-07,ws-0017,ai_tokens,36.47
2025-02,ws-0066,ai_tokens,5.38
2025-04,ws-0060,compute,46.58
2025-01,ws-0057,storage,20.55
2024-07,ws-0131,storage,319.77
2024-08,ws-0130,ai_tokens,16.62
2024-05,ws-0120,egress,28.87
2025-02,ws-0057,compute,67.75
2026-05,ws-0101,ai_tokens,36.65
2025-05,ws-0060,storage,13.57
2026-02,ws-0063,egress,4.05
2025-06,ws-0107,ai_tokens,6.19
2024-10,ws-0070,ai_tokens,4.96
2026-02,ws-0038,ai_tokens,69.65
2025-02,ws-0072,storage,77.69
2026-06,ws-0092,egress,10.22
2025-01,ws-0120,compute,143.87
2025-03,ws-0085,egress,7.96
2026-02,ws-0070,compute,83.89
2025-08,ws-0101,ai_tokens,17.27
2026-06,ws-0020,compute,287.61
2026-01,ws-0082,compute,8.56
2026-05,ws-0125,egress,91.26
2026-02,ws-0068,egress,10.03
2025-03,ws-0035,compute,37.62
2025-10,ws-0059,storage,75.96
2025-10,ws-0055,storage,57.29
2025-05,ws-0086,storage,16.50
2026-01,ws-0035,storage,20.07
2026-03,ws-0120,ai_tokens,56.23
2025-06,ws-0133,egress,262.95
2025-09,ws-0117,egress,24.80
2026-06,ws-0043,compute,530.17
2025-10,ws-0045,ai_tokens,28.47
2026-06,ws-0028,compute,125.92
2026-01,ws-0075,compute,47.91
2024-11,ws-0044,egress,49.24
2025-02,ws-0051,storage,83.04
2026-06,ws-0078,egress,28.92
2025-12,ws-0006,ai_tokens,75.07
2026-05,ws-0110,ai_tokens,19.92
2026-03,ws-0025,ai_tokens,5.79
2024-06,ws-0086,egress,9.28
2024-08,ws-0132,ai_tokens,13.56
2025-02,ws-0015,storage,96.22
2025-03,ws-0055,ai_tokens,24.19
2025-08,ws-0059,compute,118.39
2025-07,ws-0082,compute,8.46
2025-01,ws-0055,ai_tokens,19.84
2024-04,ws-0086,compute,28.97
2025-12,ws-0101,compute,103.00
2025-06,ws-0061,storage,33.54
2025-04,ws-0033,compute,293.09
2024-02,ws-0074,storage,28.27
2026-05,ws-0070,ai_tokens,27.50
2026-01,ws-0026,egress,4.31
2025-10,ws-0079,storage,12.64
2026-01,ws-0064,compute,592.85
2026-04,ws-0041,egress,30.94
2026-02,ws-0031,compute,201.05
2025-09,ws-0037,storage,75.12
2026-01,ws-0041,storage,43.27
2026-04,ws-0127,compute,678.65
2025-12,ws-0031,compute,175.55
2024-08,ws-0133,egress,214.93
2026-02,ws-0122,ai_tokens,449.59
2026-06,ws-0124,storage,500.00
2025-02,ws-0107,storage,14.82
2025-06,ws-0080,egress,2.31
2024-09,ws-0126,ai_tokens,77.10
2025-04,ws-0076,ai_tokens,7.17
2025-12,ws-0084,storage,15.54
2024-09,ws-0126,compute,970.08
2024-09,ws-0058,egress,14.30
2026-03,ws-0059,storage,76.12
2025-05,ws-0048,ai_tokens,1.73
2024-08,ws-0069,ai_tokens,10.78
2025-06,ws-0090,egress,26.77
2024-07,ws-0081,compute,10.07
2024-05,ws-0057,egress,15.46
2025-06,ws-0048,egress,2.57
2026-06,ws-0020,ai_tokens,153.51
2026-02,ws-0017,egress,148.05
2024-04,ws-0101,compute,102.89
2024-06,ws-0054,ai_tokens,0.79
2024-10,ws-0062,egress,33.41
2024-07,ws-0117,storage,42.54
2026-06,ws-0131,egress,233.33
2024-01,ws-0134,compute,287.17
2026-01,ws-0056,ai_tokens,4.19
2026-04,ws-0101,storage,46.29
2026-05,ws-0073,egress,7.81
2026-03,ws-0130,egress,80.34
2025-01,ws-0099,egress,218.98
2024-03,ws-0053,egress,2.16
2025-01,ws-0001,ai_tokens,86.26
2025-06,ws-0007,ai_tokens,191.91
2024-05,ws-0127,compute,656.32
2026-01,ws-0079,egress,7.67
2025-08,ws-0132,egress,63.87
2024-03,ws-0125,compute,259.48
2024-06,ws-0085,ai_tokens,2.26
2025-01,ws-0062,compute,196.07
2024-03,ws-0068,egress,8.87
2026-04,ws-0120,compute,117.55
2024-03,ws-0053,storage,3.39
2026-04,ws-0032,storage,6.22
2025-03,ws-0064,egress,128.45
2024-11,ws-0017,storage,218.73
2025-02,ws-0081,egress,2.30
2024-09,ws-0048,ai_tokens,0.53
2025-10,ws-0122,egress,296.79
2025-10,ws-0066,compute,47.69
2026-03,ws-0107,ai_tokens,14.35
2025-11,ws-0060,storage,18.16
2025-06,ws-0121,egress,218.45
2024-07,ws-0047,storage,4.78
2025-04,ws-0085,egress,9.51
2025-03,ws-0055,storage,53.91
2024-11,ws-0086,compute,35.40
2024-12,ws-0049,compute,14.09
2025-11,ws-0067,compute,37.68
2025-04,ws-0005,ai_tokens,1.34
2024-11,ws-0125,storage,126.85
2026-02,ws-0026,storage,7.35
2024-10,ws-0125,egress,60.25
2024-06,ws-0118,ai_tokens,18.92
2024-10,ws-0134,compute,327.12
2024-01,ws-0005,egress,1.71
2025-05,ws-0062,storage,76.99
2024-03,ws-0073,storage,12.39
2026-03,ws-0078,ai_tokens,51.25
2026-04,ws-0046,storage,35.29
2024-06,ws-0048,compute,13.35
2024-10,ws-0075,ai_tokens,4.62
2025-04,ws-0041,storage,36.34
2024-04,ws-0118,egress,85.20
2025-08,ws-0122,storage,652.71
2024-10,ws-0008,compute,30.15
2026-03,ws-0130,compute,377.75
2025-01,ws-0032,compute,17.83
2025-07,ws-0001,ai_tokens,99.60
2025-12,ws-0074,compute,93.43
2024-06,ws-0079,compute,36.20
2025-02,ws-0103,egress,5.44
2026-06,ws-0081,compute,8.28
2025-06,ws-0017,storage,218.52
2024-02,ws-0126,egress,157.69
2026-01,ws-0134,ai_tokens,144.98
2025-03,ws-0008,ai_tokens,4.50
2026-05,ws-0102,compute,490.19
2026-01,ws-0096,ai_tokens,32.97
2024-05,ws-0135,egress,135.14
2025-10,ws-0016,ai_tokens,5.97
2024-09,ws-0032,ai_tokens,1.20
2026-03,ws-0059,compute,143.77
2024-11,ws-0017,ai_tokens,57.57
2024-10,ws-0048,storage,4.12
2026-05,ws-0098,ai_tokens,17.88
2025-09,ws-0084,ai_tokens,9.72
2025-12,ws-0129,ai_tokens,47.09
2024-10,ws-0031,egress,35.78
2026-06,ws-0037,egress,50.64
2025-04,ws-0018,egress,40.19
2026-05,ws-0067,ai_tokens,19.56
2024-02,ws-0086,storage,10.92
2025-08,ws-0012,storage,78.02
2026-01,ws-0002,egress,198.34
2025-12,ws-0032,storage,7.39
2024-03,ws-0127,storage,164.36
2025-12,ws-0104,ai_tokens,68.55
2026-04,ws-0002,egress,258.83
2025-06,ws-0106,ai_tokens,14.31
2024-05,ws-0033,compute,248.22
2025-09,ws-0034,ai_tokens,55.57
2024-08,ws-0096,compute,135.25
2024-06,ws-0102,storage,174.66
2026-02,ws-0029,storage,8.62
2026-01,ws-0094,ai_tokens,6.97
2026-04,ws-0001,egress,203.63
2025-01,ws-0015,storage,103.01
2026-01,ws-0125,ai_tokens,87.55
2024-09,ws-0096,egress,25.93
2024-11,ws-0074,ai_tokens,8.42
2024-06,ws-0084,egress,7.81
2024-01,ws-0128,egress,244.26
2025-05,ws-0122,ai_tokens,176.21
2025-12,ws-0020,ai_tokens,82.17
2026-06,ws-0098,compute,32.85
2024-10,ws-0130,compute,340.45
2024-12,ws-0061,egress,17.64
2024-11,ws-0058,egress,14.50
2024-05,ws-0128,egress,230.62
2025-09,ws-0041,ai_tokens,26.87
2026-02,ws-0053,storage,5.50
2024-02,ws-0120,egress,28.12
2024-10,ws-0131,ai_tokens,77.42
2026-06,ws-0044,ai_tokens,147.81
2024-12,ws-0117,storage,48.59
2024-08,ws-0028,compute,83.40
2024-09,ws-0126,storage,357.70
2025-05,ws-0085,storage,15.21
2025-10,ws-0019,storage,113.75
2026-05,ws-0076,ai_tokens,40.00
2024-04,ws-0079,compute,24.30
2025-11,ws-0099,storage,329.63
2025-12,ws-0019,storage,87.89
2025-03,ws-0125,compute,374.01
2024-01,ws-0040,compute,27.32
2026-05,ws-0029,compute,19.16
2026-03,ws-0007,ai_tokens,287.92
2025-09,ws-0015,compute,216.73
2024-03,ws-0034,compute,350.78
2025-09,ws-0135,storage,200.09
2025-10,ws-0070,storage,30.17
2025-02,ws-0057,ai_tokens,5.60
2025-05,ws-0040,compute,22.81
2025-12,ws-0056,egress,3.41
2024-07,ws-0033,ai_tokens,12.21
2026-01,ws-0057,ai_tokens,17.27
2024-05,ws-0076,compute,78.40
2026-03,ws-0123,compute,293.59
2024-11,ws-0104,ai_tokens,20.81
2024-05,ws-0034,compute,337.94
2024-04,ws-0015,storage,73.93
2024-08,ws-0081,storage,3.71
2026-04,ws-0038,compute,176.49
2025-08,ws-0084,storage,14.18
2025-05,ws-0085,ai_tokens,3.50
2025-04,ws-0070,egress,17.20
2025-11,ws-0040,compute,29.26
2025-10,ws-0108,compute,175.19
2026-06,ws-0009,ai_tokens,4.93
2024-03,ws-0040,compute,20.05
2026-02,ws-0005,compute,9.55
2024-08,ws-0107,compute,37.67
2025-10,ws-0034,compute,433.94
2025-12,ws-0134,ai_tokens,108.24
2024-09,ws-0029,storage,6.59
2025-06,ws-0082,storage,4.09
2025-12,ws-0126,egress,205.58
2024-08,ws-0126,compute,790.80
2026-03,ws-0135,storage,289.70
2025-12,ws-0055,storage,55.19
2026-06,ws-0074,ai_tokens,48.48
2026-03,ws-0036,compute,18.07
2026-02,ws-0031,egress,31.39
2024-06,ws-0026,ai_tokens,0.67
2024-08,ws-0043,egress,118.00
2025-01,ws-0033,egress,62.63
2025-08,ws-0124,ai_tokens,258.42
2025-10,ws-0132,compute,316.89
2024-02,ws-0034,storage,162.37
2025-08,ws-0067,egress,9.88
2025-05,ws-0128,ai_tokens,187.44
2024-12,ws-0133,ai_tokens,86.76
2026-05,ws-0043,storage,204.14
2025-09,ws-0031,compute,183.54
2026-06,ws-0084,ai_tokens,21.86
2026-06,ws-0080,egress,2.16
2024-10,ws-0090,egress,27.25
2024-10,ws-0038,ai_tokens,12.67
2024-10,ws-0130,ai_tokens,21.71
2025-03,ws-0134,ai_tokens,35.92
2025-08,ws-0013,compute,19.03
2025-04,ws-0045,ai_tokens,22.92
2026-05,ws-0016,storage,10.08
2026-03,ws-0050,storage,13.12
2025-01,ws-0096,egress,27.42
2025-11,ws-0051,ai_tokens,41.63
2025-03,ws-0073,storage,10.30
2024-07,ws-0107,egress,7.37
2024-05,ws-0013,storage,9.58
2025-04,ws-0012,egress,37.54
2024-04,ws-0054,compute,8.41
2025-02,ws-0073,egress,6.71
2024-08,ws-0035,egress,11.38
2024-04,ws-0118,compute,322.73
2026-04,ws-0042,ai_tokens,68.59
2025-06,ws-0085,storage,16.96
2026-06,ws-0056,ai_tokens,6.37
2025-02,ws-0005,compute,10.93
2026-06,ws-0018,storage,78.27
2026-04,ws-0098,egress,8.23
2025-04,ws-0060,storage,14.42
2025-11,ws-0038,ai_tokens,34.13
2025-09,ws-0038,egress,39.86
2026-04,ws-0049,egress,2.35
2025-08,ws-0050,storage,12.16
2025-05,ws-0086,ai_tokens,7.36
2026-02,ws-0068,ai_tokens,18.03
2026-01,ws-0012,storage,72.08
2025-09,ws-0123,ai_tokens,35.10
2025-05,ws-0079,egress,5.70
2026-05,ws-0125,ai_tokens,167.10
2026-03,ws-0052,egress,5.35
2025-05,ws-0082,storage,3.40
2026-04,ws-0085,compute,46.22
2026-05,ws-0009,egress,3.92
2025-04,ws-0002,compute,857.36
2025-02,ws-0123,egress,56.63
2024-10,ws-0075,storage,13.78
2025-05,ws-0072,egress,35.21
2026-04,ws-0047,egress,2.74
2025-12,ws-0127,compute,501.76
2026-06,ws-0050,compute,32.91
2026-01,ws-0052,storage,8.00
2026-03,ws-0088,compute,370.85
2025-07,ws-0077,compute,811.03
2025-07,ws-0064,egress,103.26
2024-05,ws-0067,egress,11.30
2025-04,ws-0103,storage,9.93
2025-12,ws-0075,egress,11.68
2024-06,ws-0120,ai_tokens,7.57
2025-11,ws-0081,storage,3.41
2025-11,ws-0038,egress,44.28
2026-06,ws-0110,storage,17.32
2025-08,ws-0067,ai_tokens,7.87
2025-06,ws-0129,egress,60.70
2026-05,ws-0042,egress,46.70
2025-09,ws-0132,compute,253.24
2026-02,ws-0103,compute,26.31
2026-02,ws-0132,ai_tokens,125.14
2024-02,ws-0096,compute,100.95
2025-07,ws-0074,egress,21.64
2025-03,ws-0074,egress,24.84
2026-04,ws-0135,compute,471.12
2025-11,ws-0051,compute,250.05
2024-03,ws-0005,compute,8.62
2024-07,ws-0049,ai_tokens,0.78
2025-02,ws-0127,storage,173.59
2025-05,ws-0017,storage,269.75
2025-11,ws-0064,storage,223.36
2025-12,ws-0101,egress,26.76
2025-03,ws-0051,storage,94.87
2026-06,ws-0002,storage,519.77
2025-05,ws-0084,compute,32.79
2026-05,ws-0085,storage,19.33
2024-10,ws-0016,compute,20.90
2024-01,ws-0112,egress,195.34
2025-08,ws-0068,storage,22.15
2025-09,ws-0124,compute,1062.99
2025-05,ws-0057,storage,22.17
2025-10,ws-0060,compute,31.63
2026-01,ws-0012,compute,153.82
2025-06,ws-0096,ai_tokens,25.52
2025-12,ws-0073,egress,8.24
2024-10,ws-0055,storage,54.23
2024-06,ws-0117,egress,32.84
2025-05,ws-0016,storage,11.84
2024-08,ws-0067,ai_tokens,3.50
2025-04,ws-0005,storage,3.62
2026-01,ws-0031,storage,73.32
2025-12,ws-0125,storage,114.38
2025-10,ws-0027,ai_tokens,7.77
2025-02,ws-0044,compute,274.88
2024-12,ws-0104,egress,45.58
2026-06,ws-0101,storage,40.79
2026-05,ws-0032,compute,17.88
2026-05,ws-0123,storage,141.94
2025-03,ws-0082,egress,2.56
2026-01,ws-0080,storage,4.34
2024-04,ws-0080,storage,2.78
2025-09,ws-0081,ai_tokens,2.34
2025-08,ws-0104,compute,186.97
2025-12,ws-0108,compute,122.66
2025-01,ws-0031,compute,168.78
2026-05,ws-0121,compute,1144.35
2026-02,ws-0085,ai_tokens,8.94
2025-11,ws-0062,egress,47.30
2026-04,ws-0036,ai_tokens,7.35
2026-05,ws-0059,storage,77.32
2024-02,ws-0107,storage,10.05
2025-06,ws-0094,storage,11.82
2025-01,ws-0034,ai_tokens,33.71
2025-04,ws-0061,compute,91.75
2025-06,ws-0007,storage,415.43
2026-02,ws-0079,ai_tokens,6.43
2024-09,ws-0122,storage,457.35
2026-04,ws-0021,storage,7.66
2026-05,ws-0130,ai_tokens,201.43
2024-10,ws-0013,ai_tokens,2.13
2025-07,ws-0120,compute,109.01
2026-01,ws-0129,compute,216.65
2024-10,ws-0118,egress,93.99
2024-05,ws-0079,compute,26.09
2025-10,ws-0031,ai_tokens,31.95
2026-05,ws-0110,egress,7.10
2024-03,ws-0122,storage,457.74
2026-01,ws-0063,storage,5.69
2024-08,ws-0048,compute,9.55
2024-08,ws-0015,egress,54.85
2024-01,ws-0124,storage,387.53
2026-03,ws-0107,egress,7.74
2024-03,ws-0062,egress,45.96
2026-06,ws-0057,compute,72.92
2025-11,ws-0019,ai_tokens,87.17
2024-09,ws-0062,egress,33.11
2025-12,ws-0067,compute,55.21
2024-07,ws-0081,storage,2.92
2024-05,ws-0032,egress,4.00
2026-05,ws-0027,compute,29.09
2026-05,ws-0043,egress,117.33
2026-03,ws-0036,ai_tokens,7.65
2025-12,ws-0121,compute,1311.27
2025-02,ws-0034,ai_tokens,62.25
2024-04,ws-0001,egress,156.15
2025-04,ws-0041,ai_tokens,9.54
2025-02,ws-0080,compute,8.30
2026-04,ws-0020,ai_tokens,60.02
2025-07,ws-0041,compute,121.40
2024-02,ws-0013,compute,22.48
2024-10,ws-0085,ai_tokens,3.56
2026-01,ws-0085,egress,9.25
2024-02,ws-0099,egress,146.68
2026-03,ws-0048,storage,4.45
2025-03,ws-0123,ai_tokens,25.27
2025-04,ws-0135,storage,243.99
2025-11,ws-0048,ai_tokens,2.44
2024-09,ws-0120,compute,141.04
2024-09,ws-0015,compute,268.93
2024-10,ws-0103,ai_tokens,2.16
2026-06,ws-0023,egress,12.61
2025-07,ws-0034,egress,113.30
2025-07,ws-0124,ai_tokens,136.43
2024-04,ws-0103,compute,25.75
2025-05,ws-0126,ai_tokens,149.77
2026-03,ws-0129,compute,248.89
2026-05,ws-0065,egress,34.02
2025-12,ws-0071,ai_tokens,33.83
2025-11,ws-0126,compute,858.80
2024-05,ws-0054,storage,3.25
2026-06,ws-0065,storage,73.90
2025-03,ws-0059,ai_tokens,16.62
2025-11,ws-0054,storage,5.65
2024-02,ws-0013,egress,5.29
2024-06,ws-0001,ai_tokens,51.77
2025-11,ws-0111,compute,307.46
2024-08,ws-0101,compute,107.12
2024-10,ws-0044,ai_tokens,25.67
2025-01,ws-0075,compute,37.00
2025-10,ws-0008,ai_tokens,10.18
2025-10,ws-0081,ai_tokens,2.87
2024-08,ws-0130,storage,149.56
2025-06,ws-0026,egress,3.02
2025-09,ws-0005,egress,2.00
2024-07,ws-0044,storage,92.05
2025-07,ws-0081,ai_tokens,2.38
2025-10,ws-0085,ai_tokens,10.22
2026-06,ws-0092,ai_tokens,16.42
2025-07,ws-0081,compute,9.31
2024-11,ws-0076,egress,17.50
2026-06,ws-0056,egress,2.91
2026-04,ws-0104,compute,190.89
2024-10,ws-0070,compute,102.74
2025-10,ws-0076,compute,85.55
2024-06,ws-0038,storage,46.50
2024-12,ws-0080,ai_tokens,0.71
2026-01,ws-0125,compute,305.04
2024-05,ws-0005,egress,2.51
2025-12,ws-0110,compute,37.42
2025-04,ws-0086,compute,38.18
2024-10,ws-0102,egress,139.21
2024-10,ws-0005,egress,1.79
2024-03,ws-0132,compute,284.03
2024-12,ws-0135,compute,462.64
2026-06,ws-0089,storage,6.51
2026-06,ws-0101,egress,26.45
2024-11,ws-0080,ai_tokens,0.78
2026-01,ws-0034,egress,88.83
2026-05,ws-0135,storage,306.55
2024-08,ws-0053,egress,2.31
2024-10,ws-0067,egress,10.62
2024-03,ws-0075,compute,40.45
2025-02,ws-0002,compute,878.38
2025-10,ws-0005,compute,9.49
2024-06,ws-0017,ai_tokens,35.67
2026-02,ws-0047,egress,3.30
2024-11,ws-0135,egress,150.85
2025-01,ws-0040,compute,24.74
2025-05,ws-0002,storage,407.82
2026-03,ws-0022,ai_tokens,8.71
2024-09,ws-0135,egress,135.55
2025-09,ws-0062,storage,80.21
2024-12,ws-0028,compute,103.80
2026-01,ws-0028,egress,26.39
2024-09,ws-0076,storage,22.60
2025-09,ws-0112,ai_tokens,233.64
2026-04,ws-0066,egress,11.92
2024-12,ws-0013,egress,5.82
2024-10,ws-0068,storage,15.22
2024-09,ws-0121,ai_tokens,92.31
2025-07,ws-0073,ai_tokens,6.73
2025-07,ws-0017,storage,214.37
2026-02,ws-0029,compute,18.47
2025-02,ws-0125,compute,306.89
2024-02,ws-0127,storage,200.56
2025-06,ws-0072,storage,79.83
2025-07,ws-0028,ai_tokens,10.39
2025-07,ws-0033,egress,56.27
2024-04,ws-0132,egress,75.57
2025-05,ws-0127,compute,585.69
2024-10,ws-0001,compute,622.48
2026-01,ws-0118,egress,71.29
2024-02,ws-0132,compute,286.59
2025-11,ws-0127,compute,570.69
2024-06,ws-0120,egress,24.47
2025-11,ws-0043,storage,276.73
2024-04,ws-0067,compute,39.97
2025-10,ws-0135,ai_tokens,142.76
2026-01,ws-0129,egress,61.28
2024-02,ws-0099,compute,733.77
2026-02,ws-0064,ai_tokens,184.59
2025-02,ws-0055,egress,34.82
2026-02,ws-0107,ai_tokens,13.41
2025-04,ws-0035,egress,10.11
2024-12,ws-0125,compute,389.27
2026-06,ws-0089,compute,12.02
2025-07,ws-0034,compute,448.25
2025-03,ws-0017,storage,267.12
2025-02,ws-0001,egress,152.98
2026-01,ws-0128,ai_tokens,528.03
2025-07,ws-0018,ai_tokens,19.57
2025-02,ws-0121,egress,309.44
2026-02,ws-0032,egress,3.01
2025-08,ws-0033,ai_tokens,56.13
2026-06,ws-0011,ai_tokens,6.66
2024-10,ws-0061,storage,34.20
2024-10,ws-0066,compute,40.96
2026-04,ws-0069,compute,145.16
2024-10,ws-0124,storage,411.05
2024-04,ws-0081,egress,1.96
2024-06,ws-0130,ai_tokens,19.69
2025-06,ws-0082,compute,9.94
2025-12,ws-0056,compute,11.11
2025-06,ws-0008,compute,32.84
2025-12,ws-0112,compute,677.47
2026-01,ws-0027,ai_tokens,8.20
2025-09,ws-0006,egress,34.98
2024-10,ws-0069,ai_tokens,7.91
2026-05,ws-0116,ai_tokens,232.89
2024-03,ws-0102,compute,502.95
2026-04,ws-0081,egress,2.64
2025-07,ws-0062,storage,86.93
2026-05,ws-0064,storage,255.95
2026-03,ws-0069,compute,169.24
2025-10,ws-0068,egress,11.78
2025-11,ws-0131,ai_tokens,251.98
2026-03,ws-0102,egress,120.76
2026-06,ws-0127,compute,496.42
2026-06,ws-0106,compute,77.38
2025-05,ws-0033,egress,56.78
2024-06,ws-0005,compute,10.61
2026-03,ws-0031,storage,58.73
2025-12,ws-0122,compute,1612.34
2025-07,ws-0106,storage,25.13
2025-05,ws-0081,storage,3.89
2026-06,ws-0128,storage,670.40
2025-09,ws-0052,ai_tokens,3.28
2025-09,ws-0110,compute,29.19
2026-05,ws-0134,compute,392.74
2024-08,ws-0026,compute,13.40
2025-02,ws-0131,compute,786.55
2024-10,ws-0013,compute,20.08
2025-08,ws-0098,storage,17.01
2025-08,ws-0126,storage,402.40
2025-05,ws-0038,compute,176.35
2025-01,ws-0041,storage,46.29
2025-06,ws-0054,compute,11.32
2024-07,ws-0031,compute,176.43
2025-10,ws-0060,storage,15.46
2025-05,ws-0054,egress,2.11
2025-10,ws-0034,storage,202.27
2026-05,ws-0093,egress,9.24
2026-03,ws-0075,egress,9.61
2025-02,ws-0047,egress,3.10
2025-06,ws-0002,compute,1195.51
2025-01,ws-0012,ai_tokens,16.28
2025-09,ws-0016,storage,10.85
2024-12,ws-0096,ai_tokens,11.30
2024-05,ws-0120,storage,43.22
2025-09,ws-0107,egress,7.85
2025-06,ws-0033,ai_tokens,54.71
2026-02,ws-0056,ai_tokens,3.01
2025-09,ws-0035,egress,10.99
2026-06,ws-0132,storage,156.51
2025-03,ws-0064,compute,613.05
2026-01,ws-0034,compute,522.00
2025-09,ws-0005,storage,4.05
2026-05,ws-0037,storage,85.47
2026-03,ws-0071,ai_tokens,22.93
2025-08,ws-0123,ai_tokens,38.48
2025-03,ws-0128,compute,1555.20
2026-06,ws-0134,compute,390.29
2025-12,ws-0054,ai_tokens,2.37
2024-03,ws-0047,compute,13.27
2025-08,ws-0050,egress,8.66
2025-12,ws-0099,ai_tokens,130.82
2025-06,ws-0122,storage,530.09
2024-09,ws-0048,egress,2.68
2024-12,ws-0012,ai_tokens,18.43
2025-02,ws-0125,egress,64.61
2024-11,ws-0076,compute,73.41
2026-05,ws-0047,ai_tokens,3.01
2025-03,ws-0129,storage,104.90
2025-12,ws-0062,egress,47.94
2025-02,ws-0001,ai_tokens,112.54
2025-08,ws-0129,compute,284.48
2026-02,ws-0046,ai_tokens,38.76
2025-02,ws-0131,storage,323.82
2024-08,ws-0058,egress,11.45
2024-09,ws-0120,egress,24.12
2025-08,ws-0118,compute,429.37
2024-03,ws-0072,storage,69.15
2026-03,ws-0042,egress,50.83
2026-01,ws-0123,ai_tokens,116.10
2026-06,ws-0051,ai_tokens,105.10
2025-09,ws-0060,compute,32.17
2026-04,ws-0122,egress,299.05
2025-02,ws-0132,compute,252.06
2025-08,ws-0069,storage,75.39
2024-07,ws-0076,ai_tokens,3.83
2025-03,ws-0107,compute,39.79
2026-03,ws-0066,egress,12.34
2025-07,ws-0064,storage,244.61
2025-12,ws-0120,egress,32.43
2024-10,ws-0033,storage,98.67
2026-03,ws-0046,egress,27.01
2025-07,ws-0040,ai_tokens,5.37
2025-09,ws-0127,egress,147.04
2025-02,ws-0099,egress,162.05
2025-08,ws-0077,storage,427.18
2026-04,ws-0070,storage,38.81
2025-08,ws-0034,compute,512.30
2025-05,ws-0123,compute,312.92
2026-06,ws-0099,storage,478.41
2024-11,ws-0132,storage,90.78
2025-12,ws-0105,compute,62.11
2025-05,ws-0061,ai_tokens,7.92
2025-05,ws-0112,compute,783.44
2026-04,ws-0131,egress,226.58
2026-06,ws-0055,storage,82.07
2024-01,ws-0035,egress,7.60
2024-07,ws-0038,egress,40.52
2024-06,ws-0001,storage,239.21
2025-11,ws-0135,egress,115.42
2026-02,ws-0129,storage,96.03
2025-07,ws-0041,egress,30.05
2024-06,ws-0118,compute,335.41
2024-01,ws-0107,storage,11.81
2026-01,ws-0067,ai_tokens,9.53
2025-05,ws-0013,storage,11.02
2024-03,ws-0124,egress,193.21
2025-07,ws-0081,egress,2.48
2025-05,ws-0053,egress,2.68
2026-06,ws-0063,ai_tokens,5.52
2025-09,ws-0120,egress,31.20
2026-05,ws-0049,storage,6.18
2025-09,ws-0069,egress,42.74
2025-03,ws-0012,egress,29.61
2026-02,ws-0059,ai_tokens,65.00
2025-09,ws-0108,compute,136.65
2026-04,ws-0101,compute,79.86
2024-08,ws-0053,storage,3.90
2026-06,ws-0104,ai_tokens,100.70
2025-12,ws-0012,egress,29.62
2025-10,ws-0132,egress,54.94
2025-01,ws-0055,storage,55.48
2024-07,ws-0117,compute,119.35
2025-06,ws-0076,storage,26.99
2026-05,ws-0068,storage,19.15
2026-01,ws-0050,egress,6.72
2025-05,ws-0012,storage,63.90
2025-04,ws-0038,storage,65.92
2024-01,ws-0045,compute,136.43
2025-03,ws-0079,egress,6.68
2024-08,ws-0085,egress,8.41
2026-02,ws-0075,compute,51.00
2024-06,ws-0120,storage,47.72
2024-09,ws-0104,egress,43.92
2025-06,ws-0051,ai_tokens,32.33
2026-04,ws-0118,egress,69.83
2026-05,ws-0016,compute,28.06
2026-01,ws-0054,ai_tokens,3.81
2025-09,ws-0106,compute,60.32
2025-03,ws-0125,storage,112.65
2025-11,ws-0056,egress,2.51
2025-03,ws-0101,storage,38.91
2025-04,ws-0079,egress,7.56
2026-04,ws-0070,ai_tokens,39.16
2024-12,ws-0038,storage,49.55
2026-04,ws-0106,storage,27.55
2026-06,ws-0040,storage,10.17
2026-06,ws-0108,egress,33.27
2024-05,ws-0043,storage,139.40
2025-01,ws-0028,storage,35.79
2024-01,ws-0112,storage,231.30
2025-12,ws-0052,ai_tokens,7.42
2026-01,ws-0108,ai_tokens,33.11
2026-01,ws-0026,ai_tokens,4.13
2025-11,ws-0086,egress,8.09
2024-01,ws-0121,egress,217.18
2025-12,ws-0002,ai_tokens,220.41
2025-09,ws-0047,egress,2.76
2025-02,ws-0029,egress,3.71
2026-01,ws-0130,ai_tokens,140.20
2024-06,ws-0047,egress,2.47
2026-04,ws-0128,ai_tokens,569.42
2026-03,ws-0105,egress,12.73
2026-03,ws-0012,storage,82.06
2025-11,ws-0105,ai_tokens,9.75
2024-04,ws-0130,egress,83.35
2024-03,ws-0086,egress,7.29
2026-03,ws-0018,egress,30.22
2024-09,ws-0082,storage,2.69
2024-08,ws-0101,egress,21.75
2024-08,ws-0013,compute,28.42
2025-04,ws-0064,storage,244.65
2024-10,ws-0040,ai_tokens,2.30
2024-07,ws-0107,ai_tokens,2.81
2026-02,ws-0005,egress,2.73
2025-10,ws-0037,ai_tokens,52.88
2024-10,ws-0016,ai_tokens,1.21
2025-07,ws-0044,egress,73.71
2024-06,ws-0135,compute,470.70
2024-10,ws-0130,storage,114.33
2026-04,ws-0086,storage,17.86
2024-09,ws-0084,ai_tokens,2.34
2026-01,ws-0074,ai_tokens,18.87
2026-05,ws-0042,compute,155.61
2025-11,ws-0102,egress,123.86
2024-10,ws-0062,ai_tokens,14.66
2026-03,ws-0029,storage,7.62
2025-05,ws-0122,compute,1094.44
2025-05,ws-0102,storage,240.07
2026-05,ws-0067,storage,24.22
2026-01,ws-0064,egress,118.72
2024-05,ws-0124,egress,260.17
2025-11,ws-0087,egress,107.10
2025-11,ws-0111,storage,108.09
2024-09,ws-0125,storage,130.81
2025-08,ws-0034,storage,191.34
2024-03,ws-0068,compute,38.91
2024-11,ws-0096,egress,32.96
2026-04,ws-0016,compute,24.81
2026-02,ws-0032,ai_tokens,4.08
2024-11,ws-0090,ai_tokens,8.73
2025-06,ws-0030,egress,8.58
2025-02,ws-0068,egress,12.24
2025-09,ws-0130,egress,71.26
2026-06,ws-0054,storage,4.57
2024-06,ws-0062,ai_tokens,11.48
2024-10,ws-0005,storage,3.64
2024-02,ws-0028,compute,108.22
2024-12,ws-0070,compute,76.67
2025-06,ws-0005,ai_tokens,1.02
2026-04,ws-0086,compute,37.53
2025-05,ws-0132,storage,127.78
2026-02,ws-0007,ai_tokens,407.26
2025-11,ws-0049,compute,12.68
2026-02,ws-0085,storage,19.99
2024-11,ws-0120,egress,31.75
2024-04,ws-0090,storage,56.47
2026-04,ws-0082,egress,2.18
2025-05,ws-0101,compute,108.53
2026-04,ws-0110,ai_tokens,14.32
2025-07,ws-0124,egress,227.46
2025-07,ws-0066,egress,12.50
2026-06,ws-0104,egress,59.67
2026-05,ws-0004,ai_tokens,26.06
2025-12,ws-0098,egress,7.33
2024-12,ws-0090,egress,35.85
2025-11,ws-0086,compute,34.00
2025-10,ws-0041,egress,26.68
2026-02,ws-0074,ai_tokens,43.09
2024-02,ws-0047,storage,3.43
2025-03,ws-0040,egress,4.80
2025-07,ws-0135,compute,528.18
2026-05,ws-0133,storage,442.99
2026-02,ws-0112,storage,343.42
2024-07,ws-0122,storage,401.18
2024-07,ws-0026,ai_tokens,0.62
2025-07,ws-0041,storage,39.50
2025-03,ws-0035,egress,9.33
2026-03,ws-0003,egress,36.97
2026-01,ws-0073,ai_tokens,11.35
2025-04,ws-0057,storage,26.59
2026-06,ws-0019,storage,108.91
2026-04,ws-0088,egress,90.22
2024-09,ws-0058,ai_tokens,6.02
2024-03,ws-0120,compute,98.13
2024-02,ws-0041,egress,21.05
2024-10,ws-0001,ai_tokens,73.29
2024-07,ws-0008,storage,10.54
2025-08,ws-0074,storage,37.00
2026-06,ws-0057,storage,35.51
2025-02,ws-0044,egress,70.39
2024-10,ws-0073,ai_tokens,2.31
2025-03,ws-0061,ai_tokens,13.20
2026-02,ws-0134,compute,292.80
2024-07,ws-0102,storage,224.00
2026-03,ws-0005,ai_tokens,2.06
2025-11,ws-0094,egress,4.64
2025-02,ws-0045,egress,31.52
2025-03,ws-0035,ai_tokens,7.30
2025-09,ws-0063,egress,3.20
2026-06,ws-0009,storage,6.18
2025-08,ws-0079,compute,32.84
2025-01,ws-0079,ai_tokens,3.39
2024-11,ws-0118,ai_tokens,21.07
2025-10,ws-0084,egress,9.71
2026-06,ws-0131,ai_tokens,483.60
2026-05,ws-0104,storage,85.94
2025-12,ws-0090,ai_tokens,26.89
2025-02,ws-0012,ai_tokens,19.87
2025-11,ws-0059,compute,122.45
2025-05,ws-0084,egress,7.13
2026-05,ws-0117,ai_tokens,64.63
2026-05,ws-0121,egress,354.97
2025-02,ws-0007,ai_tokens,130.79
2025-10,ws-0040,ai_tokens,6.15
2025-06,ws-0073,ai_tokens,5.82
2025-01,ws-0112,compute,664.62
2025-10,ws-0076,ai_tokens,20.25
2025-04,ws-0086,egress,9.03
2024-09,ws-0017,ai_tokens,44.85
2025-10,ws-0063,ai_tokens,2.81
2024-03,ws-0075,egress,9.66
2026-06,ws-0098,storage,15.96
2026-02,ws-0055,egress,28.03
2026-02,ws-0047,ai_tokens,4.31
2025-08,ws-0108,compute,152.18
2026-02,ws-0134,storage,160.59
2025-09,ws-0058,ai_tokens,12.01
2026-01,ws-0034,ai_tokens,168.08
2025-05,ws-0028,egress,21.55
2025-10,ws-0017,ai_tokens,111.17
2024-12,ws-0082,ai_tokens,1.05
2026-06,ws-0004,egress,14.10
2025-08,ws-0130,ai_tokens,80.03
2025-01,ws-0124,compute,1196.11
2025-05,ws-0045,compute,141.20
2025-05,ws-0107,storage,16.10
2024-07,ws-0127,compute,631.58
2025-12,ws-0110,egress,6.97
2026-04,ws-0080,compute,10.37
2025-11,ws-0098,storage,12.54
2025-10,ws-0099,egress,153.02
2025-03,ws-0015,compute,189.02
2024-12,ws-0040,storage,9.89
2026-04,ws-0085,storage,15.51
2026-01,ws-0099,egress,184.21
2026-05,ws-0004,compute,49.96
2025-10,ws-0118,egress,94.57
2026-06,ws-0021,ai_tokens,8.55
2024-06,ws-0082,storage,3.59
2025-11,ws-0059,ai_tokens,34.79
2024-07,ws-0079,ai_tokens,1.17
2025-08,ws-0121,compute,967.81
2024-04,ws-0055,egress,23.63
2024-06,ws-0127,storage,205.00
2025-01,ws-0104,compute,170.67
2024-05,ws-0086,storage,12.26
2025-04,ws-0001,ai_tokens,88.68
2026-02,ws-0130,compute,366.16
2025-01,ws-0054,storage,3.79
2026-03,ws-0064,egress,130.68
2024-03,ws-0033,egress,54.67
2026-01,ws-0071,storage,48.11
2026-03,ws-0110,storage,15.42
2024-05,ws-0067,compute,53.02
2025-07,ws-0012,ai_tokens,15.95
2024-06,ws-0047,compute,14.04
2026-01,ws-0013,storage,11.24
2025-03,ws-0034,ai_tokens,59.30
2025-07,ws-0132,compute,318.17
2025-06,ws-0058,ai_tokens,14.52
2024-05,ws-0129,egress,43.07
2025-11,ws-0118,compute,396.31
2026-06,ws-0088,compute,545.17
2025-06,ws-0034,storage,146.86
2025-09,ws-0044,egress,66.63
2026-03,ws-0121,compute,1091.77
2025-02,ws-0094,ai_tokens,3.31
2026-04,ws-0130,egress,87.17
2024-10,ws-0101,storage,31.70
2024-06,ws-0067,storage,16.00
2024-03,ws-0079,storage,10.90
2026-04,ws-0001,compute,666.81
2026-02,ws-0048,egress,2.55
2024-11,ws-0034,compute,499.15
2024-11,ws-0074,compute,126.40
2025-11,ws-0048,egress,3.30
2024-09,ws-0085,compute,39.64
2025-01,ws-0130,storage,-25.83
2025-07,ws-0006,compute,170.22
2026-05,ws-0014,compute,278.55
2025-05,ws-0086,egress,7.41
2026-02,ws-0101,compute,116.91
2024-07,ws-0001,storage,269.60
2025-08,ws-0038,ai_tokens,30.21
2026-02,ws-0077,ai_tokens,223.25
2026-06,ws-0072,compute,225.32
2024-12,ws-0112,compute,736.67
2026-06,ws-0050,storage,20.69
2026-05,ws-0089,compute,15.25
2025-03,ws-0135,compute,548.40
2025-11,ws-0047,egress,3.30
2025-09,ws-0125,compute,326.79
2025-11,ws-0013,egress,5.81
2025-06,ws-0126,compute,935.69
2026-02,ws-0051,compute,229.78
2025-10,ws-0002,ai_tokens,272.73
2024-12,ws-0016,egress,5.54
2024-12,ws-0099,compute,910.16
2025-11,ws-0061,egress,19.54
2024-12,ws-0062,storage,64.91
2024-10,ws-0134,ai_tokens,36.97
2025-02,ws-0026,compute,14.54
2026-04,ws-0096,storage,51.44
2025-04,ws-0002,egress,244.32
2024-11,ws-0124,compute,1179.11
2024-10,ws-0043,compute,415.60
2026-06,ws-0020,egress,52.99
2025-09,ws-0044,ai_tokens,32.50
2026-04,ws-0007,egress,253.95
2024-12,ws-0120,compute,110.47
2024-04,ws-0017,compute,701.72
2025-02,ws-0040,egress,4.42
2024-01,ws-0126,egress,211.39
2024-12,ws-0047,egress,2.88
2025-07,ws-0133,ai_tokens,104.48
2024-02,ws-0101,egress,18.85
2026-06,ws-0006,storage,86.16
2026-06,ws-0122,ai_tokens,690.71
2025-09,ws-0094,compute,31.09
2025-06,ws-0096,compute,131.38
2024-12,ws-0072,compute,148.91
2026-03,ws-0002,ai_tokens,437.90
2025-11,ws-0122,storage,562.20
2026-03,ws-0026,compute,19.31
2024-08,ws-0032,ai_tokens,1.10
2024-07,ws-0086,compute,38.86
2025-01,ws-0079,egress,8.05
2026-02,ws-0111,egress,74.42
2025-07,ws-0048,egress,2.33
2024-12,ws-0055,compute,155.76
2026-03,ws-0022,storage,10.69
2025-01,ws-0124,egress,199.20
2024-08,ws-0128,ai_tokens,49.86
2024-09,ws-0102,compute,556.11
2025-05,ws-0084,storage,14.08
2024-05,ws-0032,compute,16.82
2026-01,ws-0013,ai_tokens,7.05
2025-01,ws-0074,egress,20.55
2026-05,ws-0045,storage,60.84
2025-01,ws-0034,egress,87.84
2025-06,ws-0130,ai_tokens,63.23
2025-02,ws-0062,egress,35.85
2025-07,ws-0026,storage,5.80
2026-06,ws-0069,compute,192.13
2025-04,ws-0085,compute,42.69
2026-05,ws-0122,ai_tokens,745.16
2024-06,ws-0133,storage,253.27
2024-05,ws-0058,storage,24.78
2026-05,ws-0022,compute,21.54
2024-05,ws-0099,storage,299.29
2025-01,ws-0070,storage,37.50
2026-02,ws-0001,egress,156.79
2025-10,ws-0084,ai_tokens,7.54
2024-05,ws-0127,egress,128.55
2025-06,ws-0122,compute,1479.54
2026-01,ws-0055,egress,38.14
2026-02,ws-0102,compute,626.49
2025-06,ws-0079,ai_tokens,5.31
2026-02,ws-0123,storage,160.25
2024-12,ws-0131,ai_tokens,59.69
2025-02,ws-0032,egress,2.82
2026-01,ws-0060,ai_tokens,7.60
2025-12,ws-0030,compute,40.42
2025-01,ws-0079,storage,12.88
2025-03,ws-0131,storage,377.66
2024-07,ws-0126,storage,318.94
2025-07,ws-0103,compute,24.56
2024-03,ws-0067,storage,16.75
2025-08,ws-0099,egress,152.24
2024-04,ws-0035,storage,13.81
2025-08,ws-0030,storage,21.81
2025-10,ws-0130,storage,168.14
2025-09,ws-0043,storage,244.36
2025-12,ws-0027,ai_tokens,4.37
2025-06,ws-0008,ai_tokens,8.54
2026-04,ws-0068,compute,44.87
2026-06,ws-0130,storage,140.67
2025-09,ws-0077,ai_tokens,159.75
2025-11,ws-0034,ai_tokens,127.53
2025-08,ws-0067,storage,16.75
2024-07,ws-0035,egress,11.00
2025-02,ws-0130,egress,95.71
2026-03,ws-0042,storage,97.94
2025-12,ws-0001,compute,686.78
2024-06,ws-0118,egress,90.03
2024-02,ws-0047,compute,13.82
2024-03,ws-0055,storage,36.01
2025-07,ws-0049,storage,4.29
2026-02,ws-0118,storage,142.53
2026-05,ws-0081,compute,8.95
2025-05,ws-0030,compute,35.06
2024-12,ws-0085,storage,11.76
2025-05,ws-0121,storage,401.21
2025-05,ws-0008,storage,18.31
2025-10,ws-0128,ai_tokens,320.45
2026-03,ws-0088,storage,167.08
2025-10,ws-0041,storage,46.37
2025-04,ws-0107,ai_tokens,4.42
2025-12,ws-0118,compute,438.57
2026-01,ws-0087,egress,109.84
2024-07,ws-0061,egress,20.11
2024-01,ws-0061,compute,93.14
2026-01,ws-0070,storage,42.97
2024-06,ws-0074,compute,85.59
2026-01,ws-0069,compute,181.47
2024-12,ws-0068,storage,17.70
2025-03,ws-0017,ai_tokens,55.95
2024-12,ws-0103,storage,8.52
2026-02,ws-0082,ai_tokens,4.37
2025-03,ws-0103,storage,10.39
2024-01,ws-0054,egress,2.58
2026-06,ws-0021,egress,5.28
2025-08,ws-0039,compute,68.58
2024-12,ws-0045,compute,116.85
2025-09,ws-0044,compute,276.81
2025-05,ws-0054,storage,4.62
2025-04,ws-0117,ai_tokens,12.44
2024-12,ws-0122,ai_tokens,127.33
2026-01,ws-0088,compute,533.60
2025-04,ws-0016,egress,6.25
2026-02,ws-0083,ai_tokens,4.49
2024-11,ws-0043,storage,212.28
2024-02,ws-0133,compute,1113.72
2024-05,ws-0073,compute,25.78
2024-07,ws-0053,storage,3.90
2025-08,ws-0027,compute,21.38
2025-07,ws-0090,storage,57.81
2026-02,ws-0056,storage,6.15
2024-12,ws-0126,storage,353.61
2024-01,ws-0028,egress,26.10
2025-03,ws-0070,egress,15.45
2025-12,ws-0028,egress,27.44
2026-03,ws-0104,compute,242.33
2024-11,ws-0133,storage,286.91
2024-10,ws-0045,egress,30.73
2024-12,ws-0084,storage,16.23
2026-04,ws-0094,egress,5.86
2024-11,ws-0016,ai_tokens,1.77
2024-09,ws-0121,storage,394.25
2026-05,ws-0039,egress,20.43
2026-03,ws-0055,ai_tokens,60.58
2024-12,ws-0128,egress,269.04
2024-01,ws-0131,compute,660.88
2026-04,ws-0054,compute,10.15
2024-07,ws-0048,ai_tokens,0.95
2025-09,ws-0073,compute,30.29
2025-08,ws-0048,compute,14.19
2025-10,ws-0005,egress,2.26
2026-02,ws-0041,storage,63.63
2024-02,ws-0031,storage,59.19
2025-03,ws-0094,ai_tokens,4.23
2026-01,ws-0020,compute,276.75
2025-07,ws-0096,egress,24.87
2025-02,ws-0079,compute,36.74
2025-05,ws-0102,ai_tokens,63.19
2026-05,ws-0094,storage,11.19
2024-02,ws-0038,storage,51.38
2024-04,ws-0107,storage,11.45
2024-04,ws-0061,storage,22.41
2025-08,ws-0058,storage,22.49
2025-03,ws-0058,storage,29.40
2026-05,ws-0018,storage,85.59
2025-09,ws-0038,compute,190.63
2025-11,ws-0030,egress,9.12
2026-05,ws-0094,compute,27.08
2025-07,ws-0068,ai_tokens,5.94
2024-03,ws-0126,compute,916.84
2025-01,ws-0015,ai_tokens,21.37
2024-06,ws-0059,egress,37.39
2024-09,ws-0058,storage,22.30
2025-08,ws-0068,egress,8.41
2024-02,ws-0075,storage,16.06
2025-04,ws-0034,storage,202.41
2025-03,ws-0032,ai_tokens,2.14
2026-04,ws-0095,egress,39.62
2024-03,ws-0001,storage,202.67
2025-11,ws-0084,egress,9.59
2026-02,ws-0110,compute,36.84
2026-02,ws-0007,egress,218.51
2025-03,ws-0038,ai_tokens,27.59
2026-06,ws-0052,storage,10.22
2026-04,ws-0006,storage,74.53
2024-07,ws-0068,egress,10.25
2025-05,ws-0125,ai_tokens,53.63
2025-08,ws-0105,storage,32.06
2025-11,ws-0127,ai_tokens,189.59
2025-03,ws-0072,egress,41.70
2025-11,ws-0061,ai_tokens,22.20
2026-06,ws-0088,egress,100.41
2026-05,ws-0055,egress,34.64
2025-03,ws-0028,egress,20.41
2024-03,ws-0028,storage,30.56
2026-02,ws-0126,ai_tokens,175.31
2025-03,ws-0121,egress,292.23
2025-11,ws-0068,egress,11.29
2024-11,ws-0122,egress,315.19
2025-06,ws-0048,ai_tokens,2.15
2024-05,ws-0017,storage,212.33
2025-04,ws-0051,storage,89.56
2024-08,ws-0041,storage,43.97
2025-10,ws-0016,egress,6.37
2024-07,ws-0102,compute,505.62
2026-05,ws-0020,compute,229.39
2025-01,ws-0028,compute,123.21
2025-11,ws-0035,ai_tokens,14.89
2025-09,ws-0118,egress,69.20
2024-02,ws-0076,compute,64.61
2025-04,ws-0074,ai_tokens,17.62
2024-12,ws-0059,egress,33.28
2025-12,ws-0075,compute,45.62
2025-12,ws-0016,egress,5.17
2026-05,ws-0038,egress,47.76
2024-10,ws-0123,compute,254.73
2025-04,ws-0101,ai_tokens,14.37
2025-08,ws-0043,storage,236.88
2025-12,ws-0019,egress,61.40
2024-10,ws-0102,ai_tokens,30.09
2024-10,ws-0005,compute,10.58
2025-01,ws-0090,compute,124.06
2024-09,ws-0033,compute,286.78
2025-11,ws-0125,storage,120.02
2025-07,ws-0030,egress,8.05
2025-03,ws-0082,storage,4.36
2024-12,ws-0048,ai_tokens,0.91
2025-04,ws-0081,egress,2.31
2026-02,ws-0110,ai_tokens,9.68
2025-08,ws-0040,egress,5.14
2024-07,ws-0101,ai_tokens,4.25
2026-06,ws-0042,storage,81.64
2026-06,ws-0057,ai_tokens,40.69
2026-04,ws-0028,egress,28.70
2025-06,ws-0133,storage,340.57
2026-02,ws-0109,compute,37.45
2025-07,ws-0133,egress,217.40
2026-01,ws-0117,storage,50.34
2024-05,ws-0134,storage,142.13
2025-12,ws-0134,storage,157.34
2024-05,ws-0085,storage,14.58
2026-04,ws-0120,ai_tokens,63.95
2025-11,ws-0015,ai_tokens,76.52
2024-05,ws-0102,compute,561.92
2025-09,ws-0075,storage,18.41
2026-02,ws-0015,ai_tokens,75.75
2024-10,ws-0028,ai_tokens,8.70
2025-12,ws-0054,compute,9.69
2024-09,ws-0072,ai_tokens,11.15
2024-07,ws-0112,storage,214.50
2024-05,ws-0132,storage,112.78
2026-04,ws-0087,compute,534.27
2024-01,ws-0096,egress,23.57
2025-10,ws-0104,egress,41.38
2025-07,ws-0079,storage,13.41
2026-06,ws-0132,compute,257.27
2025-10,ws-0015,ai_tokens,66.15
2024-12,ws-0041,ai_tokens,9.29
2024-09,ws-0026,compute,19.09
2026-02,ws-0102,storage,247.08
2026-03,ws-0026,egress,3.72
2025-02,ws-0008,egress,8.58
2026-03,ws-0073,compute,28.04
2025-05,ws-0028,storage,36.95
2024-11,ws-0103,storage,7.94
2024-12,ws-0054,compute,12.13
2025-06,ws-0048,compute,12.62
2025-12,ws-0086,compute,31.60
2025-12,ws-0026,compute,17.71
2026-01,ws-0128,compute,1480.48
2026-04,ws-0062,ai_tokens,54.94
2025-12,ws-0030,egress,10.07
2026-06,ws-0092,storage,22.62
2024-07,ws-0079,storage,12.60
2026-06,ws-0005,storage,5.59
2024-05,ws-0096,compute,100.63
2026-04,ws-0071,egress,24.91
2025-09,ws-0107,ai_tokens,6.82
2025-08,ws-0027,egress,5.40
2025-05,ws-0072,compute,153.52
2026-05,ws-0104,compute,197.30
2024-03,ws-0135,compute,472.41
2025-02,ws-0073,storage,10.48
2025-08,ws-0039,storage,27.15
2024-01,ws-0038,storage,53.99
2026-03,ws-0085,compute,33.29
2025-10,ws-0128,storage,542.45
2024-02,ws-0033,storage,67.88
2024-08,ws-0079,ai_tokens,2.02
2025-07,ws-0104,compute,209.15
2025-12,ws-0034,ai_tokens,80.30
2024-07,ws-0132,ai_tokens,16.39
2024-07,ws-0017,storage,241.51
2024-07,ws-0032,ai_tokens,1.31
2025-02,ws-0118,storage,137.90
2026-03,ws-0033,egress,56.97
2024-06,ws-0103,compute,18.94
2026-03,ws-0109,ai_tokens,15.90
2025-03,ws-0127,storage,186.56
2026-06,ws-0031,compute,183.14
2025-05,ws-0033,compute,243.68
2026-01,ws-0124,ai_tokens,400.12
2024-08,ws-0120,storage,40.36
2026-01,ws-0099,ai_tokens,265.90
2026-05,ws-0019,compute,229.80
2024-09,ws-0133,ai_tokens,83.82
2024-07,ws-0057,ai_tokens,4.01
2026-03,ws-0099,egress,181.59
2026-05,ws-0052,ai_tokens,6.23
2024-04,ws-0107,egress,9.59
2024-11,ws-0094,storage,7.26
2024-10,ws-0107,egress,8.77
2024-03,ws-0079,egress,6.75
2026-06,ws-0003,storage,57.42
2024-09,ws-0017,storage,246.40
2024-08,ws-0121,egress,315.94
2026-04,ws-0117,egress,26.99
2024-04,ws-0096,egress,31.90
2024-10,ws-0133,ai_tokens,67.73
2026-01,ws-0029,ai_tokens,4.15
2025-03,ws-0013,compute,20.78
2025-01,ws-0032,egress,4.03
2025-02,ws-0013,egress,5.98
2025-12,ws-0018,storage,55.85
2025-12,ws-0005,storage,5.01
2026-06,ws-0028,egress,27.29
2024-07,ws-0013,egress,5.10
2025-05,ws-0035,egress,11.75
2025-04,ws-0061,egress,21.79
2024-08,ws-0073,compute,31.27
2025-06,ws-0035,ai_tokens,4.17
2024-12,ws-0081,ai_tokens,1.05
2025-09,ws-0028,ai_tokens,29.11
2025-11,ws-0029,storage,8.13
2026-02,ws-0088,ai_tokens,89.53
2026-06,ws-0107,egress,9.77
2025-05,ws-0070,storage,27.02
2025-03,ws-0058,ai_tokens,6.60
2025-07,ws-0130,compute,453.88
2024-09,ws-0086,storage,12.83
2025-08,ws-0094,ai_tokens,5.60
2024-07,ws-0013,compute,24.15
2024-06,ws-0085,storage,13.51
2025-07,ws-0076,compute,58.10
2025-08,ws-0045,compute,101.10
2024-01,ws-0058,egress,14.30
2025-12,ws-0106,storage,27.31
2025-10,ws-0082,storage,4.66
2024-08,ws-0028,ai_tokens,6.79
2025-02,ws-0131,ai_tokens,116.80
2024-05,ws-0096,storage,46.76
2026-03,ws-0049,ai_tokens,5.98
2025-06,ws-0038,ai_tokens,22.60
2025-03,ws-0013,egress,6.24
2025-06,ws-0118,egress,94.93
2024-11,ws-0012,ai_tokens,16.88
2025-11,ws-0118,storage,179.08
2026-02,ws-0068,compute,48.96
2025-08,ws-0133,storage,478.33
2025-06,ws-0015,egress,44.46
2026-05,ws-0044,storage,139.62
2025-05,ws-0118,ai_tokens,44.19
2026-04,ws-0124,egress,267.43
2025-03,ws-0048,storage,4.99
2025-07,ws-0053,egress,2.69
2026-06,ws-0117,ai_tokens,37.09
2026-01,ws-0033,ai_tokens,94.22
2026-05,ws-0129,storage,129.95
2024-06,ws-0058,egress,16.66
2026-05,ws-0064,ai_tokens,211.76
2025-10,ws-0125,ai_tokens,63.11
2026-05,ws-0131,storage,363.09
2025-12,ws-0056,storage,5.01
2024-09,ws-0080,compute,8.67
2025-04,ws-0034,egress,108.68
2025-07,ws-0130,storage,134.24
2026-04,ws-0125,egress,74.67
2024-07,ws-0040,ai_tokens,1.07
2024-04,ws-0068,storage,17.07
2026-04,ws-0036,compute,17.77
2025-04,ws-0043,storage,219.92
2026-04,ws-0074,egress,20.54
2024-12,ws-0038,compute,159.16
2025-03,ws-0007,egress,256.03
2024-07,ws-0055,ai_tokens,11.77
2026-02,ws-0022,egress,4.62
2025-07,ws-0015,compute,237.37
2025-08,ws-0085,storage,15.24
2024-08,ws-0029,ai_tokens,1.06
2025-07,ws-0106,egress,12.83
2025-04,ws-0090,storage,46.27
2025-08,ws-0072,compute,215.35
2025-09,ws-0033,storage,112.52
2025-10,ws-0037,egress,35.25
2024-05,ws-0072,egress,38.67
2026-01,ws-0047,compute,14.52
2024-02,ws-0129,compute,221.48
2025-11,ws-0083,egress,3.29
2026-01,ws-0057,compute,71.83
2024-11,ws-0131,ai_tokens,95.47
2026-05,ws-0100,ai_tokens,10.19
2025-08,ws-0123,compute,242.90
2026-02,ws-0057,storage,34.56
2024-07,ws-0073,compute,29.27
2024-07,ws-0044,ai_tokens,18.91
2024-02,ws-0121,egress,220.09
2025-04,ws-0121,storage,446.76
2025-01,ws-0034,storage,167.12
2025-11,ws-0123,storage,153.03
2025-04,ws-0002,storage,391.72
2024-05,ws-0082,storage,3.09
2024-02,ws-0026,compute,12.73
2025-08,ws-0030,egress,11.66
2025-08,ws-0102,ai_tokens,64.96
2026-01,ws-0084,egress,7.79
2024-03,ws-0127,compute,488.11
2025-06,ws-0134,egress,72.77
2026-01,ws-0070,ai_tokens,28.82
2024-08,ws-0016,storage,10.36
2024-08,ws-0094,compute,26.98
2025-04,ws-0057,egress,16.98
2024-02,ws-0072,compute,212.71
2025-07,ws-0086,egress,8.05
2026-01,ws-0108,compute,163.84
2025-10,ws-0030,egress,9.93
2025-08,ws-0034,egress,117.22
2025-11,ws-0039,ai_tokens,16.63
2025-01,ws-0068,egress,9.27
2025-12,ws-0065,storage,56.46
2024-08,ws-0043,storage,208.81
2024-03,ws-0102,storage,212.56
2025-01,ws-0076,egress,16.72
2024-10,ws-0104,egress,51.26
2026-03,ws-0043,egress,138.81
2026-06,ws-0037,compute,158.79
2025-11,ws-0117,storage,49.23
2025-01,ws-0074,ai_tokens,13.97
2026-06,ws-0080,storage,3.92
2024-11,ws-0054,storage,3.69
2026-06,ws-0019,egress,59.76
2025-03,ws-0131,egress,184.86
2025-12,ws-0066,compute,45.86
2024-06,ws-0086,storage,11.32
2025-06,ws-0120,ai_tokens,24.19
2026-06,ws-0061,egress,18.11
2026-03,ws-0128,compute,1240.31
2026-01,ws-0108,egress,38.29
2026-06,ws-0003,ai_tokens,49.40
2025-07,ws-0030,ai_tokens,7.41
2025-02,ws-0134,compute,295.84
2026-05,ws-0030,compute,40.78
2025-02,ws-0130,ai_tokens,39.42
2024-05,ws-0013,compute,20.64
2024-05,ws-0055,compute,139.58
2026-01,ws-0129,ai_tokens,105.13
2025-05,ws-0053,compute,10.94
2024-08,ws-0034,egress,85.15
2025-09,ws-0008,egress,10.17
2024-11,ws-0079,compute,27.30
2024-07,ws-0061,storage,33.05
2024-12,ws-0026,egress,3.05
2025-05,ws-0076,egress,14.51
2024-09,ws-0132,compute,354.72
2026-02,ws-0135,compute,510.34
2025-02,ws-0067,storage,19.62
2026-06,ws-0099,compute,838.36
2024-11,ws-0045,egress,28.46
2024-02,ws-0044,compute,240.34
2025-11,ws-0077,compute,976.98
2025-10,ws-0086,storage,17.92
2024-06,ws-0107,compute,28.79
2026-03,ws-0008,egress,9.50
2026-04,ws-0069,ai_tokens,82.11
2024-10,ws-0029,egress,3.47
2025-09,ws-0051,storage,104.00
2025-08,ws-0052,ai_tokens,4.06
2025-08,ws-0086,storage,15.38
2024-06,ws-0112,ai_tokens,42.89
2024-12,ws-0031,compute,189.19
2024-08,ws-0017,egress,150.32
2026-04,ws-0074,ai_tokens,54.61
2025-07,ws-0129,compute,274.64
2025-06,ws-0017,ai_tokens,80.21
2026-02,ws-0060,ai_tokens,10.78
2025-10,ws-0033,ai_tokens,71.18
2026-02,ws-0050,egress,6.70
2025-09,ws-0026,egress,4.32
2026-01,ws-0083,storage,7.96
2026-05,ws-0011,compute,16.09
2024-03,ws-0112,compute,665.60
2026-06,ws-0057,egress,18.19
2025-01,ws-0120,ai_tokens,7.76
2025-02,ws-0032,compute,14.55
2026-04,ws-0091,ai_tokens,15.20
2024-04,ws-0068,egress,9.13
2025-09,ws-0080,ai_tokens,1.18
2024-07,ws-0103,ai_tokens,1.02
2026-02,ws-0048,storage,5.55
2024-08,ws-0047,compute,13.10
2024-07,ws-0128,egress,293.13
2025-04,ws-0016,compute,24.42
2025-06,ws-0120,compute,115.05
2025-02,ws-0043,compute,597.90
2024-12,ws-0055,egress,33.72
2025-11,ws-0018,egress,44.65
2025-07,ws-0117,compute,126.81
2026-03,ws-0057,storage,24.91
2025-01,ws-0047,compute,9.91
2024-10,ws-0012,egress,41.45
2026-06,ws-0125,ai_tokens,106.88
2026-03,ws-0069,storage,73.44
2025-06,ws-0133,ai_tokens,104.42
2026-04,ws-0066,storage,18.30
2024-12,ws-0107,compute,31.57
2024-05,ws-0082,compute,9.97
2024-06,ws-0117,storage,47.86
2026-01,ws-0123,compute,360.34
2025-12,ws-0050,egress,7.66
2024-10,ws-0068,egress,8.05
2025-02,ws-0072,ai_tokens,21.83
2026-01,ws-0061,egress,19.00
2026-06,ws-0028,storage,53.54
2026-02,ws-0108,storage,61.16
2025-07,ws-0082,ai_tokens,1.51
2024-02,ws-0085,storage,10.57
2025-03,ws-0043,egress,99.17
2026-02,ws-0057,egress,15.53
2025-10,ws-0082,compute,9.27
2024-08,ws-0073,storage,11.82
2025-12,ws-0126,storage,309.00
2025-04,ws-0001,compute,815.30
2025-02,ws-0035,compute,50.15
2025-03,ws-0062,compute,186.25
2025-09,ws-0040,storage,8.97
2024-04,ws-0134,storage,139.61
2026-06,ws-0058,egress,17.40
2024-12,ws-0015,compute,210.49
2026-04,ws-0002,ai_tokens,387.77
2025-10,ws-0135,storage,292.10
2025-08,ws-0132,compute,241.71
2024-02,ws-0128,compute,1069.50
2026-01,ws-0101,egress,22.55
2026-01,ws-0066,compute,44.95
2024-11,ws-0122,storage,400.96
2024-10,ws-0096,ai_tokens,10.28
2025-11,ws-0001,egress,155.72
2025-11,ws-0072,egress,51.70
2025-01,ws-0130,egress,85.03
2025-03,ws-0130,compute,356.68
2024-07,ws-0094,storage,10.45
2024-03,ws-0094,storage,9.61
2026-02,ws-0129,ai_tokens,72.16
2026-01,ws-0030,ai_tokens,16.74
2026-01,ws-0040,storage,11.91
2025-09,ws-0112,egress,186.51
2025-03,ws-0127,ai_tokens,61.92
2026-01,ws-0132,egress,69.49
2025-06,ws-0086,ai_tokens,4.94
2024-11,ws-0044,storage,110.48
2025-09,ws-0070,compute,104.48
2025-09,ws-0122,egress,367.69
2025-06,ws-0076,ai_tokens,12.39
2024-12,ws-0130,egress,76.15
2024-06,ws-0044,egress,64.66
2025-05,ws-0074,storage,36.43
2026-03,ws-0133,ai_tokens,396.27
2026-01,ws-0126,egress,183.58
2025-06,ws-0028,ai_tokens,21.49
2025-10,ws-0096,storage,45.25
2026-04,ws-0098,ai_tokens,12.40
2024-02,ws-0061,compute,75.23
2026-05,ws-0073,storage,14.77
2025-12,ws-0106,ai_tokens,21.32
2026-05,ws-0110,storage,17.43
2025-12,ws-0079,egress,5.72
2026-02,ws-0125,ai_tokens,121.67
2026-06,ws-0084,storage,16.92
2025-09,ws-0061,compute,66.07
2024-05,ws-0074,compute,88.97
2025-02,ws-0082,storage,3.59
2025-05,ws-0120,compute,102.35
2026-04,ws-0067,compute,53.27
2025-09,ws-0052,storage,7.11
2025-04,ws-0067,egress,9.19
2025-08,ws-0112,storage,278.63
2026-02,ws-0008,storage,13.88
2024-04,ws-0067,storage,15.14
2025-02,ws-0081,compute,10.65
2025-01,ws-0041,ai_tokens,10.79
2026-05,ws-0016,ai_tokens,13.18
2025-01,ws-0029,ai_tokens,1.53
2024-11,ws-0049,egress,2.85
2025-09,ws-0103,ai_tokens,5.62
2026-06,ws-0022,egress,5.17
2026-03,ws-0065,ai_tokens,30.35
2025-06,ws-0107,compute,32.05
2026-05,ws-0022,egress,3.90
2025-07,ws-0085,ai_tokens,4.13
2025-08,ws-0028,compute,-33.10
2025-07,ws-0125,compute,385.73
2026-04,ws-0102,storage,273.99
2024-10,ws-0053,ai_tokens,0.66
2025-11,ws-0028,ai_tokens,33.76
2025-09,ws-0076,storage,28.86
2025-07,ws-0002,compute,1070.00
2024-08,ws-0061,storage,25.22
2026-01,ws-0006,ai_tokens,34.73
2024-12,ws-0043,compute,417.35
2026-06,ws-0072,egress,48.91
2025-01,ws-0131,compute,917.59
2024-12,ws-0120,ai_tokens,7.40
2025-10,ws-0043,compute,652.16
2025-03,ws-0121,compute,1394.44
2026-03,ws-0041,egress,22.15
2025-11,ws-0033,compute,215.76
2026-04,ws-0015,egress,66.82
2026-01,ws-0058,storage,32.54
2026-01,ws-0028,ai_tokens,38.05
2025-01,ws-0133,compute,1057.26
2025-10,ws-0029,ai_tokens,4.99
2024-06,ws-0054,egress,1.91
2026-02,ws-0134,ai_tokens,139.33
2026-06,ws-0033,ai_tokens,110.34
2024-10,ws-0117,storage,46.72
2026-06,ws-0081,egress,2.19
2025-10,ws-0088,egress,123.02
2026-04,ws-0091,egress,10.22
2025-06,ws-0012,storage,52.76
2026-04,ws-0125,compute,324.14
2024-01,ws-0096,storage,48.77
2025-08,ws-0031,storage,56.28
2026-04,ws-0134,ai_tokens,195.26
2025-08,ws-0062,egress,43.93
2024-10,ws-0132,egress,70.77
2026-04,ws-0099,storage,333.70
2024-06,ws-0061,storage,28.65
2025-10,ws-0026,ai_tokens,4.12
2026-05,ws-0031,egress,32.91
2024-09,ws-0085,ai_tokens,2.77
2024-02,ws-0013,storage,9.23
2024-08,ws-0099,storage,292.16
2024-05,ws-0118,compute,306.69
2025-03,ws-0067,egress,11.36
2025-09,ws-0029,storage,10.16
2024-06,ws-0117,compute,135.20
2025-11,ws-0129,ai_tokens,78.06
2024-07,ws-0084,compute,33.52
2025-09,ws-0044,storage,110.73
2025-01,ws-0090,storage,61.13
2024-05,ws-0125,compute,313.76
2024-08,ws-0124,compute,847.76
2024-09,ws-0059,storage,56.51
2026-05,ws-0081,storage,4.55
2026-06,ws-0015,ai_tokens,148.46
2026-04,ws-0039,storage,36.17
2024-10,ws-0086,ai_tokens,2.12
2024-07,ws-0017,compute,687.52
2025-04,ws-0034,ai_tokens,60.02
2025-09,ws-0051,egress,46.56
2025-08,ws-0017,ai_tokens,117.27
2024-11,ws-0061,compute,87.23
2025-01,ws-0067,compute,52.47
2026-01,ws-0071,compute,90.55
2026-01,ws-0061,storage,38.01
2024-12,ws-0096,egress,30.32
2025-12,ws-0048,ai_tokens,2.39
2025-07,ws-0121,ai_tokens,144.80
2024-02,ws-0103,compute,28.24
2024-03,ws-0028,compute,84.51
2025-01,ws-0135,egress,100.01
2024-10,ws-0124,ai_tokens,88.87
2025-08,ws-0029,compute,16.12
2025-09,ws-0134,compute,281.97
2024-06,ws-0131,storage,224.67
2024-10,ws-0049,storage,4.16
2026-03,ws-0001,storage,355.60
2025-10,ws-0047,egress,3.35
2026-04,ws-0068,egress,12.20
2026-05,ws-0060,compute,32.15
2026-04,ws-0068,storage,17.91
2024-06,ws-0123,compute,226.19
2025-02,ws-0112,ai_tokens,73.99
2024-12,ws-0107,egress,8.80
2025-10,ws-0124,ai_tokens,195.14
2026-04,ws-0107,egress,9.25
2026-05,ws-0121,ai_tokens,530.01
2026-05,ws-0102,egress,140.84
2025-09,ws-0006,compute,174.47
2024-10,ws-0090,storage,48.43
2026-05,ws-0068,ai_tokens,14.54
2024-05,ws-0131,compute,757.70
2026-02,ws-0065,egress,32.15
2026-05,ws-0058,storage,34.24
2026-04,ws-0008,ai_tokens,21.45
2025-12,ws-0081,ai_tokens,1.99
2024-06,ws-0066,storage,18.21
2025-10,ws-0039,storage,31.15
2024-03,ws-0038,compute,153.86
2025-05,ws-0049,egress,2.71
2026-03,ws-0004,storage,26.64
2024-12,ws-0073,storage,13.14
2026-03,ws-0084,compute,42.99
2025-10,ws-0030,ai_tokens,11.00
2025-05,ws-0051,egress,52.74
2025-05,ws-0060,compute,43.75
2025-10,ws-0055,egress,32.81
2025-11,ws-0066,storage,16.97
2026-06,ws-0066,ai_tokens,22.02
2025-10,ws-0133,ai_tokens,190.91
2025-04,ws-0047,storage,4.31
2025-02,ws-0107,egress,7.51
2026-05,ws-0018,ai_tokens,74.23
2025-09,ws-0090,egress,36.60
2026-04,ws-0057,ai_tokens,26.27
2025-12,ws-0065,compute,144.73
2024-06,ws-0068,compute,40.85
2024-12,ws-0076,ai_tokens,6.08
2026-02,ws-0117,egress,26.35
2024-12,ws-0080,egress,2.07
2024-06,ws-0053,egress,2.86
2025-09,ws-0053,egress,2.90
2024-12,ws-0029,storage,8.97
2025-11,ws-0135,storage,226.30
2025-12,ws-0080,egress,2.59
2024-10,ws-0068,ai_tokens,4.51
2024-12,ws-0057,storage,28.23
2025-09,ws-0112,compute,684.68
2025-02,ws-0048,compute,13.39
2025-10,ws-0019,compute,274.53
2026-01,ws-0029,egress,4.98
2025-10,ws-0032,compute,12.90
2025-08,ws-0099,ai_tokens,201.72
2024-07,ws-0080,ai_tokens,0.43
2025-11,ws-0030,ai_tokens,10.45
2025-10,ws-0130,compute,306.72
2024-02,ws-0131,storage,229.08
2026-02,ws-0125,egress,72.93
2024-09,ws-0099,egress,169.80
2025-01,ws-0080,compute,10.84
2025-07,ws-0048,ai_tokens,1.46
2026-04,ws-0039,egress,14.38
2024-12,ws-0054,egress,2.48
2025-01,ws-0135,storage,229.78
2025-08,ws-0130,egress,66.89
2024-01,ws-0102,compute,465.96
2026-05,ws-0024,storage,269.26
2024-12,ws-0123,compute,320.90
2024-02,ws-0102,storage,170.59
2026-05,ws-0094,ai_tokens,8.25
2026-06,ws-0060,storage,17.49
2025-06,ws-0030,ai_tokens,9.49
2026-04,ws-0079,storage,11.82
2025-09,ws-0127,storage,252.79
2025-02,ws-0031,compute,141.67
2026-04,ws-0096,ai_tokens,41.44
2026-02,ws-0053,compute,8.92
2025-06,ws-0033,compute,202.40
2025-06,ws-0064,ai_tokens,61.60
2026-05,ws-0122,egress,367.56
2024-02,ws-0035,storage,11.14
2024-09,ws-0079,egress,6.97
2026-05,ws-0132,compute,363.43
2025-10,ws-0130,egress,68.85
2025-02,ws-0026,egress,3.03
2025-03,ws-0005,compute,9.25
2024-03,ws-0133,compute,1033.18
2025-12,ws-0082,ai_tokens,2.97
2024-06,ws-0126,ai_tokens,29.25
2026-04,ws-0098,compute,35.60
2025-11,ws-0123,egress,59.47
2026-04,ws-0026,storage,7.92
2026-03,ws-0121,egress,247.39
2024-06,ws-0096,compute,146.89
2024-04,ws-0032,egress,3.89
2025-04,ws-0070,compute,69.89
2025-07,ws-0094,egress,6.90
2026-02,ws-0029,egress,4.59
2025-03,ws-0130,storage,143.05
2024-04,ws-0094,compute,26.23
2026-05,ws-0080,compute,8.52
2026-02,ws-0120,storage,57.59
2025-05,ws-0062,egress,39.09
2026-06,ws-0019,compute,202.96
2026-06,ws-0073,ai_tokens,11.14
2025-02,ws-0047,storage,4.97
2025-06,ws-0069,egress,32.81
2025-02,ws-0043,egress,124.83
2025-08,ws-0080,egress,2.62
2024-03,ws-0035,storage,16.03
2026-05,ws-0038,storage,79.95
2024-12,ws-0008,compute,36.19
2026-02,ws-0007,compute,1180.64
2024-09,ws-0122,ai_tokens,69.42
2025-05,ws-0130,egress,94.00
2024-03,ws-0076,compute,67.05
2024-11,ws-0072,ai_tokens,19.82
2024-09,ws-0013,compute,24.79
2025-06,ws-0035,storage,20.11
2026-02,ws-0080,storage,3.96
2025-01,ws-0076,ai_tokens,6.53
2025-05,ws-0125,egress,68.71
2024-03,ws-0084,storage,10.81
2026-04,ws-0022,ai_tokens,8.12
2026-05,ws-0010,compute,13.76
2025-05,ws-0102,compute,617.21
2026-03,ws-0111,storage,110.08
2026-04,ws-0126,ai_tokens,343.07
2025-07,ws-0073,storage,12.63
2026-03,ws-0127,storage,204.69
2026-05,ws-0007,egress,290.73
2025-02,ws-0128,ai_tokens,83.59
2025-11,ws-0007,compute,909.80
2026-02,ws-0099,storage,362.52
2025-10,ws-0082,ai_tokens,2.40
2024-09,ws-0066,egress,11.80
2026-06,ws-0018,ai_tokens,102.00
2025-10,ws-0081,storage,4.04
2024-05,ws-0040,compute,19.76
2026-03,ws-0132,ai_tokens,99.79
2024-01,ws-0076,storage,22.22
2024-01,ws-0013,compute,25.04
2025-11,ws-0131,compute,1034.01
2026-03,ws-0046,ai_tokens,47.66
2026-03,ws-0067,storage,22.73
2025-02,ws-0123,storage,131.22
2024-07,ws-0090,egress,28.18
2024-05,ws-0107,compute,29.79
2024-01,ws-0049,storage,4.17
2025-10,ws-0121,storage,436.88
2026-02,ws-0086,ai_tokens,10.67
2025-05,ws-0055,ai_tokens,13.80
2025-10,ws-0088,ai_tokens,120.98
2024-01,ws-0073,compute,27.57
2025-03,ws-0131,ai_tokens,130.57
2024-03,ws-0081,compute,9.44
2026-06,ws-0038,egress,39.41
2025-12,ws-0045,storage,51.52
2025-12,ws-0066,ai_tokens,10.80
2025-07,ws-0059,storage,59.57
2025-05,ws-0064,compute,493.47
2025-01,ws-0117,compute,114.50
2026-02,ws-0135,ai_tokens,114.19
2025-02,ws-0049,compute,13.79
2024-01,ws-0107,egress,7.62
2025-09,ws-0112,storage,405.06
2024-08,ws-0012,compute,124.66
2025-11,ws-0064,egress,122.18
2025-10,ws-0068,storage,19.15
2026-01,ws-0112,ai_tokens,149.89
2025-08,ws-0103,ai_tokens,2.72
2026-04,ws-0095,ai_tokens,58.08
2025-09,ws-0033,ai_tokens,69.69
2024-11,ws-0040,ai_tokens,1.20
2024-11,ws-0068,storage,19.15
2025-05,ws-0106,storage,21.38
2025-11,ws-0128,ai_tokens,449.37
2026-02,ws-0080,ai_tokens,2.94
2025-05,ws-0074,compute,121.65
2025-03,ws-0080,egress,2.45
2024-05,ws-0090,storage,46.83
2025-07,ws-0052,egress,3.88
2024-06,ws-0028,egress,20.04
2024-09,ws-0082,egress,2.03
2025-11,ws-0015,egress,57.46
2025-10,ws-0053,storage,5.27
2024-11,ws-0081,compute,7.57
2026-06,ws-0008,ai_tokens,24.72
2026-01,ws-0001,egress,134.98
2025-12,ws-0062,storage,88.20
2024-05,ws-0075,compute,37.31
2025-09,ws-0108,storage,53.92
2026-05,ws-0056,egress,2.99
2024-12,ws-0131,egress,221.45
2024-07,ws-0134,egress,75.97
2024-06,ws-0034,ai_tokens,23.27
2025-09,ws-0057,ai_tokens,19.30
2024-12,ws-0047,storage,3.80
2026-02,ws-0017,compute,523.27
2026-06,ws-0108,compute,148.81
2026-04,ws-0014,compute,259.57
2025-07,ws-0112,ai_tokens,86.64
2024-06,ws-0132,storage,86.59
2025-08,ws-0008,ai_tokens,9.62
2026-05,ws-0076,storage,29.49
2024-12,ws-0074,compute,90.93
2024-04,ws-0055,compute,143.70
2026-03,ws-0014,egress,71.69
2025-07,ws-0057,egress,17.84
2026-02,ws-0045,egress,25.11
2024-12,ws-0133,egress,183.18
2025-12,ws-0082,storage,3.76
2026-05,ws-0100,egress,7.15
2024-05,ws-0129,storage,98.92
2024-08,ws-0134,egress,92.68
2025-02,ws-0047,compute,12.78
2024-08,ws-0055,compute,129.12
2024-06,ws-0099,egress,171.96
2025-04,ws-0055,compute,138.43
2024-10,ws-0122,ai_tokens,135.60
2026-05,ws-0038,ai_tokens,67.19
2025-02,ws-0135,egress,108.07
2024-07,ws-0118,compute,441.24
2026-02,ws-0058,compute,59.56
2026-02,ws-0075,egress,10.20
2025-03,ws-0048,ai_tokens,2.02
2026-02,ws-0131,ai_tokens,291.13
2026-03,ws-0020,egress,47.07
2025-12,ws-0074,egress,21.18
2025-08,ws-0064,compute,510.84
2025-10,ws-0038,egress,43.96
2025-08,ws-0127,ai_tokens,103.84
2024-12,ws-0034,ai_tokens,39.28
2026-06,ws-0085,egress,9.68
2025-12,ws-0062,ai_tokens,39.68
2025-12,ws-0067,ai_tokens,14.89
2024-12,ws-0112,egress,154.99
2025-10,ws-0007,egress,224.32
2025-09,ws-0103,egress,6.67
2026-02,ws-0090,egress,36.59
2024-11,ws-0035,egress,11.23
2024-02,ws-0066,egress,11.67
2024-11,ws-0047,egress,2.31
2026-04,ws-0051,egress,46.02
2026-06,ws-0011,compute,15.41
2025-10,ws-0030,compute,45.14
2024-12,ws-0076,compute,70.16
2026-06,ws-0007,storage,425.23
2024-08,ws-0026,storage,4.46
2025-03,ws-0002,storage,347.45
2026-05,ws-0011,storage,5.48
2025-03,ws-0107,ai_tokens,4.67
2026-02,ws-0110,storage,12.39
2025-07,ws-0035,egress,11.44
2026-02,ws-0104,ai_tokens,46.21
2025-06,ws-0062,storage,77.65
2026-02,ws-0021,egress,3.72
2026-02,ws-0018,storage,67.87
2025-05,ws-0045,ai_tokens,19.68
2024-11,ws-0129,storage,73.19
2024-05,ws-0124,compute,1068.68
2025-02,ws-0053,storage,4.33
2026-06,ws-0075,storage,22.01
2026-03,ws-0046,compute,114.81
2025-07,ws-0090,ai_tokens,29.07
2025-06,ws-0074,ai_tokens,15.32
2026-01,ws-0121,compute,1450.32
2025-04,ws-0099,ai_tokens,129.64
2025-11,ws-0028,storage,41.22
2024-05,ws-0074,storage,28.95
2026-05,ws-0026,ai_tokens,5.01
2025-09,ws-0105,compute,71.00
2025-04,ws-0120,egress,34.98
2026-06,ws-0104,storage,99.47
2026-06,ws-0087,storage,252.91
2025-05,ws-0067,ai_tokens,7.77
2026-05,ws-0089,storage,4.84
2025-07,ws-0052,ai_tokens,4.24
2025-04,ws-0062,storage,76.55
2025-02,ws-0031,ai_tokens,17.08
2024-09,ws-0094,ai_tokens,1.63
2025-04,ws-0121,compute,1143.24
2026-05,ws-0106,ai_tokens,32.22
2024-11,ws-0107,storage,13.70
2026-04,ws-0132,egress,71.61
2025-07,ws-0125,ai_tokens,48.00
2024-12,ws-0067,ai_tokens,3.47
2024-01,ws-0122,storage,416.81
2025-03,ws-0051,ai_tokens,17.57
2024-07,ws-0121,compute,928.97
2025-10,ws-0117,ai_tokens,18.18
2024-10,ws-0038,storage,71.87
2025-12,ws-0037,compute,189.56
2026-01,ws-0131,ai_tokens,166.63
2026-04,ws-0055,storage,73.87
2024-03,ws-0122,egress,262.05
2025-08,ws-0048,egress,2.70
2024-10,ws-0084,ai_tokens,3.35
2025-01,ws-0053,ai_tokens,0.99
2024-10,ws-0017,storage,191.83
2026-04,ws-0072,egress,50.65
2026-02,ws-0012,egress,42.17
2026-05,ws-0037,egress,50.75
2025-10,ws-0052,ai_tokens,5.90
2026-04,ws-0039,ai_tokens,28.37
2025-10,ws-0102,ai_tokens,172.34
2025-05,ws-0051,ai_tokens,24.18
2025-11,ws-0076,ai_tokens,22.36
2025-01,ws-0018,ai_tokens,9.80
2025-12,ws-0069,compute,196.41
2024-11,ws-0101,egress,19.77
2026-05,ws-0033,ai_tokens,102.04
2024-09,ws-0017,compute,572.08
2026-04,ws-0027,storage,8.82
2025-10,ws-0064,ai_tokens,169.61
2024-07,ws-0072,ai_tokens,10.93
2024-03,ws-0054,compute,11.73
2025-12,ws-0077,storage,328.53
2026-06,ws-0058,compute,76.76
2025-02,ws-0013,compute,26.44
2026-05,ws-0003,storage,61.27
2025-11,ws-0134,ai_tokens,82.89
2024-02,ws-0082,storage,3.05
2025-06,ws-0066,egress,10.93
2026-02,ws-0069,ai_tokens,32.45
2025-03,ws-0033,ai_tokens,32.29
2024-07,ws-0132,egress,58.89
2024-10,ws-0034,storage,149.82
2026-03,ws-0055,storage,77.55
2024-05,ws-0103,egress,5.73
2024-09,ws-0129,compute,236.58
2026-01,ws-0121,egress,254.17
2024-09,ws-0001,ai_tokens,60.49
2024-09,ws-0090,compute,146.73
2026-02,ws-0059,storage,70.01
2024-08,ws-0118,egress,87.41
2026-03,ws-0072,egress,45.96
2024-05,ws-0132,compute,243.17
2025-11,ws-0129,storage,114.67
2024-06,ws-0124,ai_tokens,35.46
2026-05,ws-0010,ai_tokens,7.31
2026-05,ws-0035,compute,42.97
2026-02,ws-0030,storage,24.20
2024-10,ws-0062,storage,65.99
2025-09,ws-0110,storage,14.75
2026-02,ws-0007,storage,417.61
2024-11,ws-0121,storage,379.72
2026-03,ws-0099,ai_tokens,360.49
2026-03,ws-0106,storage,24.65
2024-03,ws-0121,compute,1121.27
2026-01,ws-0044,ai_tokens,109.49
2025-04,ws-0051,ai_tokens,29.32
2024-04,ws-0107,compute,34.72
2024-05,ws-0040,storage,8.11
2024-05,ws-0032,storage,5.27
2025-07,ws-0102,compute,473.64
2025-12,ws-0096,compute,108.36
2025-11,ws-0133,compute,911.49
2026-06,ws-0060,ai_tokens,18.51
2026-05,ws-0013,compute,25.89
2025-07,ws-0072,compute,175.48
2026-01,ws-0018,egress,43.08
2024-09,ws-0094,storage,8.87
2026-02,ws-0084,egress,10.47
2025-02,ws-0031,egress,29.29
2024-05,ws-0079,egress,7.58
2026-01,ws-0108,storage,53.58
2024-03,ws-0049,storage,3.99
2025-10,ws-0060,egress,10.57
2026-04,ws-0052,storage,11.04
2026-02,ws-0039,storage,37.27
2026-05,ws-0055,ai_tokens,37.38
2026-05,ws-0016,egress,5.89
2026-01,ws-0082,egress,2.70
2025-11,ws-0055,ai_tokens,27.28
2026-05,ws-0044,ai_tokens,78.53
2025-09,ws-0057,storage,22.06
2024-09,ws-0118,compute,348.75
2024-07,ws-0079,compute,32.48
2025-09,ws-0002,compute,868.32
2026-03,ws-0021,storage,9.61
2026-06,ws-0005,compute,8.48
2026-05,ws-0108,ai_tokens,58.21
2025-01,ws-0085,compute,44.80
2024-06,ws-0112,compute,821.47
2025-12,ws-0055,compute,132.02
2025-07,ws-0032,compute,18.73
2024-09,ws-0079,ai_tokens,2.22
2025-06,ws-0130,compute,418.24
2025-11,ws-0073,storage,16.39
2024-08,ws-0125,storage,128.42
2025-01,ws-0016,ai_tokens,1.58
2024-10,ws-0096,compute,130.48
2024-04,ws-0040,egress,4.51
2025-01,ws-0026,egress,3.08
2024-02,ws-0102,compute,581.80
2025-08,ws-0084,egress,7.88
2026-03,ws-0078,compute,119.36
2025-10,ws-0032,ai_tokens,2.91
2025-08,ws-0041,egress,24.21
2026-06,ws-0096,ai_tokens,58.08
2025-11,ws-0030,storage,19.05
2026-01,ws-0103,compute,30.54
2025-10,ws-0047,compute,10.67
2024-08,ws-0131,ai_tokens,61.84
2025-09,ws-0049,ai_tokens,3.49
2026-03,ws-0074,compute,98.40
2026-03,ws-0121,ai_tokens,516.82
2026-05,ws-0077,ai_tokens,468.57
2025-01,ws-0043,ai_tokens,42.79
2026-03,ws-0054,storage,5.16
2024-08,ws-0082,storage,4.02
2025-10,ws-0086,compute,45.00
2025-06,ws-0016,egress,6.70
2026-06,ws-0051,storage,104.10
2025-05,ws-0026,egress,3.92
2025-06,ws-0102,ai_tokens,89.34
2026-04,ws-0064,egress,107.90
2025-07,ws-0015,egress,47.30
2026-05,ws-0073,compute,40.11
2025-09,ws-0101,egress,19.28
2024-04,ws-0124,egress,266.61
2025-12,ws-0075,ai_tokens,10.17
2025-06,ws-0073,compute,31.73
2025-07,ws-0068,storage,22.07
2026-05,ws-0041,storage,64.59
2025-02,ws-0053,compute,12.88
2024-08,ws-0035,compute,34.36
2026-04,ws-0094,storage,12.17
2025-03,ws-0117,ai_tokens,15.67
2024-06,ws-0120,compute,135.40
2024-06,ws-0040,egress,4.55
2026-06,ws-0029,compute,20.15
2024-04,ws-0135,storage,214.76
2025-04,ws-0054,storage,3.72
2024-04,ws-0099,egress,208.68
2025-11,ws-0082,compute,8.46
2026-03,ws-0045,storage,55.97
2026-04,ws-0077,compute,931.16
2026-05,ws-0132,ai_tokens,144.18
2025-10,ws-0117,compute,146.62
2024-01,ws-0127,egress,128.24
2024-01,ws-0123,egress,66.83
2026-03,ws-0013,ai_tokens,8.19
2026-03,ws-0031,egress,44.36
2025-08,ws-0028,ai_tokens,18.65
2024-04,ws-0008,compute,43.32
2024-07,ws-0001,egress,187.52
2026-01,ws-0005,compute,9.54
2026-02,ws-0126,compute,845.64
2026-02,ws-0106,compute,55.04
2025-12,ws-0083,compute,16.84
2025-08,ws-0015,storage,112.27
2024-09,ws-0118,ai_tokens,20.75
2024-10,ws-0040,storage,7.10
2026-03,ws-0051,compute,241.06
2025-11,ws-0132,egress,83.78
2025-09,ws-0015,egress,55.59
2025-01,ws-0062,egress,46.08
2024-10,ws-0129,egress,64.23
2024-12,ws-0013,storage,7.73
2024-06,ws-0112,storage,321.37
2026-01,ws-0135,ai_tokens,236.48
2024-06,ws-0059,storage,39.98
2026-01,ws-0106,egress,17.79
2026-04,ws-0066,ai_tokens,18.88
2024-09,ws-0079,storage,9.41
2024-06,ws-0035,ai_tokens,2.87
2026-02,ws-0087,storage,206.49
2024-12,ws-0102,ai_tokens,50.73
2026-02,ws-0104,egress,41.91
2025-04,ws-0073,ai_tokens,5.92
2024-10,ws-0054,egress,2.63
2026-03,ws-0094,egress,6.55
2025-05,ws-0077,compute,925.38
2026-05,ws-0037,compute,179.49
2025-10,ws-0074,compute,106.46
2024-07,ws-0096,compute,113.41
2025-01,ws-0043,egress,127.16
2025-05,ws-0076,ai_tokens,14.28
2025-09,ws-0040,compute,23.87
2025-03,ws-0134,storage,159.31
2025-06,ws-0096,egress,24.74
2025-06,ws-0031,compute,195.73
2026-04,ws-0062,egress,34.35
2026-06,ws-0018,compute,181.96
2025-02,ws-0124,ai_tokens,106.96
2025-11,ws-0107,compute,36.63
2026-01,ws-0068,egress,11.55
2024-06,ws-0126,storage,238.24
2026-02,ws-0066,egress,10.00
2024-09,ws-0033,egress,52.97
2024-05,ws-0090,compute,145.23
2025-01,ws-0040,egress,4.91
2025-09,ws-0030,egress,9.91
2026-02,ws-0077,egress,185.46
2024-04,ws-0034,egress,84.14
2024-10,ws-0126,storage,338.82
2026-03,ws-0134,ai_tokens,83.41
2024-08,ws-0131,storage,312.84
2024-01,ws-0126,compute,923.86
2026-01,ws-0128,storage,617.03
2025-12,ws-0079,ai_tokens,9.65
2026-04,ws-0117,ai_tokens,53.88
2025-10,ws-0125,egress,84.33
2024-07,ws-0086,ai_tokens,2.94
2025-04,ws-0038,compute,145.12
2026-06,ws-0004,ai_tokens,25.93
2025-10,ws-0057,egress,12.84
2025-07,ws-0122,ai_tokens,195.28
2025-05,ws-0015,egress,63.48
2026-04,ws-0012,ai_tokens,35.59
2025-12,ws-0121,egress,274.99
2025-09,ws-0006,storage,93.69
2024-05,ws-0066,storage,12.73
2025-12,ws-0073,compute,33.18
2025-04,ws-0045,compute,149.03
2025-06,ws-0031,ai_tokens,36.02
2024-02,ws-0128,storage,458.02
2024-04,ws-0038,egress,33.39
2024-07,ws-0102,egress,140.06
2025-01,ws-0055,compute,171.80
2025-05,ws-0016,ai_tokens,3.53
2026-03,ws-0060,ai_tokens,19.03
2026-02,ws-0080,compute,11.91
2024-02,ws-0062,storage,70.34
2025-10,ws-0104,compute,223.50
2025-04,ws-0072,egress,43.23
2026-06,ws-0097,compute,193.97
2026-05,ws-0046,egress,23.88
2025-02,ws-0096,storage,51.54
2026-02,ws-0027,egress,5.07
2025-04,ws-0060,ai_tokens,3.49
2026-02,ws-0120,ai_tokens,53.44
2026-04,ws-0017,ai_tokens,255.07
2026-05,ws-0082,storage,5.42
2025-08,ws-0033,egress,45.68
2026-05,ws-0067,egress,9.50
2024-06,ws-0032,egress,3.07
2024-01,ws-0090,storage,43.85
2024-07,ws-0103,egress,6.03
2025-11,ws-0085,egress,9.93
2026-03,ws-0019,ai_tokens,70.62
2025-03,ws-0043,compute,454.49
2025-08,ws-0054,egress,2.67
2025-11,ws-0124,ai_tokens,243.57
2024-09,ws-0075,compute,45.80
2025-07,ws-0129,ai_tokens,37.97
2024-08,ws-0076,egress,11.73
2026-04,ws-0033,egress,47.55
2025-09,ws-0057,egress,14.16
2024-06,ws-0066,compute,40.40
2025-02,ws-0048,egress,3.20
2024-02,ws-0107,egress,6.42
2025-02,ws-0112,compute,763.00
2026-04,ws-0037,ai_tokens,88.43
2024-08,ws-0103,egress,4.71
2025-11,ws-0012,storage,58.10
2025-12,ws-0098,compute,41.98
2024-06,ws-0041,egress,22.61
2026-06,ws-0039,egress,20.29
2026-02,ws-0062,ai_tokens,44.61
2024-05,ws-0043,egress,133.93
2025-12,ws-0039,compute,79.10
2024-02,ws-0134,compute,379.20
2025-03,ws-0018,ai_tokens,24.63
2025-01,ws-0066,egress,8.48
2026-03,ws-0042,ai_tokens,42.57
2024-12,ws-0118,storage,162.69
2025-02,ws-0018,ai_tokens,18.85
2025-04,ws-0035,compute,40.00
2024-10,ws-0031,ai_tokens,9.02
2025-05,ws-0054,compute,12.98
2025-05,ws-0080,egress,1.99
2025-08,ws-0032,ai_tokens,3.55
2024-07,ws-0135,ai_tokens,27.09
2025-12,ws-0044,storage,133.61
2024-03,ws-0059,storage,55.42
2025-01,ws-0061,storage,27.28
2025-10,ws-0134,compute,366.29
2025-05,ws-0076,compute,61.80
2024-11,ws-0008,compute,31.32
2024-09,ws-0067,storage,14.14
2026-01,ws-0032,ai_tokens,6.41
2025-05,ws-0017,ai_tokens,119.75
2026-04,ws-0065,egress,37.36
2026-03,ws-0111,ai_tokens,121.48
2025-01,ws-0085,storage,16.33
2026-04,ws-0003,storage,62.56
2024-11,ws-0069,ai_tokens,15.62
2024-09,ws-0133,storage,267.90
2025-03,ws-0086,egress,8.88
2025-08,ws-0016,compute,26.30
2026-01,ws-0054,storage,5.18
2026-05,ws-0123,ai_tokens,98.09
2025-03,ws-0044,compute,311.11
2025-01,ws-0047,ai_tokens,1.07
2025-07,ws-0082,egress,2.39
2026-04,ws-0043,storage,295.48
2026-05,ws-0035,ai_tokens,23.37
2025-04,ws-0070,ai_tokens,9.48
2025-04,ws-0040,storage,10.24
2024-05,ws-0117,compute,145.74
2026-04,ws-0096,compute,112.72
2025-08,ws-0129,storage,121.24
2024-09,ws-0123,ai_tokens,11.74
2025-01,ws-0132,ai_tokens,33.25
2026-04,ws-0082,storage,5.44
2025-09,ws-0035,ai_tokens,7.59
2025-06,ws-0132,storage,128.64
2026-01,ws-0016,storage,12.68
2025-09,ws-0079,egress,5.93
2025-10,ws-0087,egress,82.10
2024-11,ws-0067,compute,54.31
2024-12,ws-0104,compute,206.99
2024-04,ws-0028,storage,34.45
2025-07,ws-0086,ai_tokens,6.77
2025-02,ws-0026,storage,5.05
2025-08,ws-0057,ai_tokens,11.02
2026-03,ws-0118,egress,83.19
2026-01,ws-0053,storage,4.77
2025-05,ws-0130,storage,115.80
2025-07,ws-0026,compute,16.74
2026-05,ws-0055,compute,146.90
2024-06,ws-0123,storage,117.62
2024-01,ws-0124,compute,804.17
2026-03,ws-0085,storage,18.10
2026-04,ws-0019,ai_tokens,71.49
2025-06,ws-0032,compute,13.71
2026-04,ws-0008,egress,10.55
2025-02,ws-0057,egress,16.39
2025-03,ws-0012,ai_tokens,26.35
2024-12,ws-0047,ai_tokens,0.74
2026-04,ws-0108,storage,64.37
2025-12,ws-0075,storage,19.86
2025-03,ws-0059,egress,37.92
2026-05,ws-0014,ai_tokens,167.74
2026-04,ws-0118,compute,386.08
2026-03,ws-0019,compute,239.88
2024-11,ws-0122,compute,1286.02
2025-08,ws-0005,egress,2.12
2024-06,ws-0053,compute,10.36
2025-12,ws-0122,egress,281.42
2025-02,ws-0041,egress,24.70
2025-06,ws-0131,ai_tokens,141.41
2025-08,ws-0123,storage,119.30
2026-04,ws-0081,ai_tokens,2.94
2024-06,ws-0079,egress,6.73
2024-11,ws-0035,compute,51.88
2024-03,ws-0127,egress,119.99
2024-05,ws-0104,storage,75.40
2024-10,ws-0094,egress,6.11
2024-02,ws-0117,compute,96.39
2026-06,ws-0058,storage,26.56
2026-03,ws-0077,storage,425.39
2026-03,ws-0046,storage,45.93
2026-05,ws-0012,compute,183.41
2026-04,ws-0096,egress,31.30
2025-05,ws-0131,ai_tokens,174.01
2026-06,ws-0087,compute,487.34
2024-03,ws-0126,egress,198.27
2024-10,ws-0035,compute,45.83
2024-07,ws-0090,storage,55.20
2025-10,ws-0039,egress,19.37
2026-05,ws-0031,storage,80.48
2025-08,ws-0018,storage,61.92
2025-11,ws-0064,ai_tokens,148.31
2025-01,ws-0041,egress,21.87
2025-11,ws-0050,ai_tokens,5.39
2024-11,ws-0120,storage,50.45
2025-10,ws-0066,ai_tokens,9.00
2024-05,ws-0031,egress,29.63
2025-07,ws-0131,egress,202.45
2025-11,ws-0001,compute,608.19
2026-04,ws-0120,egress,24.27
2024-10,ws-0032,storage,5.01
2026-05,ws-0118,ai_tokens,98.16
2025-12,ws-0008,compute,42.45
2025-04,ws-0080,ai_tokens,1.82
2026-01,ws-0127,ai_tokens,112.27
2024-03,ws-0130,storage,136.12
2024-02,ws-0104,storage,68.00
2026-05,ws-0033,compute,274.56
2025-01,ws-0133,ai_tokens,65.82
2025-01,ws-0066,compute,54.92
2025-10,ws-0072,compute,208.10
2025-10,ws-0008,egress,7.65
2024-04,ws-0096,storage,47.46
2025-02,ws-0082,ai_tokens,1.47
2026-06,ws-0035,storage,25.34
2026-04,ws-0074,compute,127.31
2026-06,ws-0116,compute,1028.33
2025-08,ws-0082,egress,2.52
2025-08,ws-0026,ai_tokens,2.64
2026-03,ws-0020,ai_tokens,92.73
2025-07,ws-0016,ai_tokens,3.89
2026-02,ws-0120,egress,25.93
2025-06,ws-0067,compute,55.50
2024-05,ws-0112,egress,142.59
2024-02,ws-0008,compute,29.66
2026-04,ws-0040,storage,9.95
2026-04,ws-0048,compute,13.48
2025-09,ws-0082,ai_tokens,2.85
2026-01,ws-0127,egress,134.68
2025-02,ws-0090,storage,52.99
2024-04,ws-0038,storage,43.44
2025-06,ws-0047,storage,5.19
2025-12,ws-0045,compute,116.07
2026-02,ws-0044,ai_tokens,76.53
2025-07,ws-0079,egress,8.33
2026-05,ws-0087,compute,503.30
2024-08,ws-0132,storage,116.04
2026-05,ws-0027,egress,6.52
2026-04,ws-0116,compute,993.54
2025-03,ws-0038,egress,39.92
2025-09,ws-0102,compute,700.62
2024-10,ws-0069,compute,167.17
2025-07,ws-0118,egress,85.45
2024-12,ws-0013,ai_tokens,2.08
2024-11,ws-0117,compute,152.14
2024-11,ws-0135,compute,613.68
2025-09,ws-0028,compute,106.69
2025-07,ws-0096,compute,134.83
2025-06,ws-0007,compute,946.37
2024-11,ws-0104,compute,185.45
2024-03,ws-0084,egress,9.02
2025-07,ws-0082,storage,3.32
2024-11,ws-0123,egress,52.30
2026-05,ws-0047,egress,2.92
2025-01,ws-0035,storage,12.94
2025-10,ws-0123,ai_tokens,62.79
2026-03,ws-0053,ai_tokens,4.67
2026-02,ws-0076,storage,24.89
2024-06,ws-0075,ai_tokens,1.62
2026-03,ws-0066,ai_tokens,22.83
2026-06,ws-0076,ai_tokens,44.66
2025-10,ws-0028,storage,48.17
2025-11,ws-0063,egress,3.56
2026-04,ws-0008,compute,35.62
2025-12,ws-0086,storage,14.58
2024-11,ws-0005,ai_tokens,0.51
2024-08,ws-0128,compute,1134.37
2025-04,ws-0094,egress,5.74
2025-05,ws-0050,egress,7.02
2025-10,ws-0064,egress,112.39
2025-07,ws-0068,egress,9.66
2025-03,ws-0058,compute,62.66
2024-04,ws-0031,storage,54.75
2025-11,ws-0121,egress,257.19
2024-10,ws-0059,egress,28.78
2025-08,ws-0105,compute,79.90
2024-02,ws-0059,egress,32.40
2026-04,ws-0047,ai_tokens,5.40
2024-10,ws-0101,egress,17.16
2026-05,ws-0116,storage,421.52
2024-07,ws-0015,compute,185.55
2026-01,ws-0077,compute,1089.12
2026-05,ws-0118,storage,155.35
2025-10,ws-0082,egress,2.71
2026-02,ws-0081,ai_tokens,2.28
2025-03,ws-0084,compute,40.69
2026-05,ws-0014,egress,74.15
2024-05,ws-0107,storage,9.67
2025-11,ws-0005,storage,5.20
2026-03,ws-0003,ai_tokens,33.40
2025-04,ws-0013,compute,24.37
2025-12,ws-0084,egress,6.98
2026-04,ws-0090,egress,36.75
2026-02,ws-0120,compute,158.92
2025-10,ws-0052,storage,8.51
2024-10,ws-0075,egress,10.76
2026-06,ws-0105,ai_tokens,34.38
2026-04,ws-0121,compute,991.54
2025-09,ws-0048,storage,4.94
2025-12,ws-0054,egress,2.79
2026-03,ws-0074,ai_tokens,41.48
2025-03,ws-0132,compute,303.13
2024-03,ws-0101,egress,23.73
2025-08,ws-0070,storage,42.02
2024-04,ws-0104,egress,48.23
2025-11,ws-0032,ai_tokens,5.40
2026-05,ws-0021,egress,3.90
2026-05,ws-0003,ai_tokens,85.83
2025-12,ws-0061,storage,29.57
2025-12,ws-0035,egress,8.79
2026-03,ws-0081,storage,4.79
2025-07,ws-0061,storage,35.74
2026-03,ws-0080,compute,9.99
2025-12,ws-0124,egress,252.17
2026-05,ws-0099,storage,363.32
2026-05,ws-0119,compute,41.55
2026-03,ws-0070,egress,20.23
2024-07,ws-0008,ai_tokens,1.64
2025-07,ws-0085,compute,34.31
2024-12,ws-0034,storage,127.73
2025-03,ws-0134,egress,79.59
2025-05,ws-0002,ai_tokens,192.44
2024-12,ws-0062,ai_tokens,17.79
2025-04,ws-0038,ai_tokens,22.36
2024-06,ws-0122,compute,1555.44
2024-09,ws-0101,ai_tokens,8.32
2026-06,ws-0072,ai_tokens,58.20
2025-04,ws-0096,storage,54.06
2025-06,ws-0057,compute,58.32
2025-09,ws-0085,egress,7.18
2026-02,ws-0033,ai_tokens,86.68
2024-06,ws-0013,ai_tokens,0.95
2026-02,ws-0067,compute,46.48
2026-01,ws-0062,storage,70.64
2026-05,ws-0056,storage,6.21
2024-01,ws-0076,compute,72.60
2026-06,ws-0006,ai_tokens,81.76
2024-10,ws-0121,ai_tokens,104.46
2024-07,ws-0028,egress,19.83
2025-05,ws-0124,storage,370.99
2024-08,ws-0034,ai_tokens,20.54
2025-03,ws-0099,egress,170.89
2025-08,ws-0133,egress,226.50
2026-02,ws-0105,compute,54.74
2024-10,ws-0001,egress,152.30
2024-05,ws-0117,storage,35.65
2025-07,ws-0131,storage,377.22
2025-08,ws-0018,egress,35.42
2024-05,ws-0026,egress,4.01
2024-07,ws-0067,egress,11.56
2025-04,ws-0067,storage,21.76
2025-12,ws-0066,storage,17.71
2025-09,ws-0086,ai_tokens,8.32
2026-04,ws-0054,egress,2.67
2026-04,ws-0005,ai_tokens,4.98
2025-03,ws-0035,storage,18.50
2024-11,ws-0066,egress,9.23
2025-09,ws-0026,storage,7.79
2026-03,ws-0002,compute,1321.88
2024-03,ws-0074,compute,105.43
2026-03,ws-0028,compute,92.22
2026-01,ws-0066,ai_tokens,10.45
2024-05,ws-0005,compute,8.12
2024-12,ws-0104,storage,74.05
2025-10,ws-0028,compute,127.35
2024-07,ws-0049,compute,13.36
2025-10,ws-0129,storage,86.63
2025-11,ws-0041,egress,33.31
2025-05,ws-0013,egress,4.62
2025-01,ws-0049,egress,2.94
2026-02,ws-0101,egress,26.56
2026-06,ws-0069,ai_tokens,77.53
2025-02,ws-0121,compute,1435.10
2026-03,ws-0079,storage,15.52
2025-08,ws-0099,storage,390.30
2026-05,ws-0063,storage,5.99
2024-12,ws-0049,ai_tokens,1.28
2024-08,ws-0069,egress,38.85
2026-03,ws-0048,egress,2.87
2025-02,ws-0079,egress,5.37
2025-08,ws-0064,egress,104.95
2024-11,ws-0026,egress,3.32
2024-08,ws-0026,egress,4.16
2024-09,ws-0031,storage,52.47
2025-10,ws-0080,storage,4.95
2025-01,ws-0127,compute,438.01
2026-06,ws-0129,ai_tokens,169.58
2025-08,ws-0057,egress,17.99
2026-02,ws-0081,compute,9.13
2025-03,ws-0112,storage,329.51
2026-05,ws-0041,compute,139.38
2025-07,ws-0117,ai_tokens,13.43
2026-04,ws-0076,ai_tokens,22.04
2024-11,ws-0129,egress,68.38
2026-02,ws-0064,compute,677.09
2024-03,ws-0117,egress,26.20
2025-06,ws-0018,compute,156.53
2026-04,ws-0006,compute,171.46
2024-02,ws-0067,egress,10.66
2026-06,ws-0091,compute,42.40
2025-05,ws-0051,storage,92.54
2025-10,ws-0035,ai_tokens,10.13
2025-08,ws-0084,compute,36.40
2026-05,ws-0083,compute,19.83
2024-06,ws-0008,ai_tokens,2.76
2024-05,ws-0075,egress,11.46
2025-05,ws-0079,storage,9.64
2024-05,ws-0008,egress,6.95
2026-04,ws-0108,compute,118.52
2024-03,ws-0074,storage,31.59
2026-05,ws-0122,storage,663.11
2024-09,ws-0045,ai_tokens,5.47
2026-02,ws-0124,storage,381.43
2025-09,ws-0067,ai_tokens,10.39
2025-09,ws-0081,storage,4.73
2024-01,ws-0032,compute,16.84
2025-09,ws-0052,egress,4.55
2026-05,ws-0019,egress,54.59
2025-09,ws-0118,compute,353.84
2025-09,ws-0125,storage,143.78
2024-10,ws-0094,ai_tokens,1.26
2026-05,ws-0006,egress,37.61
2026-03,ws-0012,egress,41.89
2024-11,ws-0062,storage,66.02
2024-10,ws-0081,egress,1.93
2024-10,ws-0123,ai_tokens,22.20
2024-03,ws-0015,storage,63.13
2025-05,ws-0048,egress,2.72
2024-08,ws-0132,compute,309.10
2024-09,ws-0005,storage,3.15
2025-02,ws-0058,storage,27.40
2024-06,ws-0044,storage,100.14
2025-10,ws-0073,egress,5.93
2025-12,ws-0060,ai_tokens,12.97
2026-02,ws-0032,storage,6.64
2025-11,ws-0013,storage,9.57
2025-11,ws-0008,ai_tokens,7.51
2024-04,ws-0048,storage,4.55
2024-02,ws-0099,storage,275.77
2026-03,ws-0040,storage,13.05
2025-09,ws-0015,storage,90.99
2024-05,ws-0057,compute,75.77
2024-08,ws-0058,ai_tokens,4.37
2024-09,ws-0049,storage,3.69
2025-11,ws-0070,ai_tokens,16.07
2025-03,ws-0044,egress,65.78
2024-10,ws-0041,compute,127.64
2026-04,ws-0101,ai_tokens,23.04
2025-12,ws-0081,compute,7.75
2025-10,ws-0110,storage,14.71
2024-12,ws-0051,ai_tokens,19.75
2025-05,ws-0067,compute,44.21
2026-05,ws-0086,ai_tokens,19.11
2026-01,ws-0084,compute,35.79
2024-07,ws-0080,egress,2.15
2026-03,ws-0081,compute,9.67
2025-12,ws-0017,compute,612.33
2024-02,ws-0086,compute,42.44
2025-02,ws-0067,compute,44.67
2024-12,ws-0035,storage,19.62
2026-03,ws-0065,compute,150.39
2024-04,ws-0013,storage,8.81
2025-07,ws-0018,egress,39.37
2025-08,ws-0062,ai_tokens,31.40
2025-04,ws-0074,storage,38.82
2025-07,ws-0048,compute,9.51
2025-08,ws-0033,compute,203.01
2025-09,ws-0074,ai_tokens,26.56
2026-01,ws-0102,compute,638.89
2024-03,ws-0026,egress,3.75
2025-07,ws-0039,egress,16.41
2025-12,ws-0103,egress,5.88
2025-06,ws-0018,storage,50.86
2024-11,ws-0013,storage,8.78
2025-03,ws-0066,egress,8.91
2025-05,ws-0018,egress,28.87
2025-11,ws-0103,egress,6.43
2024-02,ws-0080,compute,9.15
2026-06,ws-0034,ai_tokens,140.15
2026-06,ws-0118,compute,438.78
2025-10,ws-0075,egress,10.87
2024-01,ws-0135,storage,204.41
2024-10,ws-0082,compute,9.54
2024-10,ws-0035,ai_tokens,3.04
2026-05,ws-0083,ai_tokens,4.81
2026-03,ws-0003,compute,169.81
2024-06,ws-0047,storage,3.52
2026-03,ws-0098,storage,18.89
2025-01,ws-0013,storage,9.60
2024-02,ws-0120,compute,117.79
2025-01,ws-0067,storage,14.40
2024-05,ws-0074,egress,27.03
2024-03,ws-0031,storage,42.21
2026-02,ws-0077,compute,851.52
2026-02,ws-0022,ai_tokens,8.08
2025-02,ws-0079,ai_tokens,2.96
2026-02,ws-0095,storage,72.21
2026-06,ws-0046,compute,105.61
2024-08,ws-0075,compute,47.44
2025-01,ws-0029,storage,6.00
2025-08,ws-0053,storage,3.64
2025-12,ws-0107,ai_tokens,11.92
2024-07,ws-0012,egress,40.35
2024-12,ws-0033,ai_tokens,27.13
2026-03,ws-0088,egress,90.38
2026-04,ws-0084,egress,7.35
2025-07,ws-0013,storage,9.95
2024-11,ws-0076,ai_tokens,5.42
2025-12,ws-0080,compute,10.78
2025-02,ws-0035,storage,13.48
2024-02,ws-0107,compute,41.12
2025-04,ws-0075,compute,36.44
2025-01,ws-0069,compute,192.80
2025-10,ws-0044,compute,259.55
2024-07,ws-0028,storage,36.96
2025-09,ws-0131,ai_tokens,207.65
2025-01,ws-0066,ai_tokens,3.50
2024-01,ws-0133,compute,831.28
2024-01,ws-0104,compute,224.48
2026-06,ws-0090,compute,176.45
2025-11,ws-0057,compute,62.44
2025-02,ws-0099,ai_tokens,75.72
2025-02,ws-0062,compute,158.37
2026-01,ws-0019,storage,87.23
2025-04,ws-0104,ai_tokens,30.15
2026-05,ws-0095,storage,73.02
2025-04,ws-0070,storage,37.44
2025-07,ws-0077,egress,249.73
2025-01,ws-0070,ai_tokens,7.64
2025-11,ws-0096,compute,155.59
2026-05,ws-0092,storage,16.90
2024-09,ws-0132,egress,77.46
2024-03,ws-0057,compute,63.90
2026-03,ws-0120,egress,33.91
2024-08,ws-0045,ai_tokens,7.39
2025-11,ws-0069,storage,82.54
2024-01,ws-0028,compute,91.20
2025-01,ws-0126,ai_tokens,100.38
2026-01,ws-0087,ai_tokens,118.29
2025-06,ws-0074,storage,39.50
2024-12,ws-0032,compute,12.59
2025-03,ws-0086,compute,45.31
2024-10,ws-0033,egress,53.56
2024-08,ws-0107,ai_tokens,1.59
2026-02,ws-0087,compute,479.22
2026-03,ws-0070,compute,91.58
2024-07,ws-0074,storage,37.08
2024-09,ws-0016,egress,4.61
2025-01,ws-0067,ai_tokens,5.19
2024-10,ws-0127,compute,519.73
2025-02,ws-0038,storage,65.06
2024-03,ws-0124,compute,808.75
2024-08,ws-0125,egress,74.40
2025-02,ws-0118,ai_tokens,41.53
2026-05,ws-0103,compute,22.15
2025-04,ws-0101,compute,90.73
2026-05,ws-0130,egress,82.14
2025-08,ws-0121,storage,531.32
2026-06,ws-0017,ai_tokens,227.47
2026-01,ws-0083,compute,13.09
2025-07,ws-0068,compute,46.77
2025-05,ws-0054,ai_tokens,0.93
2025-02,ws-0032,storage,5.40
2026-06,ws-0064,ai_tokens,209.39
2026-03,ws-0006,egress,51.35
2026-04,ws-0020,egress,67.97
2026-05,ws-0080,ai_tokens,3.30
2024-03,ws-0082,compute,9.95
2024-08,ws-0117,egress,33.04
2026-03,ws-0021,egress,4.36
2026-04,ws-0070,compute,90.63
2026-04,ws-0045,egress,32.45
2024-04,ws-0128,storage,437.04
2025-06,ws-0057,storage,23.98
2024-01,ws-0057,compute,61.46
2026-03,ws-0062,storage,79.24
2025-08,ws-0033,storage,94.46
2024-08,ws-0131,egress,214.70
2024-10,ws-0096,storage,37.72
2025-10,ws-0112,compute,889.42
2025-06,ws-0026,storage,5.66
2026-02,ws-0099,compute,736.87
2025-02,ws-0017,ai_tokens,78.34
2026-02,ws-0095,compute,175.90
2025-09,ws-0133,storage,421.64
2025-07,ws-0041,ai_tokens,20.26
2024-03,ws-0054,storage,4.30
2025-12,ws-0128,compute,1055.30
2026-02,ws-0040,storage,9.52
2024-01,ws-0026,egress,3.69
2024-09,ws-0129,storage,72.10
2024-11,ws-0132,ai_tokens,33.49
2026-06,ws-0054,compute,13.92
2025-08,ws-0131,compute,778.29
2025-05,ws-0117,ai_tokens,26.13
2024-06,ws-0034,compute,436.93
2024-10,ws-0128,egress,232.31
2024-11,ws-0132,egress,73.19
2025-02,ws-0041,ai_tokens,10.75
2026-02,ws-0131,storage,356.24
2025-09,ws-0012,compute,129.04
2026-04,ws-0084,ai_tokens,9.44
2024-08,ws-0067,storage,19.28
2025-04,ws-0053,egress,2.96
2026-01,ws-0020,egress,49.82
2025-09,ws-0123,compute,353.03
2024-08,ws-0103,ai_tokens,1.37
2026-04,ws-0006,ai_tokens,43.73
2026-05,ws-0118,egress,100.69
2024-10,ws-0121,egress,312.50
2024-11,ws-0068,compute,41.93
2026-06,ws-0102,ai_tokens,247.49
2024-08,ws-0026,ai_tokens,0.99
2025-02,ws-0049,storage,4.32
2026-05,ws-0082,compute,10.80
2024-07,ws-0131,compute,705.60
2025-03,ws-0112,egress,146.60
2024-05,ws-0129,compute,270.48
2026-01,ws-0063,compute,13.09
2026-05,ws-0021,storage,7.73
2026-05,ws-0039,storage,28.20
2024-01,ws-0122,egress,238.20
2024-02,ws-0074,egress,27.19
2026-03,ws-0028,storage,56.16
2025-06,ws-0044,storage,119.85
2024-02,ws-0001,compute,699.27
2024-09,ws-0082,compute,7.69
2026-05,ws-0008,storage,17.80
2026-04,ws-0124,storage,579.82
2025-07,ws-0086,storage,15.61
2025-03,ws-0057,ai_tokens,7.42
2024-04,ws-0053,egress,2.30
2025-11,ws-0110,ai_tokens,4.87
2026-03,ws-0079,egress,8.53
2024-12,ws-0061,storage,34.48
2025-01,ws-0102,egress,113.47
2026-02,ws-0043,storage,243.45
2025-05,ws-0074,egress,25.31
2025-03,ws-0107,egress,8.38
2025-12,ws-0111,storage,119.35
2024-11,ws-0127,storage,212.16
2024-11,ws-0124,storage,328.88
2026-06,ws-0073,egress,7.11
2026-06,ws-0116,ai_tokens,268.85
2026-04,ws-0063,storage,7.65
2025-07,ws-0060,egress,7.91
2025-02,ws-0101,compute,73.60
2025-10,ws-0102,egress,147.82
2026-04,ws-0081,storage,4.97
2026-01,ws-0126,compute,714.84
2024-10,ws-0104,ai_tokens,18.05
2024-12,ws-0135,ai_tokens,39.88
2024-06,ws-0103,ai_tokens,1.13
2024-04,ws-0120,egress,29.32
2025-08,ws-0075,storage,18.61
2025-03,ws-0029,egress,5.24
2026-06,ws-0112,ai_tokens,324.46
2025-12,ws-0049,egress,2.54
2025-05,ws-0007,ai_tokens,185.38
2024-06,ws-0118,storage,129.38
2026-02,ws-0037,storage,90.10
2026-03,ws-0039,compute,93.53
2026-01,ws-0037,ai_tokens,65.89
2024-05,ws-0049,egress,2.48
2025-07,ws-0059,egress,26.83
2026-05,ws-0045,ai_tokens,59.09
2025-10,ws-0002,compute,863.27
2025-10,ws-0121,egress,263.40
2026-04,ws-0069,egress,43.15
2026-03,ws-0035,compute,50.18
2024-08,ws-0134,compute,310.46
2025-03,ws-0001,egress,150.86
2026-01,ws-0039,ai_tokens,23.57
2025-02,ws-0033,compute,267.71
2025-08,ws-0086,compute,32.67
2026-05,ws-0133,ai_tokens,537.95
2026-01,ws-0057,storage,31.88
2024-01,ws-0066,egress,10.96
2024-07,ws-0107,storage,15.47
2025-04,ws-0028,egress,23.42
2026-04,ws-0112,compute,757.90
2026-05,ws-0081,ai_tokens,4.03
2025-03,ws-0123,egress,78.84
2025-04,ws-0082,compute,10.14
2025-05,ws-0067,storage,17.82
2024-06,ws-0054,storage,4.05
2025-06,ws-0118,compute,338.53
2026-05,ws-0125,storage,173.01
2025-04,ws-0084,compute,38.43
2026-06,ws-0030,storage,23.61
2024-10,ws-0128,compute,1530.32
2026-03,ws-0077,compute,1130.00
2025-07,ws-0070,ai_tokens,15.64
2025-02,ws-0126,egress,205.41
2025-11,ws-0133,egress,193.94
2026-03,ws-0062,ai_tokens,63.32
2025-12,ws-0033,ai_tokens,58.89
2024-02,ws-0047,egress,2.31
2024-08,ws-0124,ai_tokens,56.33
2025-09,ws-0058,egress,18.22
2025-10,ws-0018,egress,36.26
2024-09,ws-0066,storage,18.75
2024-12,ws-0033,compute,223.67
2025-11,ws-0027,ai_tokens,4.18
2024-01,ws-0072,egress,34.94
2024-02,ws-0061,egress,16.70
2026-03,ws-0128,ai_tokens,624.07
2025-01,ws-0062,ai_tokens,15.65
2025-12,ws-0133,compute,1030.83
2026-03,ws-0021,ai_tokens,7.46
2026-01,ws-0038,compute,198.10
2025-08,ws-0075,egress,12.67
2026-04,ws-0003,egress,28.47
2024-07,ws-0080,storage,3.18
2026-04,ws-0008,storage,20.31
2025-11,ws-0020,storage,112.27
2024-02,ws-0041,compute,115.38
2024-07,ws-0045,ai_tokens,9.32
2026-04,ws-0056,ai_tokens,3.35
2025-07,ws-0054,compute,13.52
2024-12,ws-0103,egress,4.65
2025-12,ws-0126,ai_tokens,136.35
2025-10,ws-0063,storage,8.29
2026-03,ws-0038,egress,35.30
2025-07,ws-0075,storage,20.28
2026-06,ws-0008,compute,46.86
2025-06,ws-0127,ai_tokens,123.60
2026-02,ws-0052,ai_tokens,6.59
2024-02,ws-0054,storage,2.98
2024-05,ws-0076,storage,21.14
2026-03,ws-0044,ai_tokens,133.08
2026-04,ws-0099,egress,199.61
2025-05,ws-0008,compute,34.35
2025-01,ws-0129,storage,115.88
2026-05,ws-0087,ai_tokens,156.48
2025-08,ws-0017,storage,300.40
2025-12,ws-0050,compute,34.46
2026-04,ws-0083,ai_tokens,7.07
2024-10,ws-0054,compute,13.09
2025-05,ws-0062,compute,205.86
2025-10,ws-0028,ai_tokens,22.79
2025-05,ws-0118,compute,418.97
2025-11,ws-0067,egress,10.14
2024-08,ws-0069,compute,159.66
2025-09,ws-0053,ai_tokens,1.91
2025-03,ws-0049,ai_tokens,0.92
2026-06,ws-0063,egress,3.44
2026-03,ws-0059,egress,31.71
2024-09,ws-0012,compute,172.20
2024-12,ws-0123,ai_tokens,30.97
2025-05,ws-0075,storage,20.60
2024-12,ws-0005,ai_tokens,1.07
2024-03,ws-0090,egress,32.94
2024-05,ws-0121,compute,1018.56
2025-08,ws-0055,compute,158.90
2026-06,ws-0079,egress,6.51
2024-02,ws-0062,compute,138.49
2024-08,ws-0117,ai_tokens,5.60
2025-07,ws-0096,storage,48.94
2025-01,ws-0103,storage,8.38
2025-09,ws-0077,storage,425.48
2025-09,ws-0033,egress,52.31
2024-04,ws-0068,compute,35.77
2026-03,ws-0086,ai_tokens,14.46
2024-12,ws-0073,ai_tokens,4.00
2025-12,ws-0099,compute,881.62
2026-04,ws-0017,storage,319.17
2025-11,ws-0028,egress,19.40
2025-04,ws-0074,compute,84.90
2024-09,ws-0128,compute,1047.25
2025-03,ws-0094,egress,6.90
2024-09,ws-0033,storage,77.39
2024-08,ws-0118,ai_tokens,31.20
2024-05,ws-0079,storage,10.25
2025-07,ws-0079,ai_tokens,5.14
2025-11,ws-0027,compute,23.25
2025-10,ws-0073,storage,14.01
2024-02,ws-0044,egress,58.36
2024-07,ws-0120,compute,98.60
2026-04,ws-0106,compute,70.88
2026-05,ws-0070,storage,36.58
2024-01,ws-0067,compute,38.32
2024-09,ws-0130,ai_tokens,22.21
2026-05,ws-0044,egress,72.47
2024-10,ws-0012,compute,182.59
2025-12,ws-0104,compute,187.02
2025-12,ws-0132,ai_tokens,104.37
2026-01,ws-0083,egress,3.52
2025-04,ws-0094,ai_tokens,2.75
2025-04,ws-0051,egress,53.10
2026-06,ws-0036,storage,9.56
2024-05,ws-0099,compute,767.22
2025-09,ws-0001,storage,239.82
2026-01,ws-0069,storage,81.22
2025-10,ws-0035,egress,8.79
2026-01,ws-0132,storage,130.85
2025-09,ws-0012,egress,37.44
2024-11,ws-0053,compute,10.67
2025-08,ws-0008,egress,9.43
2025-06,ws-0134,ai_tokens,78.92
2025-12,ws-0112,ai_tokens,239.47
2024-04,ws-0130,compute,319.63
2026-03,ws-0025,storage,5.71
2024-05,ws-0015,egress,45.28
2025-04,ws-0007,compute,1158.97
2025-12,ws-0050,ai_tokens,8.32
2026-02,ws-0058,egress,15.35
2024-02,ws-0017,compute,626.87
2026-02,ws-0047,compute,9.80
2026-02,ws-0059,egress,35.14
2026-06,ws-0076,egress,17.71
2024-10,ws-0079,storage,13.09
2024-08,ws-0031,storage,61.73
2024-03,ws-0008,storage,13.46
2025-07,ws-0008,compute,31.93
2025-09,ws-0027,compute,23.81
2026-05,ws-0005,ai_tokens,4.32
2024-02,ws-0130,storage,100.82
2025-05,ws-0058,storage,21.94
2025-03,ws-0062,ai_tokens,21.32
2024-09,ws-0048,compute,14.06
2024-12,ws-0130,compute,338.32
2024-11,ws-0090,egress,30.28
2024-12,ws-0005,compute,8.76
2025-04,ws-0034,compute,509.34
2024-07,ws-0072,egress,48.24
2025-03,ws-0094,compute,24.73
2026-05,ws-0074,storage,52.00
2026-04,ws-0047,storage,5.32
2026-05,ws-0045,egress,28.49
2025-08,ws-0002,ai_tokens,181.73
2025-09,ws-0041,egress,27.22
2026-05,ws-0117,compute,140.37
2025-07,ws-0122,egress,258.44
2026-01,ws-0122,ai_tokens,403.51
2026-06,ws-0043,ai_tokens,323.68
2026-06,ws-0123,compute,368.89
2025-12,ws-0061,egress,16.46
2024-10,ws-0012,ai_tokens,14.90
2026-06,ws-0054,ai_tokens,5.20
2024-01,ws-0062,compute,150.25
2026-02,ws-0062,compute,216.48
2026-05,ws-0008,egress,7.50
2024-03,ws-0032,compute,15.85
2024-11,ws-0112,storage,286.43
2024-09,ws-0016,compute,28.37
2025-07,ws-0110,egress,8.56
2026-04,ws-0006,egress,45.42
2026-04,ws-0111,ai_tokens,74.85
2024-04,ws-0125,compute,349.36
2026-03,ws-0104,ai_tokens,60.69
2026-01,ws-0020,storage,116.35
2024-05,ws-0094,compute,28.09
2024-09,ws-0129,egress,52.92
2025-08,ws-0108,storage,50.37
2026-05,ws-0133,compute,1153.21
2024-11,ws-0082,egress,2.39
2026-05,ws-0117,storage,73.75
2024-12,ws-0126,compute,860.34
2025-12,ws-0064,egress,142.34
2026-05,ws-0028,compute,121.35
2025-08,ws-0013,ai_tokens,5.14
2025-08,ws-0018,compute,143.35
2026-01,ws-0079,ai_tokens,5.49
2025-12,ws-0083,storage,8.50
2025-03,ws-0076,storage,24.84
2024-01,ws-0099,compute,739.55
2024-12,ws-0124,storage,342.51
2025-10,ws-0054,ai_tokens,3.47
2025-03,ws-0034,compute,494.45
2025-09,ws-0122,compute,1313.28
2025-12,ws-0013,ai_tokens,5.50
2024-02,ws-0049,storage,3.23
2025-05,ws-0012,egress,33.85
2025-02,ws-0061,compute,91.03
2025-08,ws-0104,storage,87.53
2025-08,ws-0043,compute,531.50
2026-05,ws-0025,compute,13.15
2024-12,ws-0051,egress,46.13
2026-02,ws-0084,storage,17.09
2024-10,ws-0133,storage,314.82
2024-07,ws-0123,storage,89.68
2024-11,ws-0026,ai_tokens,1.92
2024-02,ws-0079,storage,11.46
2026-06,ws-0055,egress,40.20
2025-03,ws-0031,storage,48.80
2024-08,ws-0127,storage,207.38
2025-04,ws-0028,ai_tokens,15.32
2025-06,ws-0107,egress,9.13
2025-08,ws-0105,egress,16.67
2024-01,ws-0005,compute,10.60
2024-09,ws-0126,egress,199.46
2025-06,ws-0001,storage,241.85
2025-06,ws-0064,egress,98.42
2025-05,ws-0032,egress,3.20
2025-04,ws-0124,storage,475.80
2026-06,ws-0133,egress,231.78
2026-06,ws-0135,compute,498.07
2025-04,ws-0120,compute,120.77
2025-02,ws-0122,storage,431.82
2026-03,ws-0026,ai_tokens,6.83
2025-11,ws-0063,ai_tokens,2.93
2024-06,ws-0040,ai_tokens,1.77
2025-08,ws-0060,ai_tokens,6.77
2025-09,ws-0080,egress,2.05
2024-01,ws-0079,compute,33.00
2025-09,ws-0068,compute,50.78
2024-01,ws-0068,storage,16.43
2024-09,ws-0127,compute,519.71
2025-12,ws-0096,storage,48.72
2025-09,ws-0040,ai_tokens,6.17
2025-08,ws-0055,egress,37.66
2025-06,ws-0041,storage,56.89
2025-09,ws-0012,storage,71.49
2024-04,ws-0013,egress,5.58
2024-10,ws-0061,egress,18.33
2025-01,ws-0033,compute,196.13
2026-04,ws-0022,egress,3.78
2024-08,ws-0016,ai_tokens,1.96
2024-06,ws-0107,egress,8.03
2024-03,ws-0057,egress,12.04
2026-01,ws-0061,ai_tokens,27.79
2025-07,ws-0028,compute,109.32
2025-12,ws-0041,compute,145.40
2026-01,ws-0082,storage,3.86
2024-11,ws-0120,compute,120.59
2026-03,ws-0075,ai_tokens,16.39
2025-09,ws-0037,ai_tokens,40.76
2025-06,ws-0048,storage,4.64
2024-01,ws-0062,storage,62.26
2024-07,ws-0129,compute,287.69
2026-06,ws-0042,ai_tokens,82.78
2024-05,ws-0047,compute,11.92
2024-03,ws-0005,storage,2.71
2024-06,ws-0043,ai_tokens,21.40
2026-03,ws-0022,egress,5.25
2026-02,ws-0051,storage,81.20
2024-03,ws-0035,egress,8.63
2026-04,ws-0073,ai_tokens,7.43
2025-02,ws-0075,storage,18.43
2025-12,ws-0123,compute,356.82
2026-04,ws-0016,egress,7.73
2025-10,ws-0110,egress,6.40
2024-08,ws-0008,egress,7.43
2025-01,ws-0134,storage,159.86
2024-09,ws-0048,storage,5.14
2024-08,ws-0127,egress,145.82
2025-02,ws-0044,storage,120.67
2024-03,ws-0080,storage,3.20
2024-08,ws-0015,storage,87.91
2025-02,ws-0008,storage,12.53
2024-12,ws-0018,compute,140.40
2024-11,ws-0131,egress,181.28
2026-05,ws-0083,storage,6.91
2026-02,ws-0096,egress,30.59
2024-08,ws-0038,egress,38.31
2024-08,ws-0075,ai_tokens,4.06
2026-03,ws-0126,storage,461.11
2025-10,ws-0037,compute,181.08
2024-04,ws-0126,compute,867.50
2024-09,ws-0034,storage,127.76
2024-09,ws-0038,compute,131.77
2025-04,ws-0112,egress,190.89
2024-04,ws-0104,compute,184.13
2024-03,ws-0066,storage,11.86
2026-06,ws-0135,storage,280.31
2024-10,ws-0079,compute,30.71
2024-07,ws-0132,compute,228.66
2026-01,ws-0038,egress,32.38
2025-09,ws-0066,ai_tokens,10.30
2025-04,ws-0013,storage,8.24
2025-06,ws-0005,storage,4.11
2024-06,ws-0031,storage,57.06
2024-12,ws-0129,compute,223.78
2025-05,ws-0127,egress,128.21
2025-08,ws-0068,compute,40.99
2025-08,ws-0006,egress,43.50
2024-12,ws-0081,storage,3.78
2026-06,ws-0089,ai_tokens,8.03
2024-06,ws-0080,ai_tokens,0.56
2026-01,ws-0131,egress,172.98
2024-03,ws-0099,egress,151.55
2026-03,ws-0125,storage,158.41
2024-12,ws-0127,egress,115.87
2025-06,ws-0084,egress,9.30
2026-02,ws-0004,egress,13.49
2025-07,ws-0126,compute,861.63
2024-10,ws-0085,egress,8.95
2026-05,ws-0041,ai_tokens,50.02
2024-07,ws-0049,storage,4.27
2024-10,ws-0073,compute,28.07
2025-09,ws-0076,egress,12.92
2024-05,ws-0061,storage,27.90
2026-03,ws-0090,egress,38.80
2026-01,ws-0013,egress,5.48
2026-04,ws-0123,egress,63.97
2024-11,ws-0032,compute,15.44
2025-10,ws-0062,storage,75.10
2026-05,ws-0026,storage,6.95
2025-03,ws-0127,egress,134.86
2025-11,ws-0101,ai_tokens,18.87
2026-02,ws-0065,compute,135.56
2025-09,ws-0002,ai_tokens,230.67
2026-06,ws-0105,storage,32.01
2025-12,ws-0081,egress,2.02
2026-05,ws-0109,egress,9.02
2025-07,ws-0033,ai_tokens,44.62
2025-10,ws-0054,egress,3.10
2026-05,ws-0107,ai_tokens,16.29
2024-07,ws-0028,ai_tokens,4.62
2024-02,ws-0057,compute,55.63
2026-04,ws-0109,storage,15.64
2024-11,ws-0134,storage,102.54
2025-04,ws-0096,compute,125.55
2025-05,ws-0026,storage,7.23
2024-12,ws-0040,ai_tokens,2.91
2025-06,ws-0001,ai_tokens,161.56
2025-01,ws-0001,storage,242.03
2024-09,ws-0122,compute,1283.82
2024-09,ws-0049,compute,13.83
2026-02,ws-0106,egress,12.34
2026-01,ws-0068,storage,18.07
2025-05,ws-0053,ai_tokens,1.43
2025-10,ws-0126,compute,679.01
2026-04,ws-0106,egress,12.85
2025-03,ws-0045,compute,127.08
2026-02,ws-0104,storage,117.36
2025-06,ws-0013,egress,4.28
2025-08,ws-0085,ai_tokens,4.26
2024-10,ws-0080,storage,4.01
2026-04,ws-0021,compute,18.52
2025-02,ws-0031,storage,53.10
2024-02,ws-0044,storage,89.69
2026-01,ws-0084,ai_tokens,14.17
2024-06,ws-0128,ai_tokens,73.88
2026-05,ws-0019,ai_tokens,71.78
2024-06,ws-0081,compute,7.41
2024-11,ws-0084,egress,7.96
2025-06,ws-0060,compute,41.83
2026-06,ws-0038,compute,144.84
2026-06,ws-0049,storage,5.98
2024-03,ws-0131,egress,188.40
2024-07,ws-0121,egress,252.84
2025-07,ws-0061,ai_tokens,9.14
2025-03,ws-0074,ai_tokens,12.32
2025-02,ws-0001,compute,750.32
2025-06,ws-0084,ai_tokens,3.54
2026-06,ws-0082,egress,2.75
2024-10,ws-0026,ai_tokens,1.64
2026-04,ws-0100,ai_tokens,9.78
2024-12,ws-0094,compute,23.17
2025-10,ws-0076,egress,16.58
2025-08,ws-0112,ai_tokens,144.41
2025-05,ws-0041,compute,96.43
2026-03,ws-0030,ai_tokens,17.83
2024-10,ws-0103,egress,4.46
2026-05,ws-0040,compute,22.61
2026-05,ws-0015,storage,120.65
2025-01,ws-0124,ai_tokens,69.64
2025-01,ws-0029,compute,21.90
2025-11,ws-0057,ai_tokens,18.48
2026-04,ws-0064,compute,616.44
2026-02,ws-0036,compute,23.16
2025-09,ws-0108,ai_tokens,23.78
2026-01,ws-0040,ai_tokens,8.82
2026-05,ws-0057,ai_tokens,23.86
2025-02,ws-0131,egress,199.83
2026-04,ws-0044,egress,63.09
2026-06,ws-0128,egress,268.67
2024-01,ws-0117,storage,37.64
2025-12,ws-0094,storage,10.50
2026-02,ws-0061,egress,20.24
2025-10,ws-0031,storage,68.00
2025-05,ws-0043,egress,124.26
2025-06,ws-0103,compute,28.65
2026-06,ws-0004,storage,28.33
2025-10,ws-0019,ai_tokens,58.75
2025-10,ws-0007,ai_tokens,279.99
2025-03,ws-0135,storage,211.32
2025-06,ws-0016,compute,31.57
2024-03,ws-0096,compute,115.79
2024-11,ws-0029,storage,6.45
2025-02,ws-0053,ai_tokens,1.36
2025-10,ws-0058,egress,12.69
2025-04,ws-0005,egress,2.09
2026-03,ws-0014,compute,325.31
2025-07,ws-0001,storage,337.31
2024-02,ws-0012,storage,48.25
2025-06,ws-0117,compute,142.58
2026-01,ws-0041,ai_tokens,32.12
2026-01,ws-0085,ai_tokens,14.86
2025-04,ws-0068,egress,8.39
2024-06,ws-0048,storage,4.69
2026-01,ws-0070,compute,104.81
2024-06,ws-0068,ai_tokens,3.15
2025-10,ws-0058,compute,79.84
2024-02,ws-0049,egress,2.66
2025-06,ws-0038,compute,159.41
2025-06,ws-0060,egress,7.58
2024-09,ws-0134,storage,108.88
2025-10,ws-0059,egress,37.97
2026-06,ws-0111,storage,111.48
2026-01,ws-0012,ai_tokens,36.22
2024-01,ws-0075,compute,33.88
2024-01,ws-0041,storage,37.08
2026-04,ws-0072,storage,100.08
2024-04,ws-0072,storage,69.93
2024-09,ws-0120,ai_tokens,5.53
2026-05,ws-0081,egress,1.81
2025-04,ws-0080,storage,4.07
2026-03,ws-0043,compute,480.96
2025-12,ws-0118,storage,155.32
2026-04,ws-0084,compute,34.38
2026-01,ws-0058,compute,76.30
2024-05,ws-0015,compute,183.58
2024-11,ws-0057,compute,60.11
2025-11,ws-0074,egress,24.54
2024-08,ws-0013,ai_tokens,1.05
2026-03,ws-0041,storage,59.11
2024-10,ws-0058,egress,16.11
2024-07,ws-0041,compute,109.11
2025-01,ws-0125,compute,305.02
2026-04,ws-0111,egress,65.86
2024-08,ws-0080,egress,1.81
2026-06,ws-0039,compute,62.67
2026-06,ws-0077,ai_tokens,384.30
2025-02,ws-0069,compute,200.15
2024-08,ws-0049,ai_tokens,0.49
2025-10,ws-0031,compute,164.86
2024-05,ws-0132,egress,55.72
2024-01,ws-0012,storage,54.29
2025-10,ws-0029,storage,7.14
2025-07,ws-0006,ai_tokens,41.76
2026-04,ws-0055,egress,41.05
2024-07,ws-0121,storage,470.70
2024-03,ws-0086,storage,14.27
2026-04,ws-0034,compute,422.81
2026-06,ws-0106,storage,37.11
2024-07,ws-0058,egress,16.94
2024-10,ws-0059,compute,151.34
2024-10,ws-0094,compute,24.09
2025-07,ws-0062,egress,47.74
2025-01,ws-0061,egress,16.96
2025-01,ws-0058,ai_tokens,4.76
2026-02,ws-0001,storage,333.37
2026-01,ws-0099,compute,869.72
2025-12,ws-0002,egress,255.84
2024-02,ws-0080,storage,3.01
2024-08,ws-0041,compute,120.23
2025-03,ws-0120,ai_tokens,15.92
2024-01,ws-0034,compute,321.72
2025-02,ws-0117,compute,142.76
2025-06,ws-0135,compute,664.18
2024-11,ws-0033,ai_tokens,26.89
2025-05,ws-0040,ai_tokens,3.98
2025-06,ws-0068,storage,20.00
2026-05,ws-0036,ai_tokens,5.44
2025-11,ws-0101,compute,92.78
2024-07,ws-0035,ai_tokens,2.59
2025-09,ws-0064,egress,105.79
2025-11,ws-0050,compute,35.39
2025-01,ws-0107,compute,38.44
2026-05,ws-0095,ai_tokens,35.79
2024-03,ws-0045,egress,26.49
2025-11,ws-0005,compute,9.61
2025-10,ws-0017,compute,541.86
2025-04,ws-0017,storage,244.12
2026-01,ws-0044,egress,70.96
2025-10,ws-0026,compute,16.46
2025-11,ws-0066,ai_tokens,14.91
2025-09,ws-0017,storage,235.40
2024-04,ws-0112,storage,298.40
2025-08,ws-0106,compute,56.57
2026-06,ws-0124,ai_tokens,343.16
2026-04,ws-0073,storage,15.22
2025-12,ws-0041,storage,55.78
2024-06,ws-0074,ai_tokens,5.73
2025-05,ws-0131,compute,810.41
2026-01,ws-0037,storage,93.83
2025-08,ws-0001,ai_tokens,95.61
2025-01,ws-0117,egress,32.40
2025-06,ws-0061,compute,84.07
2024-01,ws-0044,storage,89.61
2024-11,ws-0090,storage,42.75
2024-11,ws-0001,egress,131.56
2025-07,ws-0118,compute,380.09
2024-09,ws-0094,compute,20.58
2024-08,ws-0133,storage,394.23
2025-02,ws-0055,ai_tokens,10.78
2025-03,ws-0051,compute,239.23
2026-05,ws-0025,ai_tokens,4.19
2025-09,ws-0013,storage,11.10
2026-03,ws-0120,storage,59.53
2024-07,ws-0103,compute,22.93
2025-06,ws-0104,egress,52.52
2026-01,ws-0029,compute,24.39
2026-03,ws-0084,ai_tokens,10.72
2025-11,ws-0090,storage,53.99
2024-08,ws-0085,ai_tokens,3.13
2025-09,ws-0118,ai_tokens,54.15
2024-09,ws-0045,storage,36.76
2024-11,ws-0028,storage,42.13
2025-08,ws-0096,egress,23.92
2024-10,ws-0045,storage,35.13
2024-07,ws-0055,storage,44.18
2026-03,ws-0059,ai_tokens,-7.25
2025-09,ws-0131,storage,419.25
2025-02,ws-0061,egress,16.97
2026-05,ws-0006,ai_tokens,117.92
2026-06,ws-0133,storage,429.00
2026-05,ws-0088,egress,82.04
2025-03,ws-0122,compute,1198.63
2026-02,ws-0052,compute,16.68
2024-08,ws-0054,storage,3.57
2025-06,ws-0012,compute,177.10
2024-05,ws-0080,storage,3.63
2026-04,ws-0065,storage,65.52
2024-11,ws-0028,compute,111.34
2025-06,ws-0112,storage,364.15
2025-07,ws-0057,ai_tokens,7.08
2026-03,ws-0029,egress,4.33
2025-02,ws-0073,ai_tokens,4.34
2026-05,ws-0070,compute,100.73
2025-12,ws-0094,ai_tokens,6.97
2025-06,ws-0077,compute,1112.39
2025-08,ws-0039,ai_tokens,18.02
2025-11,ws-0130,egress,95.49
2025-03,ws-0054,ai_tokens,0.88
2025-05,ws-0082,egress,2.57
2025-12,ws-0132,compute,250.05
2026-04,ws-0028,compute,99.55
2025-01,ws-0131,storage,385.15
2025-12,ws-0066,egress,11.92
2026-04,ws-0076,compute,80.04
2024-11,ws-0123,compute,312.15
2026-04,ws-0128,storage,601.49
2026-03,ws-0067,compute,51.06
2025-05,ws-0133,storage,298.21
2025-09,ws-0084,storage,16.59
2024-12,ws-0041,storage,45.48
2025-11,ws-0117,compute,138.14
2026-05,ws-0093,storage,15.24
2024-11,ws-0081,ai_tokens,0.68
2024-01,ws-0112,compute,753.25
2026-01,ws-0040,egress,5.17
2025-09,ws-0106,egress,15.70
2024-06,ws-0054,compute,13.02
2026-03,ws-0039,storage,39.34
2025-05,ws-0007,egress,176.87
2025-04,ws-0044,ai_tokens,47.00
2024-07,ws-0090,compute,136.19
2025-06,ws-0044,egress,67.73
2025-02,ws-0008,compute,33.89
2025-04,ws-0057,compute,60.14
2025-11,ws-0063,compute,18.86
2025-07,ws-0080,ai_tokens,1.36
2024-07,ws-0043,egress,128.91
2024-10,ws-0049,egress,3.15
2025-08,ws-0133,compute,916.49
2024-05,ws-0045,egress,27.09
2026-01,ws-0033,compute,225.41
2025-07,ws-0031,storage,64.46
2025-11,ws-0060,compute,33.41
2026-04,ws-0129,compute,304.90
2025-01,ws-0058,storage,25.80
2025-10,ws-0101,storage,40.74
2025-06,ws-0018,egress,42.58
2025-11,ws-0074,storage,40.30
2026-06,ws-0023,ai_tokens,30.14
2025-12,ws-0015,storage,103.79
2024-11,ws-0123,storage,88.52
2026-01,ws-0055,storage,52.19
2025-09,ws-0016,compute,30.87
2024-08,ws-0112,storage,279.23
2025-12,ws-0107,compute,36.04
2024-09,ws-0073,egress,7.27
2025-05,ws-0105,storage,20.61
2025-08,ws-0121,ai_tokens,223.75
2025-01,ws-0096,compute,134.36
2024-08,ws-0001,egress,121.48
2024-08,ws-0090,storage,50.68
2025-07,ws-0069,egress,46.57
2025-01,ws-0120,egress,27.43
2024-01,ws-0127,compute,587.52
2025-08,ws-0038,storage,77.87
2025-06,ws-0085,egress,9.64
2025-05,ws-0007,compute,1005.99
2025-04,ws-0008,egress,8.03
2024-02,ws-0079,compute,25.15
2025-09,ws-0059,storage,75.30
2025-07,ws-0057,compute,75.29
2025-12,ws-0026,egress,3.00
2024-04,ws-0103,egress,6.36
2026-04,ws-0016,ai_tokens,12.25
2026-03,ws-0082,egress,2.58
2026-04,ws-0047,compute,15.14
2025-10,ws-0048,compute,12.86
2026-03,ws-0037,ai_tokens,58.30
2025-02,ws-0122,egress,337.11
2025-02,ws-0015,egress,48.39
2025-02,ws-0099,compute,711.07
2024-05,ws-0068,storage,12.11
2025-09,ws-0066,storage,17.84
2025-10,ws-0068,compute,52.22
2026-06,ws-0095,egress,31.17
2026-02,ws-0090,ai_tokens,67.90
2025-12,ws-0008,egress,8.07
2024-04,ws-0076,compute,56.26
2025-12,ws-0124,compute,917.55
2026-04,ws-0080,egress,2.17
2025-07,ws-0051,storage,82.87
2024-08,ws-0029,storage,8.32
2025-05,ws-0106,egress,13.63
2025-04,ws-0077,ai_tokens,167.37
2025-04,ws-0073,egress,7.34
2025-12,ws-0040,storage,9.76
2025-01,ws-0069,egress,32.93
2026-03,ws-0012,compute,129.58
2024-12,ws-0125,ai_tokens,31.28
2025-03,ws-0043,ai_tokens,70.61
2024-10,ws-0058,compute,64.16
2024-10,ws-0135,storage,174.88
2025-10,ws-0086,egress,9.28
2025-02,ws-0029,compute,21.83
2025-10,ws-0061,egress,17.98
2025-11,ws-0076,egress,17.69
2024-09,ws-0099,ai_tokens,75.96
2025-04,ws-0075,storage,15.43
2025-01,ws-0028,ai_tokens,9.29
2026-05,ws-0129,egress,70.07
2026-01,ws-0032,egress,4.53
2025-02,ws-0118,compute,348.13
2025-02,ws-0054,compute,9.74
2024-01,ws-0104,storage,79.49
2026-04,ws-0123,compute,245.42
2024-08,ws-0123,ai_tokens,11.14
2025-09,ws-0110,ai_tokens,5.99
2026-02,ws-0073,egress,8.29
2025-08,ws-0043,egress,123.70
2026-06,ws-0107,compute,33.49
2026-05,ws-0015,egress,45.87
2025-06,ws-0099,egress,148.87
2025-01,ws-0068,storage,20.16
2026-01,ws-0072,compute,203.99
2026-03,ws-0034,ai_tokens,121.56
2024-06,ws-0031,compute,171.23
2024-08,ws-0031,compute,150.68
2024-05,ws-0013,egress,5.17
2024-05,ws-0035,storage,14.73
2025-08,ws-0038,compute,183.82
2024-09,ws-0054,storage,3.60
2025-11,ws-0070,egress,23.60
2024-02,ws-0015,compute,176.04
2024-10,ws-0084,storage,11.53
2026-02,ws-0055,storage,54.09
2024-08,ws-0068,storage,15.91
2025-09,ws-0096,compute,138.87
2024-12,ws-0068,ai_tokens,5.31
2025-12,ws-0081,storage,5.04
2026-02,ws-0094,storage,9.17
2025-10,ws-0088,storage,224.75
2026-01,ws-0064,ai_tokens,176.51
2024-11,ws-0134,compute,385.72
2024-12,ws-0026,storage,5.78
2025-05,ws-0068,ai_tokens,4.49
2024-12,ws-0086,ai_tokens,3.69
2025-12,ws-0104,egress,43.18
2026-06,ws-0100,storage,16.55
2025-05,ws-0127,ai_tokens,72.58
2026-01,ws-0076,ai_tokens,24.20
2025-01,ws-0043,compute,531.96
2026-03,ws-0045,ai_tokens,50.05
2026-02,ws-0079,egress,6.87
2026-02,ws-0133,compute,1117.18
2025-04,ws-0112,compute,620.26
2024-01,ws-0054,storage,3.00
2025-09,ws-0001,egress,145.96
2025-09,ws-0050,storage,13.84
2026-01,ws-0110,compute,26.64
2025-09,ws-0129,ai_tokens,75.23
2026-03,ws-0025,compute,11.87
2024-11,ws-0128,storage,473.05
2024-06,ws-0015,ai_tokens,12.28
2026-04,ws-0078,ai_tokens,33.86
2024-10,ws-0034,egress,76.71
2026-04,ws-0007,compute,1009.87
2025-08,ws-0107,egress,8.71
2026-03,ws-0005,storage,4.27
2025-01,ws-0057,ai_tokens,4.05
2025-11,ws-0075,ai_tokens,15.43
2024-09,ws-0084,compute,41.51
2026-02,ws-0027,compute,28.06
2026-05,ws-0119,egress,9.23
2024-07,ws-0048,egress,2.70
2026-03,ws-0122,ai_tokens,645.30
2025-01,ws-0045,ai_tokens,14.96
2025-05,ws-0131,storage,370.76
2025-01,ws-0107,egress,9.06
2024-11,ws-0013,compute,18.73
2026-01,ws-0105,ai_tokens,20.87
2024-06,ws-0061,egress,14.35
2026-05,ws-0127,egress,142.56
2025-09,ws-0099,egress,154.92
2025-07,ws-0013,egress,6.37
2026-01,ws-0080,compute,11.61
2026-06,ws-0100,compute,45.83
2025-11,ws-0079,ai_tokens,5.90
2026-05,ws-0074,ai_tokens,53.30
2024-02,ws-0076,egress,15.43
2025-03,ws-0133,egress,206.10
2025-10,ws-0098,storage,16.87
2025-03,ws-0132,ai_tokens,24.79
2025-11,ws-0132,compute,267.76
2026-03,ws-0002,storage,574.59
2026-06,ws-0078,storage,41.50
2025-11,ws-0013,ai_tokens,6.93
2026-06,ws-0045,ai_tokens,82.19
2024-05,ws-0123,egress,63.62
2026-05,ws-0106,egress,15.88
2025-11,ws-0103,compute,25.61
2024-12,ws-0043,ai_tokens,70.01
2025-06,ws-0079,storage,11.88
2026-02,ws-0111,ai_tokens,87.77
2025-11,ws-0099,compute,669.92
2025-12,ws-0135,ai_tokens,135.36
2025-04,ws-0032,ai_tokens,2.08
2024-11,ws-0041,compute,141.93
2025-04,ws-0076,compute,66.75
2026-02,ws-0069,storage,73.32
2024-06,ws-0127,ai_tokens,19.27
2024-06,ws-0057,egress,14.41
2024-03,ws-0117,compute,133.36
2025-01,ws-0058,compute,53.21
2024-01,ws-0048,egress,2.89
2026-04,ws-0094,ai_tokens,7.01
2024-06,ws-0032,compute,15.84
2024-04,ws-0124,compute,979.74
2025-06,ws-0104,ai_tokens,22.96
2024-10,ws-0122,compute,1585.79
2025-07,ws-0128,storage,541.07
2025-02,ws-0045,ai_tokens,18.46
2025-10,ws-0067,compute,49.21
2024-08,ws-0126,storage,335.97
2026-05,ws-0090,storage,82.36
2024-02,ws-0094,storage,7.67
2025-10,ws-0033,egress,45.07
2025-06,ws-0058,compute,70.63
2025-03,ws-0068,storage,19.44
2026-05,ws-0088,ai_tokens,111.07
2024-11,ws-0126,egress,157.91
2026-02,ws-0070,ai_tokens,34.80
2024-05,ws-0084,compute,33.09
2026-06,ws-0062,compute,187.67
2024-07,ws-0059,compute,125.46
2025-11,ws-0129,compute,239.93
2026-04,ws-0083,compute,14.33
2025-05,ws-0034,compute,419.01
2024-01,ws-0107,compute,27.77
2024-11,ws-0094,ai_tokens,2.70
2024-02,ws-0015,egress,58.18
2026-04,ws-0108,egress,34.34
2024-03,ws-0080,egress,2.40
2025-11,ws-0104,storage,98.57
2026-04,ws-0075,compute,51.16
2025-11,ws-0002,ai_tokens,196.53
2024-03,ws-0103,compute,28.62
2024-11,ws-0055,storage,62.07
2025-12,ws-0016,compute,24.07
2024-05,ws-0075,storage,16.00
2026-05,ws-0086,storage,15.37
2025-11,ws-0134,compute,398.51
2025-01,ws-0049,ai_tokens,1.54
2024-02,ws-0072,storage,57.32
2026-03,ws-0064,storage,226.35
2024-08,ws-0112,ai_tokens,70.28
2025-04,ws-0077,egress,177.72
2026-06,ws-0102,compute,563.22
2025-11,ws-0069,ai_tokens,50.69
2025-07,ws-0063,compute,15.07
2024-05,ws-0057,storage,19.57
2026-03,ws-0040,egress,4.90
2025-09,ws-0123,egress,62.55
2026-04,ws-0093,ai_tokens,21.55
2026-06,ws-0125,egress,61.73
2025-12,ws-0007,ai_tokens,209.42
2025-05,ws-0061,egress,14.92
2024-01,ws-0099,egress,136.88
2026-05,ws-0051,storage,113.45
2025-07,ws-0054,ai_tokens,1.73
2026-05,ws-0076,egress,18.20
2024-06,ws-0090,storage,50.58
2025-02,ws-0079,storage,9.27
2025-03,ws-0081,compute,9.82
2026-01,ws-0053,compute,12.62
2026-02,ws-0082,compute,8.05
2026-05,ws-0103,ai_tokens,7.80
2025-03,ws-0120,compute,148.45
2025-01,ws-0018,compute,130.20
2025-05,ws-0117,storage,43.72
2026-05,ws-0053,storage,4.58
2025-01,ws-0057,compute,68.67
2025-08,ws-0047,compute,11.16
2025-07,ws-0129,storage,114.95
2026-01,ws-0127,compute,498.04
2024-12,ws-0043,storage,235.45
2025-07,ws-0112,compute,871.83
2025-10,ws-0099,storage,421.06
2026-06,ws-0013,storage,12.98
2025-02,ws-0094,compute,26.68
2025-11,ws-0020,egress,58.59
2024-11,ws-0075,compute,38.93
2025-12,ws-0108,egress,36.89
2026-02,ws-0005,ai_tokens,2.13
2025-01,ws-0008,ai_tokens,5.44
2025-03,ws-0070,compute,71.74
2025-08,ws-0059,storage,49.72
2025-06,ws-0049,ai_tokens,2.02
2025-11,ws-0043,ai_tokens,133.96
2026-06,ws-0066,egress,13.47
2024-08,ws-0035,storage,15.55
2025-03,ws-0074,storage,32.67
2024-03,ws-0062,compute,156.74
2026-04,ws-0099,compute,914.42
2024-04,ws-0102,storage,178.81
2025-02,ws-0002,storage,455.25
2025-05,ws-0104,egress,44.57
2025-06,ws-0070,egress,15.98
2026-06,ws-0040,ai_tokens,8.58
2024-07,ws-0079,egress,6.38
2025-06,ws-0123,egress,76.33
2025-05,ws-0061,compute,66.14
2025-01,ws-0016,egress,5.85
2026-05,ws-0092,egress,11.38
2025-03,ws-0075,storage,19.71
2025-06,ws-0130,storage,138.15
2025-11,ws-0008,egress,8.56
2025-02,ws-0057,storage,22.52
2024-06,ws-0126,egress,187.30
2026-02,ws-0061,ai_tokens,16.70
2025-05,ws-0129,storage,117.54
2025-01,ws-0051,compute,188.19
2025-07,ws-0123,compute,353.76
2024-05,ws-0072,storage,59.37
2024-09,ws-0080,ai_tokens,0.57
2026-03,ws-0051,egress,38.79
2024-12,ws-0094,egress,5.71
2024-06,ws-0005,egress,1.83
2025-09,ws-0072,compute,179.38
2024-01,ws-0026,compute,16.39
2026-06,ws-0010,compute,13.20
2025-01,ws-0094,storage,10.52
2025-09,ws-0034,egress,118.93
2026-04,ws-0105,egress,14.02
2024-09,ws-0054,compute,10.31
2025-03,ws-0015,egress,52.71
2026-03,ws-0102,storage,297.86
2024-08,ws-0040,egress,5.48
2025-05,ws-0047,compute,13.36
2025-08,ws-0016,ai_tokens,7.07
2025-02,ws-0035,ai_tokens,3.62
2025-09,ws-0125,ai_tokens,52.28
2024-10,ws-0129,compute,245.88
2025-06,ws-0112,egress,188.22
2025-12,ws-0038,compute,179.69
2025-03,ws-0079,ai_tokens,2.90
2026-02,ws-0036,storage,9.71
2026-02,ws-0057,ai_tokens,24.00
2025-12,ws-0007,compute,1021.34
2024-08,ws-0032,egress,3.85
2024-10,ws-0122,storage,564.11
2026-01,ws-0111,ai_tokens,48.55
2025-10,ws-0067,storage,20.02
2025-08,ws-0016,storage,12.65
2025-05,ws-0069,ai_tokens,21.87
2026-04,ws-0133,compute,906.99
2026-04,ws-0093,egress,10.41
2025-03,ws-0129,compute,253.68
2024-09,ws-0084,egress,9.11
2024-10,ws-0124,compute,803.54
2024-12,ws-0041,compute,125.16
2024-06,ws-0045,storage,44.98
2024-04,ws-0074,egress,26.00
2024-11,ws-0084,ai_tokens,2.89
2024-10,ws-0031,storage,51.13
2025-10,ws-0121,ai_tokens,298.18
2025-05,ws-0134,ai_tokens,72.48
2025-03,ws-0080,storage,3.16
2024-01,ws-0094,storage,9.38
2024-02,ws-0117,egress,22.32
2024-12,ws-0124,egress,208.35
2026-05,ws-0028,ai_tokens,45.03
2025-02,ws-0134,ai_tokens,45.65
2025-04,ws-0005,compute,9.30
2025-04,ws-0077,compute,800.79
2026-02,ws-0073,ai_tokens,11.40
2024-06,ws-0045,egress,30.36
2025-03,ws-0072,compute,190.92
2026-04,ws-0123,ai_tokens,104.94
2026-03,ws-0087,ai_tokens,192.96
2026-04,ws-0121,ai_tokens,383.78
2025-01,ws-0094,egress,5.73
2024-07,ws-0013,storage,8.42
2026-04,ws-0110,storage,17.37
2026-02,ws-0054,storage,4.96
2024-07,ws-0028,compute,109.49
2025-08,ws-0120,compute,106.48
2026-03,ws-0126,ai_tokens,404.63
2025-08,ws-0080,ai_tokens,1.75
2025-05,ws-0096,storage,56.85
2024-03,ws-0133,storage,332.17
2026-06,ws-0126,egress,223.82
2025-07,ws-0030,compute,40.83
2026-06,ws-0098,egress,10.47
2026-03,ws-0117,compute,148.67
2026-04,ws-0037,compute,184.17
2025-04,ws-0082,egress,2.31
2026-05,ws-0098,egress,9.05
2024-05,ws-0017,compute,458.49
2026-01,ws-0121,storage,581.05
2026-02,ws-0019,compute,306.23
2026-03,ws-0127,ai_tokens,223.20
2026-03,ws-0101,storage,42.93
2026-01,ws-0051,ai_tokens,74.28
2025-12,ws-0007,egress,232.58
2026-04,ws-0028,storage,46.26
2024-12,ws-0045,ai_tokens,12.61
2025-01,ws-0070,egress,18.45
2025-02,ws-0017,egress,106.90
2026-02,ws-0128,egress,368.77
2024-04,ws-0047,compute,11.50
2026-02,ws-0066,ai_tokens,18.14
2025-03,ws-0086,storage,12.61
2025-09,ws-0062,compute,165.55
2025-04,ws-0117,compute,116.36
2024-06,ws-0131,ai_tokens,32.55
2025-01,ws-0053,compute,9.64
2025-02,ws-0130,storage,124.85
2025-04,ws-0035,storage,18.34
2025-09,ws-0062,egress,46.50
2026-04,ws-0090,ai_tokens,74.12
2024-04,ws-0045,egress,25.93
2026-04,ws-0013,egress,5.18
2024-12,ws-0125,storage,115.06
2025-09,ws-0017,compute,479.51
2025-06,ws-0075,egress,11.18
2025-03,ws-0054,egress,2.07
2024-10,ws-0107,ai_tokens,3.76
2026-05,ws-0075,compute,44.48
2026-02,ws-0030,egress,8.86
2025-09,ws-0029,ai_tokens,5.39
2025-09,ws-0055,egress,40.02
2026-01,ws-0065,egress,36.58
2024-02,ws-0117,storage,38.67
2026-01,ws-0124,storage,494.75
2025-06,ws-0080,compute,10.34
2024-04,ws-0026,storage,5.16
2026-06,ws-0123,storage,164.94
2024-12,ws-0018,egress,32.17
2025-09,ws-0007,egress,248.57
2026-05,ws-0013,egress,4.94
2024-06,ws-0008,compute,41.99
2025-07,ws-0099,ai_tokens,99.80
2026-03,ws-0100,compute,33.42
2025-10,ws-0101,compute,105.31
2024-09,ws-0040,egress,5.63
2025-12,ws-0125,egress,80.45
2024-11,ws-0102,egress,144.60
2024-02,ws-0001,storage,200.24
2025-12,ws-0073,ai_tokens,10.16
2024-04,ws-0048,compute,10.14
2026-06,ws-0053,egress,2.12
2025-10,ws-0043,ai_tokens,81.26
2024-04,ws-0001,compute,598.76
2026-02,ws-0112,ai_tokens,321.66
2025-08,ws-0018,ai_tokens,23.19
2024-02,ws-0120,storage,35.16
2026-05,ws-0033,egress,54.09
2026-02,ws-0135,egress,127.02
2026-02,ws-0075,storage,18.05
2025-10,ws-0061,ai_tokens,13.23
2024-08,ws-0130,compute,363.22
2025-11,ws-0045,compute,120.37
2025-06,ws-0081,egress,2.40
2024-02,ws-0057,egress,11.07
2025-11,ws-0130,ai_tokens,93.95
2025-05,ws-0101,ai_tokens,11.92
2026-03,ws-0106,egress,16.75
2026-05,ws-0002,storage,551.52
2024-12,ws-0132,compute,342.84
2024-06,ws-0085,compute,43.01
2026-01,ws-0052,egress,4.40
2025-08,ws-0002,egress,286.85
2026-01,ws-0107,compute,39.97
2024-08,ws-0055,storage,41.98
2025-03,ws-0128,storage,444.89
2025-11,ws-0073,egress,7.89
2026-04,ws-0105,ai_tokens,23.08
2025-11,ws-0044,ai_tokens,58.85
2025-11,ws-0075,compute,49.60
2026-05,ws-0030,ai_tokens,16.14
2024-06,ws-0001,egress,120.45
2026-02,ws-0122,egress,254.90
2026-02,ws-0060,storage,16.17
2024-05,ws-0135,storage,192.57
2025-08,ws-0039,egress,19.39
2026-04,ws-0045,compute,137.92
2025-09,ws-0027,egress,4.38
2024-04,ws-0099,storage,271.15
2024-11,ws-0043,egress,120.11
2026-06,ws-0034,compute,453.05
2024-04,ws-0135,compute,655.92
2025-07,ws-0077,ai_tokens,103.54
2026-05,ws-0103,storage,10.63
2026-01,ws-0041,egress,24.63
2024-02,ws-0067,storage,14.68
2025-01,ws-0128,egress,251.77
2025-02,ws-0066,egress,8.34
2024-12,ws-0133,compute,1052.13
2026-06,ws-0110,compute,34.35
2025-07,ws-0028,storage,41.76
2024-01,ws-0001,storage,-33.47
2024-06,ws-0090,compute,142.19
2025-07,ws-0132,ai_tokens,49.60
2025-05,ws-0107,ai_tokens,6.42
2024-11,ws-0041,egress,25.16
2026-04,ws-0032,ai_tokens,3.66
2025-06,ws-0105,ai_tokens,13.78
2025-04,ws-0059,storage,70.97
2025-09,ws-0005,compute,8.60
2025-08,ws-0058,compute,60.72
2026-05,ws-0040,ai_tokens,12.85
2024-11,ws-0086,egress,7.46
2024-07,ws-0031,egress,38.51
2026-04,ws-0074,storage,51.41
2024-10,ws-0072,storage,79.30
2025-04,ws-0133,egress,170.40
2024-09,ws-0079,compute,26.83
2025-08,ws-0086,egress,10.06
2025-03,ws-0104,storage,93.72
2024-09,ws-0123,egress,64.38
2025-02,ws-0112,storage,315.66
2025-01,ws-0130,ai_tokens,45.51
2025-01,ws-0038,storage,69.88
2025-04,ws-0123,compute,328.17
2026-05,ws-0038,compute,150.57
2025-01,ws-0072,storage,69.93
2025-12,ws-0034,storage,215.44
2024-04,ws-0044,compute,251.41
2025-11,ws-0016,ai_tokens,8.24
2026-05,ws-0051,ai_tokens,79.25
2024-08,ws-0059,ai_tokens,10.24
2026-05,ws-0042,storage,74.87
2024-05,ws-0081,storage,3.39
2026-04,ws-0075,ai_tokens,11.49
2026-05,ws-0079,egress,6.93
2024-10,ws-0016,egress,5.06
2025-01,ws-0054,ai_tokens,0.68
2026-04,ws-0037,egress,45.71
2024-04,ws-0001,storage,198.76
2024-11,ws-0127,ai_tokens,54.28
2024-01,ws-0017,compute,531.49
2026-05,ws-0015,compute,220.57
2025-05,ws-0107,compute,42.36
2026-02,ws-0060,compute,35.71
2025-01,ws-0005,egress,2.44
2026-06,ws-0040,compute,20.25
2024-10,ws-0126,egress,198.07
2026-04,ws-0109,egress,10.67
2024-06,ws-0130,compute,285.26
2025-12,ws-0104,storage,90.54
2025-03,ws-0122,storage,605.72
2026-04,ws-0112,egress,229.75
2026-06,ws-0001,egress,190.85
2025-11,ws-0108,storage,52.83
2025-07,ws-0012,compute,152.75
2024-12,ws-0055,storage,49.93
2025-12,ws-0103,compute,20.46
2026-05,ws-0011,ai_tokens,6.22
2025-12,ws-0063,egress,4.25
2024-08,ws-0057,ai_tokens,3.51
2025-05,ws-0005,compute,11.18
2024-06,ws-0107,storage,11.63
2025-05,ws-0096,ai_tokens,25.13
2024-12,ws-0066,compute,45.72
2025-11,ws-0098,compute,41.69
2025-10,ws-0098,egress,7.58
2026-06,ws-0134,storage,176.49
2024-05,ws-0053,storage,3.06
2024-07,ws-0124,egress,198.30
2024-01,ws-0103,storage,8.43
2026-03,ws-0027,compute,24.55
2025-05,ws-0015,compute,277.08
2025-05,ws-0134,compute,306.25
2025-03,ws-0068,compute,52.37
2024-09,ws-0055,ai_tokens,11.48
2025-05,ws-0031,storage,56.55
2025-06,ws-0031,egress,30.56
2024-10,ws-0123,storage,83.14
2024-10,ws-0049,compute,13.10
2025-11,ws-0107,ai_tokens,6.58
2026-02,ws-0019,egress,53.70
2025-07,ws-0005,egress,2.35
2024-10,ws-0069,egress,43.63
2025-11,ws-0088,storage,217.64
2026-02,ws-0131,egress,158.45
2024-06,ws-0082,egress,2.21
2025-06,ws-0015,ai_tokens,29.77
2025-04,ws-0066,ai_tokens,8.58
2025-09,ws-0118,storage,179.93
2026-04,ws-0085,egress,7.35
2026-01,ws-0043,storage,208.12
2024-12,ws-0044,egress,52.99
2025-12,ws-0103,ai_tokens,8.18
2026-04,ws-0072,ai_tokens,73.38
2026-05,ws-0053,egress,2.35
2025-05,ws-0096,compute,119.90
2026-04,ws-0098,storage,20.02
2025-05,ws-0062,ai_tokens,20.66
2026-05,ws-0135,compute,473.30
2025-02,ws-0033,egress,49.28
2025-05,ws-0016,compute,24.56
2026-05,ws-0106,storage,29.55
2024-04,ws-0112,compute,659.81
2025-07,ws-0132,storage,111.85
2024-01,ws-0126,storage,211.01
2024-06,ws-0125,ai_tokens,20.35
2025-09,ws-0090,compute,179.13
2025-11,ws-0050,storage,17.63
2026-03,ws-0103,compute,27.34
2025-03,ws-0061,egress,19.68
2025-01,ws-0073,egress,8.35
2025-12,ws-0013,storage,8.51
2026-04,ws-0122,storage,555.23
2025-02,ws-0043,storage,226.84
2025-10,ws-0069,compute,195.79
2024-11,ws-0124,ai_tokens,72.99
2026-03,ws-0125,compute,297.92
2024-07,ws-0066,compute,47.67
2026-05,ws-0099,egress,209.61
2026-03,ws-0085,egress,8.99
2025-06,ws-0012,egress,40.84
2024-09,ws-0012,storage,64.84
2024-10,ws-0043,storage,186.14
2025-03,ws-0118,ai_tokens,35.91
2025-12,ws-0017,ai_tokens,229.93
2026-05,ws-0035,storage,24.14
2026-04,ws-0105,compute,62.65
2024-06,ws-0053,storage,3.66
2025-08,ws-0044,ai_tokens,44.63
2025-05,ws-0120,ai_tokens,20.80
2025-11,ws-0134,egress,91.80
2025-04,ws-0080,compute,10.38
2025-06,ws-0016,ai_tokens,3.56
2026-04,ws-0112,storage,356.66
2026-04,ws-0013,storage,11.86
2026-06,ws-0084,compute,39.04
2025-03,ws-0067,ai_tokens,3.49
2025-12,ws-0107,egress,7.22
2024-11,ws-0135,storage,226.29
2024-03,ws-0041,compute,136.63
2026-04,ws-0102,compute,619.42
2025-09,ws-0070,ai_tokens,24.71
2025-05,ws-0124,egress,222.17
2024-07,ws-0082,compute,10.58
2025-10,ws-0125,storage,156.88
2026-05,ws-0097,compute,140.50
2024-12,ws-0126,ai_tokens,99.88
2025-06,ws-0043,storage,219.34
2024-06,ws-0101,storage,34.99
2024-09,ws-0038,storage,46.00
2026-01,ws-0096,storage,69.58
2026-01,ws-0074,storage,46.61
2025-02,ws-0055,compute,131.83
2025-12,ws-0029,egress,4.90
2025-08,ws-0103,compute,25.61
2025-11,ws-0120,storage,47.88
2026-06,ws-0031,ai_tokens,103.22
2024-09,ws-0069,ai_tokens,8.07
2026-02,ws-0040,compute,27.92
2025-08,ws-0077,ai_tokens,207.64
2024-06,ws-0094,ai_tokens,1.60
2026-04,ws-0018,compute,182.83
2025-02,ws-0062,storage,74.79
2024-06,ws-0062,storage,70.33
2025-12,ws-0033,storage,88.71
2025-06,ws-0038,egress,45.56
2025-08,ws-0098,compute,43.68
2025-07,ws-0104,ai_tokens,33.36
2025-10,ws-0111,compute,259.21
2026-03,ws-0068,storage,24.64
2024-09,ws-0074,compute,116.02
2026-06,ws-0005,ai_tokens,4.54
2024-05,ws-0128,compute,1424.25
2026-06,ws-0094,egress,5.11
2024-03,ws-0017,egress,101.02
2026-05,ws-0058,compute,59.05
2024-09,ws-0131,storage,340.98
2025-11,ws-0112,compute,877.51
2024-12,ws-0081,compute,10.02
2024-10,ws-0080,compute,11.50
2026-01,ws-0027,egress,5.29
2024-10,ws-0135,ai_tokens,27.43
2024-08,ws-0120,egress,24.59
2026-02,ws-0074,storage,53.31
2025-04,ws-0081,compute,9.20
2024-11,ws-0016,storage,8.01
2025-05,ws-0044,egress,66.58
2026-06,ws-0047,ai_tokens,4.46
2025-11,ws-0082,ai_tokens,1.68
2025-11,ws-0135,compute,694.57
2026-02,ws-0063,storage,8.81
2025-11,ws-0088,compute,380.95
2025-02,ws-0085,storage,15.27
2024-01,ws-0073,egress,7.18
2025-06,ws-0070,compute,75.02
2026-01,ws-0068,ai_tokens,15.41
2026-06,ws-0079,compute,28.40
2024-05,ws-0041,storage,42.60
2025-06,ws-0128,egress,245.57
2026-02,ws-0129,compute,238.18
2025-12,ws-0088,compute,533.45
2026-01,ws-0090,ai_tokens,55.86
2024-06,ws-0129,storage,73.56
2025-11,ws-0002,compute,1119.63
2025-06,ws-0044,ai_tokens,55.04
2025-01,ws-0008,storage,17.31
2024-01,ws-0101,compute,87.86
2026-01,ws-0067,egress,12.71
2024-05,ws-0104,egress,48.39
2025-07,ws-0066,compute,45.95
2025-10,ws-0074,storage,54.64
2026-05,ws-0128,storage,742.28
2024-07,ws-0034,ai_tokens,15.40
2026-04,ws-0013,ai_tokens,10.27
2026-03,ws-0122,egress,252.86
2025-08,ws-0044,compute,307.21
2025-11,ws-0048,storage,5.31
2026-03,ws-0068,egress,9.86
2026-01,ws-0066,egress,11.42
2026-02,ws-0025,compute,14.54
2024-09,ws-0107,storage,13.38
2025-02,ws-0096,ai_tokens,15.18
2024-01,ws-0058,storage,24.10
2026-04,ws-0093,storage,21.70
2025-05,ws-0068,compute,46.28
2026-04,ws-0094,compute,30.16
2024-04,ws-0044,egress,60.05
2024-05,ws-0102,storage,221.53
2026-06,ws-0053,compute,10.83
2024-06,ws-0134,storage,129.46
2026-03,ws-0078,storage,39.38
2025-06,ws-0018,ai_tokens,18.59
2025-09,ws-0059,compute,164.22
2025-06,ws-0102,compute,528.80
2025-11,ws-0104,egress,41.58
2025-10,ws-0094,ai_tokens,3.58
2025-07,ws-0084,compute,35.58
2026-01,ws-0031,compute,149.54
2024-10,ws-0035,egress,7.98
2024-09,ws-0057,ai_tokens,6.39
2025-05,ws-0133,egress,178.96
2024-03,ws-0103,storage,7.46
2025-08,ws-0031,compute,197.50
2026-04,ws-0038,storage,85.62
2025-08,ws-0035,compute,46.60
2025-04,ws-0080,egress,2.27
2026-02,ws-0124,egress,208.76
2025-03,ws-0075,compute,48.60
2025-01,ws-0075,ai_tokens,4.02
2025-05,ws-0066,egress,8.33
2025-04,ws-0049,storage,4.88
2025-09,ws-0073,storage,15.27
2024-04,ws-0062,storage,64.69
2026-03,ws-0084,storage,13.57
2024-06,ws-0103,storage,9.22
2025-09,ws-0079,ai_tokens,5.82
2025-08,ws-0096,storage,46.67
2024-11,ws-0045,storage,45.31
2026-05,ws-0065,ai_tokens,36.93
2026-03,ws-0053,egress,2.85
2026-02,ws-0025,storage,5.08
2026-04,ws-0030,egress,10.83
2024-01,ws-0132,storage,85.44
2026-05,ws-0105,storage,33.62
2025-02,ws-0068,ai_tokens,3.47
2024-08,ws-0013,storage,9.15
2024-12,ws-0069,egress,41.12
2026-04,ws-0029,compute,23.91
2025-07,ws-0123,ai_tokens,44.57
2025-05,ws-0081,egress,1.93
2024-08,ws-0135,ai_tokens,39.21
2025-01,ws-0040,ai_tokens,1.72
2025-12,ws-0060,storage,16.74
2026-05,ws-0066,compute,53.47
2024-12,ws-0045,storage,55.57
2024-11,ws-0055,compute,161.16
2026-02,ws-0016,storage,13.94
2026-04,ws-0086,ai_tokens,16.43
2025-11,ws-0094,compute,26.14
2026-05,ws-0021,compute,22.14
2025-06,ws-0129,ai_tokens,27.30
2026-03,ws-0028,ai_tokens,34.58
2024-07,ws-0045,compute,140.80
2026-04,ws-0051,compute,226.06
2025-06,ws-0117,ai_tokens,21.99
2026-02,ws-0052,egress,4.18
2024-09,ws-0107,ai_tokens,2.54
2024-01,ws-0125,storage,91.77
2025-12,ws-0123,egress,70.98
2025-02,ws-0034,egress,74.51
2024-02,ws-0035,egress,8.64
2025-11,ws-0134,storage,175.21
2025-07,ws-0066,ai_tokens,6.88
2024-07,ws-0090,ai_tokens,9.58
2024-06,ws-0013,compute,21.78
2024-10,ws-0017,egress,128.85
2026-05,ws-0047,compute,13.69
2026-06,ws-0020,storage,112.44
2025-06,ws-0062,egress,34.69
2025-02,ws-0028,ai_tokens,9.40
2025-08,ws-0134,compute,299.77
2025-04,ws-0103,ai_tokens,3.34
2026-01,ws-0081,storage,4.33
2025-12,ws-0084,compute,35.74
2024-10,ws-0084,compute,29.16
2025-08,ws-0002,compute,1187.69
2024-02,ws-0124,egress,231.39
2025-04,ws-0015,storage,105.52
2024-04,ws-0075,compute,45.59
2025-12,ws-0086,ai_tokens,12.80
2024-09,ws-0117,ai_tokens,10.02
2025-09,ws-0101,storage,39.51
2026-05,ws-0012,storage,70.33
2026-06,ws-0024,ai_tokens,156.23
2026-02,ws-0065,ai_tokens,57.02
2026-04,ws-0111,compute,278.85
2024-01,ws-0013,storage,8.68
2025-12,ws-0053,ai_tokens,3.92
2024-06,ws-0013,egress,5.27
2024-04,ws-0059,storage,55.13
2026-04,ws-0079,egress,6.74
2025-12,ws-0112,egress,197.23
2025-08,ws-0127,storage,265.64
2024-09,ws-0074,egress,22.49
2024-12,ws-0059,ai_tokens,15.18
2024-07,ws-0026,compute,12.38
2026-05,ws-0061,compute,94.05
2026-05,ws-0119,storage,16.12
2025-05,ws-0084,ai_tokens,6.77
2024-01,ws-0133,storage,286.85
2026-06,ws-0023,compute,59.91
2025-06,ws-0094,compute,25.63
2025-11,ws-0096,egress,29.86
2025-07,ws-0102,ai_tokens,139.52
2024-07,ws-0126,compute,688.10
2025-08,ws-0074,egress,22.80
2026-03,ws-0034,egress,121.37
2026-06,ws-0015,egress,66.37
2025-11,ws-0126,ai_tokens,293.77
2025-06,ws-0012,ai_tokens,18.54
2025-05,ws-0035,ai_tokens,4.87
2024-09,ws-0133,compute,1121.26
2025-09,ws-0067,compute,48.36
2024-01,ws-0080,compute,9.28
2025-09,ws-0135,compute,585.13
2024-08,ws-0073,egress,6.57
2026-05,ws-0034,egress,121.75
2024-06,ws-0122,ai_tokens,91.46
2026-06,ws-0109,compute,39.81
2024-07,ws-0005,egress,1.74
2025-01,ws-0073,ai_tokens,3.64
2025-06,ws-0026,compute,16.80
2026-05,ws-0001,egress,158.24
2024-06,ws-0012,storage,47.72
2024-12,ws-0124,compute,1218.02
2026-06,ws-0074,compute,130.18
2024-09,ws-0112,egress,159.53
2024-04,ws-0132,storage,106.73
2024-06,ws-0127,compute,573.15
2026-01,ws-0132,ai_tokens,106.80
2024-07,ws-0049,egress,2.63
2025-07,ws-0077,storage,396.37
2026-03,ws-0060,compute,42.60
2025-04,ws-0118,compute,408.65
2025-04,ws-0120,storage,54.91
2026-06,ws-0131,storage,323.13
2026-06,ws-0062,ai_tokens,84.41
2026-05,ws-0076,compute,86.88
2025-10,ws-0051,ai_tokens,60.43
2025-10,ws-0108,storage,54.48
2026-04,ws-0020,storage,103.38
2026-04,ws-0034,egress,81.55
2026-01,ws-0029,storage,8.14
2025-12,ws-0013,egress,5.82
2026-05,ws-0039,compute,71.20
2025-09,ws-0048,egress,2.71
2026-06,ws-0050,egress,9.11
2025-12,ws-0001,storage,359.30
2025-12,ws-0057,storage,30.37
2025-06,ws-0125,egress,61.65
2024-10,ws-0047,compute,13.43
2025-11,ws-0007,ai_tokens,210.47
2025-05,ws-0104,compute,232.16
2025-01,ws-0118,storage,153.50
2026-05,ws-0020,egress,61.25
2026-06,ws-0120,compute,153.31
2025-09,ws-0032,ai_tokens,2.83
2024-12,ws-0015,storage,77.58
2026-01,ws-0135,storage,256.05
2025-10,ws-0099,compute,1018.36
2024-02,ws-0058,egress,14.09
2026-01,ws-0122,egress,257.40
2026-05,ws-0064,egress,103.49
2025-10,ws-0041,ai_tokens,19.20
2025-07,ws-0017,ai_tokens,97.14
2025-01,ws-0086,egress,6.92
2025-11,ws-0098,egress,9.95
2026-04,ws-0097,storage,87.51
2026-06,ws-0090,storage,83.99
2024-01,ws-0117,egress,21.49
2026-02,ws-0038,egress,33.13
2025-08,ws-0076,egress,15.78
2025-01,ws-0049,compute,13.73
2026-05,ws-0020,ai_tokens,62.61
2025-09,ws-0060,ai_tokens,5.03
2024-01,ws-0084,compute,40.65
2025-03,ws-0125,egress,74.35
2026-01,ws-0007,egress,274.58
2025-12,ws-0102,storage,302.43
2026-02,ws-0127,storage,261.30
2025-05,ws-0058,egress,11.79
2026-04,ws-0107,ai_tokens,10.53
2025-04,ws-0041,egress,28.98
2026-03,ws-0057,compute,77.28
2026-03,ws-0083,ai_tokens,3.36
2026-01,ws-0039,egress,18.30
2025-09,ws-0086,storage,12.72
2025-07,ws-0049,ai_tokens,2.42
2025-09,ws-0134,ai_tokens,78.48
2026-02,ws-0017,storage,245.49
2025-08,ws-0047,ai_tokens,2.45
2024-08,ws-0061,ai_tokens,3.05
2026-05,ws-0085,compute,42.21
2026-05,ws-0049,ai_tokens,3.37
2025-07,ws-0012,egress,38.98
2024-03,ws-0120,storage,48.10
2025-10,ws-0062,egress,46.66
2025-07,ws-0079,compute,24.54
2024-10,ws-0013,egress,6.29
2026-02,ws-0041,ai_tokens,39.64
2025-11,ws-0051,egress,57.06
2024-09,ws-0044,storage,108.45
2024-06,ws-0132,egress,70.46
2025-01,ws-0118,ai_tokens,45.23
2024-01,ws-0130,storage,93.13
2025-05,ws-0058,compute,62.44
2024-12,ws-0013,compute,26.09
2025-01,ws-0044,egress,70.59
2025-10,ws-0120,storage,63.09
2024-07,ws-0034,storage,115.04
2026-06,ws-0111,compute,283.09
2024-04,ws-0085,compute,40.24
2024-12,ws-0134,egress,71.26
2025-01,ws-0118,compute,401.36
2026-06,ws-0059,ai_tokens,51.41
2025-11,ws-0045,egress,32.50
2026-04,ws-0116,ai_tokens,410.89
2025-11,ws-0094,storage,12.83
2025-05,ws-0126,egress,200.20
2025-07,ws-0118,storage,129.94
2024-05,ws-0038,egress,39.91
2026-04,ws-0058,ai_tokens,26.49
2025-07,ws-0038,ai_tokens,32.78
2025-04,ws-0054,egress,2.26
2025-03,ws-0026,egress,3.88
2025-12,ws-0052,compute,17.50
2025-10,ws-0079,ai_tokens,5.94
2024-06,ws-0126,compute,996.96
2026-01,ws-0072,egress,52.75
2024-03,ws-0026,storage,5.82
2025-12,ws-0047,compute,12.76
2026-03,ws-0048,ai_tokens,4.04
2025-05,ws-0026,compute,16.38
2024-04,ws-0127,egress,130.18
2024-01,ws-0048,storage,3.49
2025-12,ws-0080,ai_tokens,2.22
2024-04,ws-0072,egress,48.70
2025-06,ws-0034,egress,98.45
2025-06,ws-0086,egress,8.37
2026-02,ws-0118,egress,96.42
2026-04,ws-0055,ai_tokens,41.66
2026-06,ws-0091,egress,10.27
2026-03,ws-0094,storage,11.43
2024-09,ws-0096,storage,52.53
2026-05,ws-0127,storage,301.26
2026-05,ws-0036,compute,21.13
2024-08,ws-0074,ai_tokens,4.49
2025-03,ws-0072,storage,61.80
2026-02,ws-0067,ai_tokens,9.89
2025-10,ws-0094,storage,12.50
2025-09,ws-0049,compute,13.07
2024-11,ws-0068,ai_tokens,2.79
2025-07,ws-0084,egress,8.63
2024-11,ws-0029,ai_tokens,1.54
2026-03,ws-0001,ai_tokens,210.37
2024-03,ws-0058,storage,18.91
2025-08,ws-0102,storage,239.18
2025-06,ws-0124,egress,260.88
2024-12,ws-0117,ai_tokens,12.44
2025-04,ws-0040,compute,25.21
2026-03,ws-0100,storage,15.80
2025-10,ws-0050,storage,16.99
2025-12,ws-0074,storage,38.33
2025-10,ws-0001,storage,317.37
2024-06,ws-0073,compute,30.46
2024-06,ws-0129,egress,64.78
2024-10,ws-0017,compute,629.57
2024-03,ws-0015,compute,214.17
2024-10,ws-0112,egress,137.34
2024-11,ws-0067,storage,13.93
2024-11,ws-0130,ai_tokens,29.84
2024-12,ws-0133,storage,279.56
2024-07,ws-0074,egress,27.90
2024-08,ws-0112,compute,653.04
2025-11,ws-0038,storage,83.06
2025-03,ws-0090,egress,39.24
2025-03,ws-0002,ai_tokens,78.80
2024-08,ws-0133,ai_tokens,37.16
2024-01,ws-0057,storage,18.95
2024-02,ws-0132,egress,56.71
2025-10,ws-0098,ai_tokens,5.71
2025-04,ws-0090,egress,27.90
2026-02,ws-0018,egress,43.12
2026-02,ws-0090,storage,57.26
2025-04,ws-0122,egress,245.13
2025-04,ws-0038,egress,43.70
2026-06,ws-0134,egress,89.98
2026-05,ws-0054,ai_tokens,5.28
2026-02,ws-0051,ai_tokens,89.51
2024-07,ws-0135,egress,122.78
2026-01,ws-0030,egress,10.06
2026-06,ws-0079,storage,13.95
2024-06,ws-0067,compute,36.59
2025-06,ws-0118,ai_tokens,65.68
2025-11,ws-0128,storage,645.58
2024-07,ws-0081,egress,2.14
2026-03,ws-0072,storage,102.87
2025-07,ws-0026,egress,4.26
2025-02,ws-0028,compute,118.71
2024-08,ws-0122,storage,451.61
2025-12,ws-0055,egress,38.69
2024-12,ws-0129,ai_tokens,14.90
2024-07,ws-0130,egress,92.55
2025-02,ws-0122,compute,1203.48
2025-12,ws-0030,storage,15.89
2025-09,ws-0061,ai_tokens,13.59
2026-06,ws-0025,ai_tokens,7.45
2025-03,ws-0028,compute,96.24
2026-01,ws-0094,storage,11.93
2026-01,ws-0069,ai_tokens,55.16
2024-08,ws-0104,egress,40.82
2026-02,ws-0043,egress,121.42
2024-03,ws-0049,egress,2.61
2025-09,ws-0008,ai_tokens,8.24
2026-02,ws-0008,compute,33.25
2024-03,ws-0104,compute,170.61
2026-04,ws-0066,compute,45.58
2025-09,ws-0133,ai_tokens,265.03
2026-05,ws-0077,storage,514.93
2024-06,ws-0099,ai_tokens,27.57
2026-02,ws-0045,storage,56.66
2024-07,ws-0015,storage,66.19
2025-04,ws-0029,compute,23.63
2024-08,ws-0102,egress,114.02
2025-09,ws-0102,egress,145.59
2024-04,ws-0090,egress,29.72
2025-07,ws-0059,ai_tokens,25.02
2024-03,ws-0090,compute,162.80
2024-08,ws-0074,storage,36.71
2024-12,ws-0008,storage,15.10
2026-03,ws-0038,storage,65.66
2024-10,ws-0067,ai_tokens,4.81
2026-03,ws-0127,egress,124.22
2024-08,ws-0017,storage,194.81
2025-07,ws-0052,storage,6.60
2025-10,ws-0040,storage,8.47
2024-06,ws-0084,compute,42.63
2026-01,ws-0107,egress,10.34
2025-07,ws-0001,egress,176.20
2026-03,ws-0134,egress,72.39
2025-09,ws-0061,egress,15.45
2026-03,ws-0116,compute,958.73
2024-02,ws-0045,storage,35.90
2026-05,ws-0105,compute,67.10
2024-12,ws-0082,storage,2.91
2024-11,ws-0133,egress,196.33
2025-06,ws-0062,compute,201.68
2025-09,ws-0128,egress,278.05
2025-10,ws-0019,egress,46.60
2025-10,ws-0047,ai_tokens,3.43
2024-12,ws-0130,storage,123.67
2025-04,ws-0107,egress,8.46
2025-11,ws-0123,compute,324.43
2025-05,ws-0134,egress,77.80
2026-02,ws-0105,storage,28.00
2025-11,ws-0110,compute,35.85
2025-11,ws-0028,compute,113.43
2024-04,ws-0058,egress,11.74
2024-06,ws-0047,ai_tokens,0.77
2025-10,ws-0061,storage,41.56
2024-08,ws-0135,storage,184.86
2024-08,ws-0072,storage,54.79
2026-06,ws-0064,egress,146.50
2026-03,ws-0034,compute,444.28
2026-04,ws-0003,compute,172.51
2025-11,ws-0013,compute,19.82
2026-04,ws-0046,ai_tokens,43.02
2025-08,ws-0090,egress,30.43
2026-06,ws-0077,storage,464.40
2025-01,ws-0070,compute,83.12
2024-01,ws-0059,storage,54.94
2025-05,ws-0105,egress,17.27
2025-11,ws-0062,ai_tokens,59.64
2025-04,ws-0135,egress,102.38
2024-05,ws-0130,storage,140.59
2025-05,ws-0129,egress,61.83
2025-06,ws-0029,egress,5.14
2025-04,ws-0134,egress,73.32
2026-03,ws-0060,egress,9.35
2024-12,ws-0112,ai_tokens,94.05
2024-02,ws-0080,egress,2.17
2024-02,ws-0122,egress,278.07
2025-08,ws-0041,compute,101.91
2024-08,ws-0044,storage,89.30
2024-01,ws-0080,egress,2.19
2026-03,ws-0100,ai_tokens,11.52
2024-08,ws-0127,ai_tokens,49.14
2024-11,ws-0130,storage,147.27
2025-09,ws-0002,egress,249.07
2026-06,ws-0032,compute,19.39
2025-03,ws-0096,compute,137.97
2025-07,ws-0126,storage,412.08
2025-05,ws-0086,compute,36.80
2024-02,ws-0038,compute,158.91
2026-01,ws-0068,compute,38.62
2025-07,ws-0054,storage,4.05
2025-02,ws-0029,storage,8.63
2025-11,ws-0040,ai_tokens,5.34
2025-09,ws-0121,egress,303.90
2026-04,ws-0084,storage,19.61
2025-12,ws-0133,storage,484.52
2025-02,ws-0041,compute,122.34
2025-12,ws-0068,ai_tokens,9.24
2026-03,ws-0118,storage,177.48
2025-02,ws-0005,ai_tokens,1.31
2025-02,ws-0013,ai_tokens,1.94
2025-04,ws-0058,ai_tokens,11.98
2025-04,ws-0082,ai_tokens,1.68
2025-12,ws-0012,storage,56.85
2025-05,ws-0064,egress,141.23
2025-08,ws-0016,egress,5.01
2026-06,ws-0075,ai_tokens,13.39
2025-08,ws-0015,egress,45.13
2026-06,ws-0088,ai_tokens,278.40
2025-11,ws-0031,ai_tokens,48.15
2024-06,ws-0048,ai_tokens,0.45
2026-04,ws-0083,egress,3.71
2025-11,ws-0005,ai_tokens,1.57
2024-01,ws-0062,egress,42.79
2024-10,ws-0067,compute,40.85
2024-03,ws-0128,compute,1471.06
2025-11,ws-0049,storage,4.71
2025-01,ws-0054,egress,2.30
2025-05,ws-0049,ai_tokens,2.45
2025-06,ws-0081,ai_tokens,1.83
2024-06,ws-0057,storage,22.38
2026-05,ws-0132,egress,85.06
2026-05,ws-0023,storage,21.19
2025-02,ws-0124,compute,1153.14
2024-06,ws-0038,compute,181.47
2025-02,ws-0117,egress,32.67
2024-04,ws-0082,storage,2.96
2024-08,ws-0086,egress,9.07
2025-06,ws-0101,ai_tokens,18.30
2024-10,ws-0134,egress,90.65
2025-07,ws-0002,ai_tokens,255.82
2024-03,ws-0013,egress,4.41
2025-08,ws-0079,ai_tokens,5.34
2025-12,ws-0039,egress,18.15
2024-01,ws-0102,storage,155.37
2025-05,ws-0060,ai_tokens,3.93
2025-09,ws-0132,egress,54.72
2025-08,ws-0084,ai_tokens,10.04
2025-02,ws-0074,ai_tokens,9.09
2025-01,ws-0134,compute,315.88
2024-07,ws-0008,egress,8.65
2026-04,ws-0042,storage,91.56
2026-02,ws-0069,egress,40.51
2026-04,ws-0108,ai_tokens,58.68
2024-04,ws-0012,compute,137.03
2025-07,ws-0043,ai_tokens,77.15
2025-10,ws-0132,ai_tokens,59.87
2025-08,ws-0066,storage,15.68
2026-02,ws-0134,egress,71.26
2026-05,ws-0006,storage,83.93
2024-02,ws-0133,egress,195.49
2025-04,ws-0031,ai_tokens,19.47
2025-03,ws-0096,storage,43.82
2026-05,ws-0117,egress,27.15
2026-02,ws-0111,compute,265.83
2025-01,ws-0026,compute,19.26
2024-06,ws-0096,storage,37.10
2026-06,ws-0051,egress,55.53
2025-12,ws-0090,egress,36.89
2026-05,ws-0022,ai_tokens,8.66
2025-11,ws-0050,egress,9.79
2025-08,ws-0096,ai_tokens,20.55
2025-01,ws-0081,ai_tokens,0.97
2025-01,ws-0061,ai_tokens,7.29
2025-08,ws-0098,egress,9.20
2024-04,ws-0082,egress,2.37
2025-04,ws-0044,storage,109.07
2024-11,ws-0082,storage,3.18
2024-06,ws-0122,storage,514.42
2024-10,ws-0047,storage,4.83
2025-01,ws-0085,ai_tokens,3.56
2024-08,ws-0118,storage,135.20
2026-06,ws-0053,ai_tokens,7.12
2026-06,ws-0014,storage,116.62
2026-03,ws-0021,compute,24.00
2025-03,ws-0069,egress,38.44
2026-03,ws-0048,compute,14.08
2024-08,ws-0096,ai_tokens,6.23
2026-05,ws-0062,egress,45.43
2026-04,ws-0046,egress,20.28
2025-02,ws-0126,storage,302.10
2024-05,ws-0135,compute,482.12
2025-12,ws-0112,storage,421.41
2026-01,ws-0005,ai_tokens,4.26
2024-08,ws-0134,ai_tokens,23.11
2025-09,ws-0006,ai_tokens,25.55
2024-06,ws-0028,ai_tokens,5.40
2026-05,ws-0054,compute,9.82
2026-04,ws-0052,compute,21.68
2025-03,ws-0079,storage,13.91
2024-11,ws-0124,egress,221.50
2025-10,ws-0005,ai_tokens,1.93
2024-11,ws-0048,storage,3.78
2024-02,ws-0058,compute,71.58
2026-05,ws-0051,compute,259.66
2024-08,ws-0123,egress,62.75
2024-09,ws-0059,ai_tokens,11.38
2024-07,ws-0117,ai_tokens,7.98
2025-03,ws-0135,ai_tokens,85.77
2025-08,ws-0064,storage,199.20
2024-10,ws-0034,compute,415.91
2025-12,ws-0065,ai_tokens,27.91
2024-08,ws-0015,ai_tokens,15.03
2026-01,ws-0080,ai_tokens,3.39
2025-10,ws-0064,storage,278.74
2025-09,ws-0110,egress,7.30
2026-05,ws-0126,storage,369.38
2025-03,ws-0084,egress,7.60
2026-04,ws-0107,compute,30.34
2024-09,ws-0049,ai_tokens,0.63
2025-06,ws-0001,compute,749.06
2026-04,ws-0103,egress,4.68
2024-06,ws-0132,compute,289.73
2025-07,ws-0002,storage,445.42
2025-07,ws-0108,ai_tokens,30.13
2025-08,ws-0128,compute,1272.12
2024-10,ws-0053,compute,10.33
2024-08,ws-0076,compute,66.38
2024-12,ws-0028,storage,30.45
2024-08,ws-0045,compute,108.47
2026-01,ws-0060,storage,17.70
2026-02,ws-0039,compute,60.97
2024-06,ws-0104,ai_tokens,14.45
2025-01,ws-0122,compute,1096.68
2026-03,ws-0095,egress,32.69
2026-01,ws-0048,ai_tokens,4.41
2025-08,ws-0007,ai_tokens,262.26
2026-04,ws-0014,storage,130.48
2024-07,ws-0035,compute,37.48
2024-06,ws-0026,storage,5.28
2025-10,ws-0101,egress,17.42
2025-10,ws-0029,compute,19.69
2025-03,ws-0047,egress,2.83
2024-02,ws-0103,storage,7.03
2025-01,ws-0026,ai_tokens,1.99
2026-05,ws-0007,compute,1072.07
2025-11,ws-0019,compute,212.94
2024-05,ws-0055,egress,33.37
2024-10,ws-0131,storage,287.30
2026-01,ws-0090,compute,136.98
2025-07,ws-0007,egress,269.12
2026-04,ws-0031,compute,189.03
2026-02,ws-0016,compute,28.25
2026-02,ws-0035,storage,22.16
2024-11,ws-0068,egress,11.67
2025-12,ws-0045,egress,26.89
2025-06,ws-0082,egress,2.34
2026-06,ws-0095,ai_tokens,43.47
2025-07,ws-0040,storage,9.72
2025-08,ws-0082,ai_tokens,1.64
2024-02,ws-0084,egress,9.55
2025-09,ws-0135,egress,130.86
2026-02,ws-0060,egress,8.70
2025-05,ws-0050,compute,37.22
2025-03,ws-0081,ai_tokens,1.22
2026-01,ws-0077,ai_tokens,167.08
2024-09,ws-0013,egress,5.31
2026-04,ws-0125,storage,170.31
2024-10,ws-0035,storage,18.89
2024-06,ws-0082,ai_tokens,0.64
2024-10,ws-0008,storage,13.27
2025-12,ws-0034,egress,114.81
2025-07,ws-0110,storage,14.47
2026-06,ws-0083,storage,7.95
2026-05,ws-0078,ai_tokens,54.04
2025-09,ws-0103,compute,26.20
2026-01,ws-0030,compute,39.82
2026-01,ws-0103,ai_tokens,7.98
2025-04,ws-0124,ai_tokens,175.72
2025-02,ws-0135,storage,186.67
2024-10,ws-0076,ai_tokens,6.47
2024-09,ws-0135,ai_tokens,25.79
2026-05,ws-0026,compute,20.08
2024-03,ws-0103,egress,5.70
2025-04,ws-0049,ai_tokens,1.95
2024-04,ws-0104,storage,81.48
2026-04,ws-0088,storage,183.35
2026-04,ws-0003,ai_tokens,61.56
2026-03,ws-0051,storage,100.36
2026-03,ws-0086,egress,9.01
2024-03,ws-0096,storage,34.28
2024-02,ws-0005,storage,2.58
2025-02,ws-0058,compute,72.91
2025-12,ws-0026,ai_tokens,5.13
2025-12,ws-0072,compute,231.42
2026-02,ws-0076,ai_tokens,29.18
2024-07,ws-0125,egress,54.84
2026-05,ws-0063,compute,17.30
2026-04,ws-0032,egress,3.93
2025-04,ws-0072,storage,86.30
2026-02,ws-0028,ai_tokens,20.23
2024-06,ws-0086,compute,30.80
2026-04,ws-0102,egress,129.43
2025-12,ws-0072,ai_tokens,33.39
2026-01,ws-0015,egress,48.01
2026-03,ws-0037,compute,156.13
2024-12,ws-0017,storage,172.14
2026-02,ws-0094,compute,30.89
2024-10,ws-0040,egress,4.55
2025-11,ws-0126,storage,305.02
2025-03,ws-0086,ai_tokens,5.86
2025-03,ws-0073,compute,33.49
2026-03,ws-0045,egress,29.95
2024-12,ws-0054,ai_tokens,0.85
2025-11,ws-0082,egress,2.40
2025-07,ws-0124,storage,502.65
2025-04,ws-0029,ai_tokens,1.72
2026-04,ws-0044,storage,104.56
2025-09,ws-0094,egress,6.63
2026-01,ws-0090,storage,54.51
2024-03,ws-0040,storage,7.13
2025-12,ws-0048,egress,2.65
2024-08,ws-0008,ai_tokens,1.98
2026-04,ws-0059,storage,84.05
2026-01,ws-0067,storage,16.03
2026-06,ws-0010,storage,6.04
2025-12,ws-0051,storage,107.46
2024-05,ws-0103,storage,8.85
2024-07,ws-0001,compute,823.09
2024-04,ws-0118,storage,132.88
2024-02,ws-0067,compute,46.89
2025-11,ws-0075,storage,15.61
2025-11,ws-0132,storage,117.00
2025-06,ws-0101,compute,112.23
2026-03,ws-0015,compute,195.40
2025-10,ws-0058,storage,31.66
2026-01,ws-0112,compute,877.82
2024-10,ws-0118,ai_tokens,35.49
2024-12,ws-0073,egress,6.94
2025-11,ws-0039,egress,17.00
2026-03,ws-0073,egress,7.99
2025-07,ws-0045,egress,31.71
2024-06,ws-0012,egress,28.53
2026-04,ws-0004,ai_tokens,27.72
2026-04,ws-0063,egress,3.20
2026-02,ws-0026,egress,3.81
2024-10,ws-0055,compute,109.36
2025-08,ws-0041,ai_tokens,23.61
2025-08,ws-0031,ai_tokens,23.62
2025-12,ws-0082,egress,2.09
2025-12,ws-0131,compute,799.46
2024-07,ws-0047,compute,13.41
2024-09,ws-0032,compute,19.00
2024-09,ws-0084,storage,10.85
2025-10,ws-0090,storage,56.89
2025-05,ws-0047,egress,2.44
2026-05,ws-0058,ai_tokens,33.74
2026-06,ws-0038,ai_tokens,45.10
2026-03,ws-0018,storage,76.81
2024-12,ws-0044,storage,116.79
2025-06,ws-0099,compute,821.71
2025-07,ws-0044,compute,302.67
2025-02,ws-0135,ai_tokens,56.74
2025-12,ws-0083,ai_tokens,4.66
2026-05,ws-0087,storage,189.28
2025-08,ws-0102,egress,159.69
2024-11,ws-0134,ai_tokens,35.79
2024-10,ws-0041,storage,45.60
2025-08,ws-0090,ai_tokens,20.25
2025-02,ws-0013,storage,8.14
2024-04,ws-0032,storage,4.17
2024-10,ws-0041,egress,23.65
2025-01,ws-0117,ai_tokens,12.92
2024-08,ws-0005,storage,3.30
2024-06,ws-0032,ai_tokens,0.90
2026-06,ws-0027,compute,30.05
2026-03,ws-0116,egress,217.74
2024-07,ws-0075,ai_tokens,2.33
2025-10,ws-0094,compute,20.53
2024-07,ws-0034,egress,109.28
2026-06,ws-0026,compute,15.13
2024-11,ws-0035,storage,14.37
2025-11,ws-0040,storage,8.36
2026-01,ws-0048,compute,13.06
2024-08,ws-0080,storage,4.06
2025-09,ws-0068,ai_tokens,6.14
2025-04,ws-0124,egress,217.64
2025-10,ws-0055,ai_tokens,25.73
2026-06,ws-0049,compute,13.63
2024-02,ws-0122,compute,1363.87
2024-08,ws-0134,storage,146.41
2024-08,ws-0016,compute,20.54
2025-07,ws-0044,ai_tokens,28.97
2025-12,ws-0064,ai_tokens,123.41
2025-05,ws-0061,storage,32.83
2025-08,ws-0131,ai_tokens,227.88
2026-05,ws-0069,compute,210.19
2024-05,ws-0118,egress,93.51
2025-09,ws-0104,egress,48.81
2024-08,ws-0081,compute,8.40
2026-01,ws-0007,storage,501.64
2024-08,ws-0104,storage,69.42
2025-06,ws-0102,storage,207.84
2024-06,ws-0034,egress,106.39
2025-10,ws-0034,egress,99.08
2026-05,ws-0025,egress,2.47
2026-06,ws-0103,storage,13.45
2025-11,ws-0026,compute,15.26
2026-06,ws-0105,compute,78.71
2026-02,ws-0021,storage,7.20
2024-06,ws-0017,compute,494.70
2025-06,ws-0028,storage,34.26
2024-12,ws-0008,ai_tokens,3.65
2025-11,ws-0044,egress,64.31
2026-02,ws-0108,egress,28.86
2025-10,ws-0020,ai_tokens,57.31
2026-02,ws-0133,egress,216.20
2025-10,ws-0007,compute,974.90
2026-02,ws-0132,egress,81.49
2024-03,ws-0090,storage,46.73
2026-06,ws-0081,ai_tokens,4.17
2025-10,ws-0048,storage,5.90
2026-05,ws-0050,storage,14.51
2024-09,ws-0040,ai_tokens,2.14
2024-10,ws-0008,egress,8.56
2025-02,ws-0133,egress,225.25
2024-02,ws-0124,compute,872.51
2025-08,ws-0012,egress,29.29
2026-02,ws-0127,compute,457.07
2026-03,ws-0076,storage,32.33
2026-06,ws-0034,egress,107.97
2025-01,ws-0035,egress,10.55
2024-11,ws-0045,ai_tokens,13.53
2026-05,ws-0019,storage,108.35
2024-08,ws-0084,ai_tokens,2.35
2025-09,ws-0126,egress,188.02
2025-12,ws-0111,ai_tokens,73.69
2025-12,ws-0032,egress,4.33
2025-12,ws-0128,egress,241.50
2024-09,ws-0029,ai_tokens,1.55
2024-12,ws-0094,storage,8.86
2026-06,ws-0131,compute,909.11
2026-04,ws-0072,compute,183.66
2025-09,ws-0129,storage,128.90
2026-06,ws-0126,storage,437.18
2024-04,ws-0094,egress,4.66
2024-04,ws-0099,compute,773.24
2024-05,ws-0031,storage,46.53
2025-08,ws-0028,storage,47.26
2024-12,ws-0096,storage,42.00
2025-03,ws-0058,egress,13.91
2024-11,ws-0008,storage,11.99
2026-02,ws-0118,ai_tokens,163.44
2025-10,ws-0043,egress,108.38
2025-11,ws-0118,egress,73.36
2024-11,ws-0133,ai_tokens,104.87
2024-08,ws-0090,egress,35.36
2024-01,ws-0101,storage,35.34
2025-11,ws-0105,storage,25.70
2024-02,ws-0126,compute,830.59
2024-11,ws-0054,ai_tokens,0.70
2026-06,ws-0110,ai_tokens,17.80
2024-04,ws-0066,compute,52.21
2025-07,ws-0104,egress,46.45
2024-06,ws-0112,egress,146.44
2024-08,ws-0068,compute,53.40
2024-01,ws-0012,compute,180.69
2024-11,ws-0048,egress,3.16
2026-03,ws-0112,storage,396.18
2025-08,ws-0005,storage,3.31
2025-03,ws-0026,storage,5.90
2026-02,ws-0031,storage,68.32
2026-01,ws-0122,storage,710.86
2025-10,ws-0134,storage,127.52
2024-08,ws-0107,egress,9.53
2026-04,ws-0090,compute,122.79
2025-03,ws-0068,egress,8.02
2024-07,ws-0048,compute,11.06
2026-05,ws-0052,compute,23.78
2024-05,ws-0094,egress,4.87
2024-07,ws-0122,ai_tokens,93.59
2024-01,ws-0086,storage,9.44
2026-04,ws-0103,ai_tokens,6.70
2024-09,ws-0067,ai_tokens,2.24
2025-04,ws-0133,storage,429.35
2026-02,ws-0107,storage,20.32
2026-03,ws-0103,egress,5.40
2026-04,ws-0065,compute,170.91
2026-03,ws-0017,ai_tokens,190.65
2025-09,ws-0041,storage,44.21
2025-04,ws-0017,ai_tokens,96.70
2025-07,ws-0127,ai_tokens,119.45
2025-04,ws-0026,ai_tokens,1.59
2024-06,ws-0125,storage,102.07
2025-01,ws-0001,egress,169.82
2025-07,ws-0086,compute,30.51
2026-06,ws-0030,ai_tokens,27.35
2024-12,ws-0070,ai_tokens,9.10
2025-05,ws-0064,storage,262.22
2024-03,ws-0131,compute,731.84
2026-01,ws-0047,ai_tokens,5.00
2024-12,ws-0128,storage,574.56
2026-05,ws-0002,compute,1043.91
2026-01,ws-0085,storage,18.40
2025-08,ws-0052,egress,3.65
2025-12,ws-0059,compute,181.19
2024-06,ws-0075,storage,17.60
2026-06,ws-0088,storage,238.26
2024-07,ws-0038,ai_tokens,6.44
2025-11,ws-0058,compute,69.09
2025-02,ws-0134,egress,66.99
2025-12,ws-0076,egress,16.17
2024-10,ws-0072,compute,157.71
2024-06,ws-0122,egress,242.21
2026-06,ws-0070,storage,41.96
2025-04,ws-0026,compute,17.12
2024-11,ws-0107,egress,7.53
2025-10,ws-0067,ai_tokens,13.29
2026-05,ws-0037,ai_tokens,48.52
2024-03,ws-0054,egress,2.60
2026-06,ws-0098,ai_tokens,12.85
2024-01,ws-0134,storage,93.10
2024-12,ws-0107,storage,16.44
2025-10,ws-0020,compute,215.93
2026-02,ws-0034,egress,96.52
2026-05,ws-0036,storage,7.99
2024-11,ws-0096,ai_tokens,7.95
2025-03,ws-0085,ai_tokens,3.46
2026-02,ws-0020,ai_tokens,88.88
2024-11,ws-0101,compute,103.63
2025-12,ws-0086,egress,8.55
2025-05,ws-0029,ai_tokens,1.97
2024-05,ws-0101,egress,21.29
2025-07,ws-0084,ai_tokens,8.54
2024-05,ws-0104,compute,169.64
2026-02,ws-0013,ai_tokens,7.64
2026-05,ws-0005,storage,4.50
2025-11,ws-0016,egress,7.17
2024-03,ws-0067,compute,44.33
2025-04,ws-0058,compute,57.45
2025-07,ws-0006,storage,92.95
2025-03,ws-0133,storage,414.45
2025-07,ws-0108,storage,64.53
2025-08,ws-0072,storage,64.65
2025-02,ws-0051,ai_tokens,32.07
2025-10,ws-0045,compute,121.45
2026-03,ws-0079,compute,31.65
2026-03,ws-0035,egress,11.24
2026-04,ws-0124,ai_tokens,543.10
2024-07,ws-0044,compute,210.20
2024-07,ws-0053,ai_tokens,0.68
2026-06,ws-0009,compute,13.36
2025-11,ws-0045,ai_tokens,32.40
2024-05,ws-0101,compute,90.94
2024-03,ws-0134,compute,358.20
2026-05,ws-0122,compute,1140.61
2024-07,ws-0061,ai_tokens,5.53
2024-03,ws-0123,egress,49.08
2025-01,ws-0126,storage,305.01
2026-04,ws-0041,ai_tokens,46.68
2024-01,ws-0034,egress,79.70
2026-01,ws-0020,ai_tokens,49.83
2025-11,ws-0069,egress,36.29
2025-07,ws-0134,storage,132.88
2024-04,ws-0128,egress,228.28
2024-06,ws-0073,egress,6.22
2026-01,ws-0076,egress,18.79
2025-09,ws-0053,storage,3.68
2024-04,ws-0127,compute,584.21
2024-05,ws-0122,storage,516.76
2024-09,ws-0090,ai_tokens,14.49
2024-06,ws-0012,ai_tokens,10.55
2025-09,ws-0016,egress,7.33
2025-02,ws-0135,compute,685.08
2025-09,ws-0049,egress,2.73
2025-09,ws-0050,compute,38.75
2025-06,ws-0017,egress,162.34
2025-10,ws-0111,ai_tokens,69.93
2025-02,ws-0123,compute,251.31
2026-04,ws-0104,ai_tokens,66.65
2026-02,ws-0012,storage,74.34
2025-08,ws-0135,egress,102.50
2025-10,ws-0118,ai_tokens,91.48
2026-03,ws-0035,storage,17.60
2026-05,ws-0048,storage,5.40
2025-03,ws-0099,storage,301.32
2025-03,ws-0123,compute,349.86
2025-09,ws-0012,ai_tokens,43.48
2026-02,ws-0035,compute,35.93
2024-11,ws-0126,storage,366.03
2024-06,ws-0059,ai_tokens,6.04
2025-09,ws-0084,compute,30.64
2024-03,ws-0066,compute,50.74
2024-08,ws-0086,ai_tokens,2.93
2026-06,ws-0029,storage,7.82
2026-01,ws-0073,compute,25.83
2024-10,ws-0057,storage,20.02
2026-06,ws-0074,storage,48.76
2026-03,ws-0116,ai_tokens,296.01
2024-01,ws-0130,compute,342.72
2024-07,ws-0076,compute,65.33
2024-04,ws-0080,egress,2.41
2024-11,ws-0128,egress,349.71
2026-05,ws-0072,ai_tokens,116.57
2026-02,ws-0030,ai_tokens,11.90
2024-07,ws-0054,compute,12.13
2026-02,ws-0058,ai_tokens,14.45
2024-01,ws-0033,egress,60.73
2024-10,ws-0079,egress,7.61
2024-05,ws-0061,egress,14.41
2024-12,ws-0094,ai_tokens,1.93
2026-06,ws-0085,storage,20.52
2024-01,ws-0015,storage,64.71
2024-09,ws-0118,storage,152.62
2026-03,ws-0008,compute,37.94
2025-06,ws-0047,egress,2.37
2026-04,ws-0001,ai_tokens,377.79
2024-08,ws-0129,storage,84.07
2025-03,ws-0053,compute,11.13
2025-02,ws-0038,ai_tokens,24.70
2025-03,ws-0051,egress,37.60
2024-11,ws-0041,storage,42.36
2025-07,ws-0034,storage,165.26
2024-03,ws-0129,compute,298.57
2026-04,ws-0041,storage,65.01
2024-04,ws-0049,compute,13.69
2025-06,ws-0084,compute,44.75
2026-01,ws-0019,compute,272.18
2026-05,ws-0008,compute,46.86
2026-06,ws-0059,storage,81.05
2026-05,ws-0126,ai_tokens,437.55
2025-08,ws-0069,egress,38.57
2025-09,ws-0013,ai_tokens,3.86
2026-03,ws-0108,egress,35.46
2026-03,ws-0039,ai_tokens,16.47
2025-12,ws-0048,compute,10.83
2026-02,ws-0133,ai_tokens,367.33
2026-03,ws-0055,compute,148.39
2025-07,ws-0103,storage,8.36
2025-12,ws-0064,compute,585.06
2025-06,ws-0101,egress,25.03
2025-04,ws-0084,ai_tokens,3.10
2026-01,ws-0059,ai_tokens,56.07
2025-05,ws-0135,storage,210.74
2026-05,ws-0127,ai_tokens,280.11
2024-12,ws-0047,compute,12.06
2025-12,ws-0102,compute,587.52
2025-09,ws-0018,compute,155.58
2025-01,ws-0123,compute,346.04
2025-06,ws-0050,compute,40.30
2026-02,ws-0106,ai_tokens,22.85
2026-04,ws-0021,egress,5.20
2025-06,ws-0066,storage,16.64
2024-07,ws-0040,storage,8.36
2026-01,ws-0084,storage,19.26
2025-09,ws-0106,storage,25.18
2026-04,ws-0034,storage,209.25
2024-04,ws-0058,compute,68.65
2025-03,ws-0112,ai_tokens,123.03
2025-04,ws-0086,storage,16.61
2024-03,ws-0134,storage,110.44
2026-06,ws-0033,storage,129.73
2024-05,ws-0082,egress,1.77
2024-11,ws-0013,egress,4.22
2025-05,ws-0131,egress,228.83
2026-04,ws-0045,storage,68.97
2025-11,ws-0111,egress,55.86
2024-05,ws-0048,compute,11.95
2024-11,ws-0129,ai_tokens,19.95
2025-10,ws-0134,ai_tokens,82.93
2026-03,ws-0069,egress,42.96
2026-04,ws-0071,ai_tokens,29.69
2026-06,ws-0060,egress,9.77
2024-02,ws-0045,egress,31.53
2025-04,ws-0031,storage,53.74
2025-03,ws-0028,ai_tokens,11.47
2025-06,ws-0121,ai_tokens,247.34
2025-12,ws-0016,storage,11.22
2026-04,ws-0030,storage,23.90
2025-06,ws-0077,ai_tokens,153.35
2025-09,ws-0131,compute,679.72
2024-11,ws-0099,storage,350.24
2026-05,ws-0031,compute,143.40
2026-01,ws-0117,compute,108.51
2026-06,ws-0125,compute,364.04
2026-03,ws-0014,storage,126.10
2024-03,ws-0094,egress,6.00
2026-06,ws-0119,compute,50.98
2025-02,ws-0123,ai_tokens,25.35
2025-08,ws-0094,egress,4.65
2025-05,ws-0058,ai_tokens,13.29
2025-07,ws-0051,compute,215.63
2024-11,ws-0070,compute,96.16
2025-09,ws-0054,storage,5.02
2024-03,ws-0101,compute,91.77
2024-04,ws-0066,storage,15.82
2024-01,ws-0053,storage,3.73
2024-03,ws-0121,storage,335.71
2025-02,ws-0090,ai_tokens,11.95
2024-10,ws-0061,compute,73.83
2025-03,ws-0070,ai_tokens,8.14
2025-07,ws-0099,storage,271.31
2024-06,ws-0015,storage,69.57
2024-05,ws-0008,compute,29.39
2025-05,ws-0048,storage,4.48
2025-04,ws-0060,egress,7.82
2025-11,ws-0015,compute,249.31
2025-04,ws-0120,ai_tokens,17.87
2024-06,ws-0044,compute,304.90
2026-03,ws-0062,egress,51.76
2025-10,ws-0027,storage,10.19
2026-05,ws-0065,storage,74.25
2025-08,ws-0063,ai_tokens,3.00
2025-06,ws-0050,storage,14.99
2026-05,ws-0082,egress,2.57
2026-03,ws-0103,storage,9.70
2025-08,ws-0081,compute,9.92
2024-04,ws-0122,compute,1416.09
2025-03,ws-0099,ai_tokens,102.01
2025-07,ws-0043,egress,131.44
2024-10,ws-0012,storage,49.63
2025-04,ws-0127,ai_tokens,87.88
2025-09,ws-0027,storage,12.02
2024-07,ws-0066,egress,9.53
2025-06,ws-0055,storage,64.38
2025-04,ws-0103,egress,4.61
2025-07,ws-0103,egress,5.92
2025-09,ws-0121,storage,576.19
2025-11,ws-0077,storage,500.23
2025-03,ws-0001,ai_tokens,107.28
2026-04,ws-0038,ai_tokens,48.41
2026-02,ws-0071,ai_tokens,32.37
2024-12,ws-0017,egress,128.95
2026-05,ws-0102,ai_tokens,326.13
2026-01,ws-0008,egress,9.67
2024-03,ws-0073,egress,5.51
2025-06,ws-0094,egress,5.24
2024-04,ws-0045,storage,47.24
2024-06,ws-0123,egress,58.07
2024-03,ws-0072,compute,166.07
2026-06,ws-0067,compute,43.55
2026-06,ws-0016,ai_tokens,16.60
2025-12,ws-0099,storage,309.41
2026-06,ws-0055,ai_tokens,71.13
2024-10,ws-0041,ai_tokens,5.69
2024-02,ws-0094,compute,22.01
2025-08,ws-0047,storage,5.57
2025-03,ws-0026,ai_tokens,1.36
2026-02,ws-0109,egress,8.86
2025-12,ws-0006,storage,74.84
2025-01,ws-0043,storage,189.82
2025-03,ws-0038,storage,61.69
2024-02,ws-0122,storage,349.05
2025-05,ws-0072,ai_tokens,17.16
2025-04,ws-0053,compute,8.92
2024-05,ws-0026,storage,6.40
2026-05,ws-0100,compute,30.46
2025-08,ws-0126,ai_tokens,107.05
2025-04,ws-0012,compute,134.80
2025-04,ws-0057,ai_tokens,11.68
2026-02,ws-0059,compute,124.24
2024-12,ws-0131,compute,867.70
2024-05,ws-0012,compute,121.99
2026-02,ws-0054,ai_tokens,2.41
2025-07,ws-0122,storage,555.76
2025-08,ws-0045,egress,24.77
2026-01,ws-0047,egress,2.61
2025-06,ws-0080,storage,3.45
2025-01,ws-0075,storage,17.90
2026-06,ws-0118,egress,102.02
2025-01,ws-0059,egress,40.16
2025-11,ws-0033,storage,83.15
2025-03,ws-0012,compute,123.32
2025-04,ws-0064,egress,147.41
2025-03,ws-0066,storage,16.96
2026-02,ws-0039,ai_tokens,21.51
2024-10,ws-0128,storage,370.63
2024-10,ws-0130,egress,69.70
2026-03,ws-0128,storage,728.03
2026-05,ws-0007,storage,565.56
2024-05,ws-0107,egress,6.33
2025-06,ws-0005,compute,9.82
2025-09,ws-0041,compute,144.46
2024-11,ws-0128,ai_tokens,86.13
2026-06,ws-0106,ai_tokens,38.42
2024-02,ws-0048,egress,2.59
2026-02,ws-0031,ai_tokens,72.44
2025-01,ws-0104,ai_tokens,22.37
2024-07,ws-0096,storage,35.24
2024-12,ws-0084,egress,9.41
2024-09,ws-0012,egress,37.98
2025-03,ws-0041,compute,126.73
2025-05,ws-0112,ai_tokens,104.14
2024-06,ws-0079,ai_tokens,2.18
2024-04,ws-0134,egress,73.66
2025-07,ws-0060,ai_tokens,5.24
2026-02,ws-0112,egress,197.54
2024-10,ws-0103,storage,7.33
2025-09,ws-0128,compute,1273.50
2024-03,ws-0033,storage,72.05
2026-01,ws-0126,storage,314.78
2025-09,ws-0074,storage,47.59
2025-08,ws-0026,storage,5.22
2024-09,ws-0075,ai_tokens,3.44
2024-11,ws-0118,compute,426.07
2025-07,ws-0026,ai_tokens,3.41
2024-11,ws-0069,egress,32.43
2025-09,ws-0102,storage,233.79
2024-09,ws-0013,storage,9.49
2024-01,ws-0049,compute,11.12
2026-03,ws-0032,storage,7.37
2024-10,ws-0104,storage,74.67
2025-10,ws-0040,compute,20.78
2025-09,ws-0090,storage,58.83
2025-03,ws-0121,storage,553.97
2024-03,ws-0107,egress,8.91
2024-01,ws-0054,compute,10.36
2025-02,ws-0104,egress,43.10
2025-01,ws-0125,storage,118.30
2024-02,ws-0040,egress,4.53
2026-01,ws-0120,storage,55.66
2025-04,ws-0134,storage,117.96
2025-09,ws-0043,compute,620.24
2025-10,ws-0127,storage,289.51
2025-05,ws-0105,ai_tokens,6.10
2025-04,ws-0008,compute,39.85
2025-05,ws-0079,ai_tokens,5.51
2024-10,ws-0074,ai_tokens,5.86
2025-09,ws-0076,compute,57.03
2025-02,ws-0074,storage,42.63
2025-08,ws-0054,compute,10.73
2024-02,ws-0034,compute,446.16
2026-04,ws-0097,compute,154.96
2025-07,ws-0055,storage,53.17
2024-03,ws-0081,storage,3.14
2026-03,ws-0051,ai_tokens,74.58
2025-01,ws-0026,storage,4.93
2025-07,ws-0067,ai_tokens,11.19
2025-08,ws-0050,ai_tokens,7.93
2026-06,ws-0086,ai_tokens,13.24
2024-09,ws-0124,storage,340.62
2025-07,ws-0052,compute,17.62
2025-02,ws-0076,ai_tokens,10.06
2026-01,ws-0105,egress,17.89
2026-06,ws-0013,compute,26.08
2025-02,ws-0120,compute,103.86
2025-01,ws-0081,egress,1.74
2026-05,ws-0068,egress,9.76
2026-03,ws-0110,egress,7.56
2026-05,ws-0013,ai_tokens,6.45
2024-09,ws-0008,egress,7.18
2025-12,ws-0077,compute,801.06
2025-11,ws-0017,storage,238.11
2026-06,ws-0001,ai_tokens,316.41
2025-06,ws-0076,compute,83.73
2024-08,ws-0120,compute,143.75
2024-04,ws-0094,storage,10.11
2026-03,ws-0061,compute,98.67
2026-04,ws-0092,compute,42.49
2024-07,ws-0015,egress,57.39
2026-06,ws-0001,compute,586.44
2025-12,ws-0131,egress,166.64
2026-02,ws-0006,egress,47.02
2024-12,ws-0075,storage,16.42
2024-07,ws-0104,ai_tokens,18.13
2024-10,ws-0054,ai_tokens,0.88
2024-08,ws-0001,storage,210.32
2024-06,ws-0026,egress,2.93
2024-03,ws-0084,compute,29.99
2025-02,ws-0128,egress,335.34
2024-08,ws-0067,egress,11.31
2026-05,ws-0120,ai_tokens,37.21
2025-11,ws-0084,storage,19.68
2024-10,ws-0129,storage,76.99
2024-06,ws-0068,egress,9.52
2024-04,ws-0132,compute,227.72
2025-10,ws-0069,storage,57.49
2024-12,ws-0034,compute,470.19
2025-02,ws-0028,storage,45.50
2024-06,ws-0135,egress,126.95
2024-02,ws-0038,egress,32.75
2024-11,ws-0118,storage,154.36
2024-12,ws-0121,ai_tokens,108.79
2026-03,ws-0076,egress,14.51
2025-05,ws-0069,storage,63.55
2024-03,ws-0072,egress,32.11
2025-07,ws-0094,ai_tokens,3.53
2025-04,ws-0081,ai_tokens,1.17
2024-11,ws-0053,egress,2.84
2024-10,ws-0132,compute,264.57
2025-06,ws-0131,storage,278.40
2025-12,ws-0031,storage,84.63
2025-12,ws-0012,compute,153.55
2026-06,ws-0103,ai_tokens,11.12
2026-05,ws-0050,ai_tokens,13.35
2025-04,ws-0076,egress,14.18
2024-09,ws-0073,ai_tokens,1.88
2025-06,ws-0049,storage,4.38
2025-05,ws-0063,compute,13.28
2025-11,ws-0062,compute,153.33
2025-02,ws-0129,storage,103.25
2025-05,ws-0135,ai_tokens,80.60
2026-05,ws-0084,compute,41.60
2025-05,ws-0132,egress,67.38
2026-02,ws-0038,storage,89.37
2025-10,ws-0107,storage,15.61
2025-09,ws-0132,ai_tokens,61.57
2025-01,ws-0117,storage,44.14
2025-06,ws-0090,storage,48.24
2025-05,ws-0064,ai_tokens,94.33
2024-10,ws-0120,storage,37.43
2024-10,ws-0032,egress,2.84
2024-06,ws-0015,egress,41.01
2025-08,ws-0070,ai_tokens,11.05
2024-09,ws-0075,egress,10.46
2025-09,ws-0129,compute,220.89
2026-02,ws-0131,compute,910.85
2026-04,ws-0071,compute,84.00
2026-02,ws-0133,storage,383.59
2024-08,ws-0033,ai_tokens,14.47
2026-03,ws-0045,compute,141.39
2025-04,ws-0133,compute,1132.41
2025-09,ws-0103,storage,12.23
2026-03,ws-0004,compute,58.12
2025-08,ws-0106,egress,14.12
2026-04,ws-0049,ai_tokens,4.60
2026-02,ws-0032,compute,17.70
2024-03,ws-0101,storage,29.34
2024-08,ws-0054,egress,1.94
2025-12,ws-0027,compute,24.03
2024-11,ws-0038,storage,60.54
2024-07,ws-0127,storage,228.64
2025-03,ws-0124,compute,861.73
2025-10,ws-0077,egress,241.83
2025-07,ws-0013,ai_tokens,5.06
2025-05,ws-0077,ai_tokens,148.86
2024-02,ws-0096,egress,28.77
2024-07,ws-0122,compute,1326.21
2025-03,ws-0029,compute,24.31
2025-04,ws-0125,compute,295.95
2025-03,ws-0040,compute,27.40
2024-09,ws-0055,egress,31.66
2026-05,ws-0039,ai_tokens,45.66
2025-02,ws-0051,egress,37.87
2025-12,ws-0039,ai_tokens,24.75
2026-02,ws-0130,ai_tokens,75.15
2024-07,ws-0053,compute,11.77
2026-01,ws-0018,storage,68.36
2025-10,ws-0118,storage,137.29
2026-06,ws-0037,ai_tokens,62.91
2024-03,ws-0034,storage,135.49
2026-03,ws-0038,ai_tokens,37.82
2024-10,ws-0001,storage,219.88
2024-04,ws-0067,egress,10.92
2025-08,ws-0125,ai_tokens,66.62
2024-07,ws-0062,compute,156.71
2026-06,ws-0017,egress,173.65
2026-05,ws-0014,storage,160.92
2026-06,ws-0002,compute,962.74
2024-04,ws-0013,compute,24.61
2024-07,ws-0041,storage,32.33
2025-12,ws-0020,egress,67.39
2024-07,ws-0059,egress,27.58
2025-07,ws-0135,ai_tokens,129.11
2024-08,ws-0125,ai_tokens,18.20
2025-05,ws-0005,storage,3.22
2025-11,ws-0121,ai_tokens,226.16
2025-12,ws-0035,compute,36.11
2026-04,ws-0109,compute,42.28
2026-06,ws-0133,ai_tokens,434.72
2026-06,ws-0065,compute,139.94
2025-06,ws-0033,egress,63.44
2025-08,ws-0029,egress,5.49
2024-05,ws-0118,storage,134.74
2026-01,ws-0125,egress,64.77
2026-03,ws-0063,storage,8.56
2024-10,ws-0072,ai_tokens,16.23
2025-06,ws-0029,compute,21.78
2024-06,ws-0127,egress,103.22
2025-07,ws-0002,egress,223.02
2025-06,ws-0085,compute,32.86
2025-06,ws-0126,ai_tokens,83.94
2024-09,ws-0103,ai_tokens,2.41
2024-08,ws-0122,ai_tokens,113.68
2025-08,ws-0066,ai_tokens,9.01
2025-09,ws-0122,storage,603.01
2025-08,ws-0098,ai_tokens,6.79
2025-12,ws-0076,ai_tokens,12.06
2026-05,ws-0004,storage,31.59
2025-04,ws-0130,compute,392.22
2024-07,ws-0041,ai_tokens,4.50
2024-10,ws-0028,storage,33.45
2025-05,ws-0070,egress,20.93
2025-07,ws-0094,compute,29.51
2025-11,ws-0135,ai_tokens,133.31
2026-04,ws-0091,compute,33.25
2024-02,ws-0033,egress,51.59
2025-02,ws-0048,ai_tokens,1.84
2024-03,ws-0068,storage,12.89
2025-12,ws-0065,egress,31.86
2026-03,ws-0032,ai_tokens,3.62
2024-02,ws-0121,compute,1011.86
2026-06,ws-0012,storage,60.14
2025-11,ws-0070,storage,33.83
2024-11,ws-0059,compute,146.65
2024-07,ws-0118,egress,70.87
2024-02,ws-0026,storage,5.81
2025-03,ws-0007,storage,361.19
2025-07,ws-0045,storage,48.65
2025-02,ws-0069,storage,51.31
2025-03,ws-0047,compute,11.69
2024-08,ws-0096,egress,30.98
2025-11,ws-0059,storage,65.32
2025-07,ws-0062,ai_tokens,39.97
2025-12,ws-0037,storage,76.20
2025-05,ws-0135,egress,129.03
2025-04,ws-0128,storage,477.13
2025-05,ws-0012,compute,184.67
2025-06,ws-0106,storage,30.02
2025-03,ws-0055,egress,34.36
2026-06,ws-0014,ai_tokens,86.58
2026-05,ws-0107,storage,18.58
2026-03,ws-0074,egress,23.09
2024-12,ws-0121,compute,1293.91
2025-11,ws-0044,compute,327.39
2024-04,ws-0102,compute,559.38
2024-12,ws-0061,compute,70.36
2025-03,ws-0053,storage,4.39
2026-03,ws-0133,compute,864.15
2025-10,ws-0076,storage,25.95
2025-07,ws-0135,storage,248.52
2026-02,ws-0055,compute,148.70
2024-11,ws-0074,egress,27.63
2025-03,ws-0124,storage,344.32
2024-12,ws-0001,storage,310.08
2025-11,ws-0016,storage,12.34
2025-06,ws-0127,egress,110.04
2025-03,ws-0001,storage,327.98
2025-10,ws-0007,storage,383.60
2026-05,ws-0093,ai_tokens,23.33
2026-04,ws-0054,storage,4.75
2025-07,ws-0069,compute,150.52
2025-10,ws-0052,egress,5.58
2026-02,ws-0028,egress,24.61
2025-02,ws-0117,ai_tokens,17.60
2025-08,ws-0129,ai_tokens,59.19
2024-06,ws-0101,egress,20.25
2024-12,ws-0118,egress,93.91
2025-03,ws-0103,compute,28.28
2026-01,ws-0005,storage,3.73
2025-08,ws-0077,egress,225.20
2026-01,ws-0110,ai_tokens,5.76
2025-12,ws-0043,storage,183.37
2025-12,ws-0122,storage,501.72
2024-03,ws-0048,storage,3.78
2024-01,ws-0131,egress,167.86
2026-05,ws-0010,egress,2.75
2025-12,ws-0063,compute,17.17
2024-11,ws-0079,ai_tokens,1.79
2025-08,ws-0072,egress,36.91
2024-07,ws-0041,egress,30.90
2024-09,ws-0086,ai_tokens,2.01
2025-08,ws-0032,compute,15.24
2026-01,ws-0050,storage,19.56
2026-05,ws-0001,compute,721.46
2026-02,ws-0077,storage,480.60
2024-02,ws-0129,storage,84.17
2025-12,ws-0077,egress,242.43
2025-11,ws-0103,storage,11.13
2024-04,ws-0005,egress,2.16
2025-09,ws-0126,storage,349.05
2024-04,ws-0075,storage,15.02
2024-09,ws-0053,compute,10.12
2026-04,ws-0055,compute,115.98
2025-10,ws-0015,storage,104.44
2026-03,ws-0041,compute,119.60
2026-05,ws-0020,storage,118.19
2024-07,ws-0045,storage,46.49
2026-05,ws-0017,ai_tokens,151.84
2026-04,ws-0131,ai_tokens,451.10
2024-09,ws-0045,egress,30.78
2024-06,ws-0130,storage,132.35
2026-04,ws-0012,egress,38.26
2024-08,ws-0059,storage,61.00
2026-02,ws-0042,storage,71.84
2026-05,ws-0091,compute,41.58
2025-12,ws-0044,compute,319.38
2025-01,ws-0073,compute,24.84
2024-07,ws-0005,ai_tokens,0.62
2025-11,ws-0006,storage,102.61
2025-05,ws-0018,ai_tokens,27.46
2024-08,ws-0074,egress,20.10
2026-06,ws-0048,ai_tokens,3.44
2024-07,ws-0126,ai_tokens,67.83
2026-04,ws-0071,storage,52.25
2025-08,ws-0079,storage,14.83
2024-01,ws-0122,compute,1090.36
2025-06,ws-0123,storage,116.94
2024-12,ws-0132,egress,79.67
2026-01,ws-0031,egress,29.82
2025-09,ws-0031,ai_tokens,25.25
2026-05,ws-0085,ai_tokens,15.65
2025-03,ws-0076,egress,18.05
2025-11,ws-0054,egress,2.16
2025-02,ws-0059,compute,118.53
2025-10,ws-0102,compute,603.99
2025-12,ws-0117,ai_tokens,33.16
2026-06,ws-0068,egress,11.55
2024-10,ws-0026,compute,14.80
2026-04,ws-0018,ai_tokens,73.14
2026-01,ws-0065,ai_tokens,45.33
2025-05,ws-0127,storage,259.52
2024-10,ws-0032,compute,12.76
2025-02,ws-0016,egress,4.68
2025-02,ws-0005,compute,10.93
2025-02,ws-0070,egress,22.80
2024-08,ws-0040,ai_tokens,1.01
2025-11,ws-0060,egress,8.78
2025-11,ws-0045,storage,59.03
2025-09,ws-0007,ai_tokens,249.22
2026-02,ws-0107,compute,35.92
2026-01,ws-0098,storage,15.46
2024-05,ws-0066,egress,11.87
2024-06,ws-0068,storage,15.96
2025-01,ws-0059,storage,65.32
2024-09,ws-0104,storage,84.96
2025-05,ws-0051,compute,220.17
2025-04,ws-0062,ai_tokens,32.91
2025-12,ws-0070,storage,37.10
2024-02,ws-0048,storage,3.00
2026-04,ws-0129,ai_tokens,106.58
2025-12,ws-0131,storage,391.53
2025-01,ws-0031,egress,32.16
2025-08,ws-0027,ai_tokens,2.81
2025-06,ws-0054,egress,2.83
2026-04,ws-0127,ai_tokens,258.18
2025-10,ws-0112,ai_tokens,115.30
2025-07,ws-0034,ai_tokens,55.92
2026-03,ws-0107,compute,30.57
2024-10,ws-0059,ai_tokens,11.94
2026-05,ws-0084,ai_tokens,12.64
2025-06,ws-0068,ai_tokens,4.64
2025-06,ws-0130,egress,75.50
2024-11,ws-0047,ai_tokens,1.43
2025-08,ws-0063,storage,7.92
2026-04,ws-0132,ai_tokens,129.79
2026-01,ws-0034,storage,185.56
2024-09,ws-0057,storage,21.40
2024-09,ws-0068,storage,15.90
2026-02,ws-0132,compute,343.31
2025-02,ws-0103,storage,11.42
2025-01,ws-0051,ai_tokens,28.74
2026-03,ws-0006,storage,93.20
2025-06,ws-0002,egress,284.62
2026-06,ws-0036,compute,19.97
2025-07,ws-0106,ai_tokens,7.30
2025-08,ws-0041,storage,55.47
2026-05,ws-0111,storage,104.75
2026-05,ws-0124,storage,429.93
2025-07,ws-0128,compute,1146.87
2024-12,ws-0070,storage,29.56
2025-10,ws-0105,compute,62.74
2026-04,ws-0058,compute,62.24
2024-12,ws-0069,compute,163.06
2026-01,ws-0016,egress,6.00
2026-01,ws-0094,compute,29.65
2024-12,ws-0075,ai_tokens,4.58
2026-06,ws-0062,storage,82.17
2026-02,ws-0098,compute,43.04
2024-03,ws-0132,egress,60.54
2024-07,ws-0054,storage,3.87
2026-06,ws-0052,compute,22.85
2024-11,ws-0057,storage,25.45
2025-07,ws-0067,compute,39.97
2026-05,ws-0078,compute,115.29
2024-01,ws-0045,egress,30.65
2025-02,ws-0033,storage,74.35
2024-12,ws-0062,egress,44.18
2025-12,ws-0017,storage,286.67
2025-09,ws-0134,egress,89.78
2025-07,ws-0051,egress,46.23
2025-05,ws-0038,storage,76.28
2025-10,ws-0103,egress,5.18
2025-03,ws-0118,storage,157.22
2025-08,ws-0135,ai_tokens,116.58
2024-11,ws-0059,storage,65.50
2025-02,ws-0015,compute,201.04
2026-03,ws-0001,egress,199.40
2026-02,ws-0096,ai_tokens,47.74
2024-12,ws-0101,storage,39.20
2024-10,ws-0032,ai_tokens,0.73
2024-08,ws-0117,storage,35.08
2025-10,ws-0049,egress,2.91
2024-08,ws-0053,compute,11.47
2024-12,ws-0029,ai_tokens,1.67
2024-11,ws-0104,storage,63.92
2025-11,ws-0029,ai_tokens,4.03
2025-06,ws-0067,egress,11.95
2025-07,ws-0043,storage,178.01
2024-12,ws-0016,ai_tokens,3.47
2026-06,ws-0051,compute,201.24
2024-12,ws-0016,storage,10.55
2026-02,ws-0081,storage,4.82
2026-04,ws-0073,egress,7.43
2024-10,ws-0099,storage,233.02
2025-10,ws-0048,egress,2.59
2026-04,ws-0129,storage,129.37
2025-10,ws-0002,egress,227.99
2025-01,ws-0016,compute,32.09
2026-04,ws-0079,ai_tokens,13.27
2026-06,ws-0066,compute,50.06
2025-10,ws-0051,egress,44.29
2024-04,ws-0123,storage,93.00
2024-07,ws-0130,compute,366.75
2024-01,ws-0133,egress,176.01
2025-09,ws-0037,compute,225.31
2025-05,ws-0038,ai_tokens,33.49
2026-04,ws-0085,ai_tokens,17.35
2026-01,ws-0017,compute,653.29
2026-01,ws-0111,compute,236.68
2026-06,ws-0012,ai_tokens,66.02
2025-11,ws-0127,storage,211.69
2024-11,ws-0040,compute,27.58
2025-07,ws-0031,egress,36.04
2025-07,ws-0103,ai_tokens,3.86
2026-01,ws-0017,egress,141.85
2025-08,ws-0122,ai_tokens,328.78
2026-03,ws-0103,ai_tokens,12.30
2026-03,ws-0124,ai_tokens,504.09
2026-05,ws-0092,compute,39.39
2026-04,ws-0127,egress,161.57
2025-05,ws-0031,egress,42.36
2026-05,ws-0121,storage,571.29
2025-07,ws-0057,storage,28.06
2026-02,ws-0088,egress,92.19
2026-02,ws-0128,storage,672.88
2025-09,ws-0069,ai_tokens,22.26
2026-04,ws-0038,egress,36.03
2025-06,ws-0015,compute,248.12
2025-01,ws-0045,storage,50.05
2026-01,ws-0049,ai_tokens,3.30
2025-08,ws-0126,compute,680.57
2026-04,ws-0077,ai_tokens,248.13
2025-10,ws-0057,storage,22.16
2025-06,ws-0096,storage,56.28
2024-07,ws-0066,storage,17.50
2025-09,ws-0072,egress,48.58
2026-06,ws-0067,storage,20.90
2026-01,ws-0086,egress,8.47
2024-07,ws-0076,storage,25.35
2026-06,ws-0119,storage,16.08
2024-12,ws-0049,egress,3.23
2026-01,ws-0130,storage,160.97
2026-06,ws-0082,compute,8.51
2026-01,ws-0111,egress,71.00
2024-09,ws-0107,egress,8.11
2026-06,ws-0027,egress,5.58
2024-03,ws-0033,compute,218.12
2024-01,ws-0081,egress,2.02
2025-04,ws-0048,egress,2.48
2026-02,ws-0122,compute,1619.85
2026-06,ws-0080,compute,9.74
2024-06,ws-0129,ai_tokens,9.44
2024-09,ws-0131,ai_tokens,74.58
2025-10,ws-0090,ai_tokens,44.21
2026-06,ws-0049,egress,3.47
2024-07,ws-0044,egress,52.39
2024-10,ws-0015,compute,187.41
2025-02,ws-0094,storage,7.67
2025-05,ws-0090,compute,172.43
2024-05,ws-0125,storage,92.68
2025-08,ws-0051,storage,68.66
2025-06,ws-0059,egress,34.15
2025-08,ws-0094,storage,8.50
2025-09,ws-0043,ai_tokens,98.41
2025-11,ws-0035,egress,9.53
2025-05,ws-0080,storage,4.41
2024-10,ws-0048,egress,2.41
2025-07,ws-0081,storage,3.54
2024-09,ws-0031,ai_tokens,8.06
2024-03,ws-0040,egress,4.25
2024-05,ws-0072,compute,200.77
2024-12,ws-0026,ai_tokens,1.75
2024-06,ws-0133,compute,775.72
2025-04,ws-0107,compute,38.29
2025-10,ws-0110,ai_tokens,7.95
2026-01,ws-0104,ai_tokens,81.31
2025-09,ws-0127,compute,610.67
2026-06,ws-0103,compute,27.99
2026-02,ws-0029,ai_tokens,4.91
2026-03,ws-0050,compute,45.14
2024-03,ws-0079,compute,23.22
2026-03,ws-0054,compute,13.83
2025-07,ws-0060,storage,14.80
2024-12,ws-0090,storage,54.83
2025-05,ws-0013,compute,23.40
2026-02,ws-0112,compute,918.90
2026-03,ws-0019,storage,123.10
2026-06,ws-0093,storage,20.80
2025-06,ws-0031,storage,74.42
2025-12,ws-0006,compute,174.07
2024-02,ws-0053,egress,2.29
2026-06,ws-0041,ai_tokens,71.33
2024-11,ws-0086,ai_tokens,1.92
2025-09,ws-0055,compute,159.52
2024-07,ws-0124,compute,1133.56
2024-11,ws-0081,storage,3.78
2024-11,ws-0126,compute,758.04
2026-04,ws-0056,storage,5.15
2026-01,ws-0035,egress,10.56
2025-07,ws-0123,storage,128.15
2024-02,ws-0090,storage,49.30
2026-03,ws-0102,ai_tokens,215.49
2025-09,ws-0090,ai_tokens,25.78
2026-05,ws-0099,ai_tokens,441.11
2026-01,ws-0053,ai_tokens,4.61
2025-12,ws-0029,compute,16.18
2026-01,ws-0071,ai_tokens,39.67
2025-11,ws-0099,ai_tokens,197.86
2025-03,ws-0130,egress,90.33
2026-06,ws-0049,ai_tokens,5.88
2026-04,ws-0060,egress,10.91
2026-06,ws-0047,compute,15.11
2025-01,ws-0031,ai_tokens,21.88
2024-06,ws-0013,storage,8.53
2026-05,ws-0107,egress,8.07
2026-04,ws-0080,storage,3.67
2025-02,ws-0080,storage,3.54
2025-12,ws-0033,egress,54.04
2025-10,ws-0084,compute,33.86
2025-07,ws-0053,compute,13.47
2026-06,ws-0032,storage,6.69
2026-02,ws-0037,egress,47.54
2024-11,ws-0034,storage,181.44
2024-09,ws-0034,compute,477.50
2024-09,ws-0062,storage,73.24
2025-07,ws-0008,storage,13.24
2025-10,ws-0013,ai_tokens,6.74
2026-03,ws-0049,compute,12.94
2026-06,ws-0116,egress,183.53
2024-01,ws-0047,compute,12.01
2025-05,ws-0038,egress,35.51
2025-10,ws-0015,compute,281.18
2024-06,ws-0017,egress,133.47
2025-09,ws-0047,ai_tokens,1.54
2024-09,ws-0001,egress,179.11
2024-01,ws-0012,egress,31.87
2024-09,ws-0120,storage,51.13
2026-04,ws-0131,storage,440.02
2024-05,ws-0122,egress,220.89
2025-11,ws-0034,compute,486.22
2024-06,ws-0090,ai_tokens,9.32
2025-03,ws-0013,ai_tokens,3.37
2025-08,ws-0107,storage,15.00
2025-09,ws-0039,storage,27.39
2024-10,ws-0075,compute,41.89
2026-02,ws-0088,compute,355.20
2024-02,ws-0086,egress,7.39
2025-08,ws-0063,egress,3.68
2025-09,ws-0120,ai_tokens,28.73
2024-09,ws-0082,ai_tokens,0.67
2024-12,ws-0068,egress,11.13
2024-07,ws-0043,compute,412.22
2026-04,ws-0050,egress,8.38
2026-01,ws-0082,ai_tokens,3.83
2025-11,ws-0124,storage,446.27
2025-03,ws-0045,storage,57.64
2024-03,ws-0094,compute,19.71
2025-09,ws-0094,storage,10.29
2025-01,ws-0018,egress,31.64
2025-06,ws-0034,compute,463.13
2024-11,ws-0073,egress,5.89
2024-12,ws-0053,storage,3.43
2024-10,ws-0016,storage,7.56
2024-11,ws-0043,compute,496.28
2024-06,ws-0102,ai_tokens,34.24
2025-08,ws-0034,ai_tokens,95.60
2024-02,ws-0104,egress,41.98
2026-01,ws-0059,compute,164.64
2026-01,ws-0002,storage,570.76
2024-11,ws-0048,ai_tokens,1.21
2026-03,ws-0105,ai_tokens,28.71
2025-10,ws-0131,egress,156.46
2026-03,ws-0098,ai_tokens,10.76
2025-04,ws-0075,egress,9.08
2025-05,ws-0094,ai_tokens,2.37
2024-07,ws-0094,compute,25.15
2025-09,ws-0031,egress,32.76
2025-02,ws-0104,compute,186.17
2024-09,ws-0102,ai_tokens,33.25
2026-01,ws-0045,compute,103.67
2025-08,ws-0094,compute,21.73
2026-03,ws-0108,compute,129.14
2025-07,ws-0099,egress,179.91
2026-04,ws-0015,compute,281.77
2024-10,ws-0053,storage,3.09
2026-05,ws-0109,storage,20.90
2024-02,ws-0073,egress,7.24
2025-12,ws-0029,ai_tokens,7.63
2025-10,ws-0126,egress,216.20
2025-03,ws-0049,storage,3.70
2026-01,ws-0129,storage,138.36
2024-01,ws-0084,egress,8.46
2026-06,ws-0124,compute,1144.45
2025-11,ws-0056,storage,6.13
2025-05,ws-0050,ai_tokens,4.16
2025-01,ws-0017,compute,706.35
2025-05,ws-0124,compute,833.47
2025-12,ws-0055,ai_tokens,47.16
2025-04,ws-0122,compute,1507.87
2025-05,ws-0057,egress,17.89
2026-05,ws-0024,egress,122.48
2025-10,ws-0087,compute,394.55
2024-08,ws-0034,storage,179.64
2025-08,ws-0076,storage,34.57
2026-04,ws-0012,compute,156.73
2025-07,ws-0076,ai_tokens,11.78
2024-07,ws-0043,storage,209.96
2025-11,ws-0085,compute,40.45
2025-03,ws-0062,egress,46.86
2024-03,ws-0045,compute,129.86
2025-05,ws-0123,egress,55.60
2025-07,ws-0128,egress,250.97
2024-10,ws-0131,compute,778.12
2024-09,ws-0016,storage,7.89
2025-11,ws-0088,egress,105.75
2025-07,ws-0123,egress,66.97
2025-11,ws-0007,egress,207.88
2025-07,ws-0135,egress,131.83
2026-06,ws-0117,compute,145.29
2024-09,ws-0005,compute,11.29
2026-03,ws-0067,ai_tokens,14.91
2024-11,ws-0038,compute,193.60
2026-02,ws-0019,storage,129.10
2025-06,ws-0068,egress,12.12
2025-12,ws-0072,egress,47.78
2025-09,ws-0072,storage,90.36
2025-03,ws-0122,ai_tokens,176.88
2026-03,ws-0072,ai_tokens,56.40
2024-06,ws-0045,ai_tokens,6.21
2026-02,ws-0086,storage,14.10
2025-04,ws-0007,ai_tokens,118.58
2026-02,ws-0121,compute,1184.89
2025-03,ws-0103,egress,6.56
2025-10,ws-0049,ai_tokens,3.19
2025-12,ws-0110,ai_tokens,10.51
2025-02,ws-0067,ai_tokens,6.61
2026-05,ws-0057,compute,58.74
2026-05,ws-0098,compute,45.75
2025-11,ws-0006,compute,223.14
2026-03,ws-0112,egress,155.50
2025-07,ws-0033,storage,106.03
2025-07,ws-0043,compute,597.88
2024-08,ws-0102,ai_tokens,38.82
2024-10,ws-0038,compute,142.05
2024-06,ws-0008,egress,8.39
2025-07,ws-0120,storage,58.90
2026-01,ws-0106,compute,71.09
2025-01,ws-0133,egress,166.93
2024-04,ws-0131,egress,155.25
2024-05,ws-0043,compute,405.16
2025-01,ws-0104,storage,92.23
2026-01,ws-0054,compute,13.69
2024-12,ws-0032,egress,3.32
2026-03,ws-0018,compute,175.35
2025-07,ws-0016,storage,13.22
2024-10,ws-0123,egress,63.90
2025-05,ws-0041,egress,27.35
2025-04,ws-0032,egress,3.91
2025-08,ws-0079,egress,6.81
2025-08,ws-0101,egress,19.06
2025-06,ws-0049,compute,11.35
2024-09,ws-0029,egress,4.16
2026-05,ws-0057,storage,37.20
2026-03,ws-0082,storage,4.75
2024-10,ws-0103,compute,26.00
2024-07,ws-0057,egress,11.80
2025-10,ws-0135,compute,476.82
2025-06,ws-0132,egress,67.58
2025-01,ws-0112,ai_tokens,49.53
2024-12,ws-0118,ai_tokens,25.34
2026-06,ws-0128,ai_tokens,630.26
2025-01,ws-0127,egress,118.80
2026-05,ws-0052,egress,5.41
2024-04,ws-0085,egress,9.16
2026-03,ws-0083,compute,17.86
2024-08,ws-0085,storage,13.51
2025-09,ws-0128,storage,433.12
2024-01,ws-0132,compute,282.34
2025-01,ws-0107,ai_tokens,4.10
2026-06,ws-0011,storage,7.67
2025-04,ws-0086,ai_tokens,5.83
2026-02,ws-0072,egress,36.90
2026-04,ws-0030,ai_tokens,17.37
2026-04,ws-0076,egress,14.32
2025-01,ws-0118,egress,75.13
2025-10,ws-0120,ai_tokens,41.41
2024-02,ws-0028,egress,21.16
2024-05,ws-0038,storage,55.66
2026-06,ws-0064,storage,275.48
2024-05,ws-0041,compute,97.55
2025-06,ws-0058,egress,17.64
2025-04,ws-0018,storage,59.35
2025-01,ws-0068,ai_tokens,5.92
2026-03,ws-0084,egress,8.25
2024-03,ws-0015,egress,47.55
2026-03,ws-0086,compute,41.58
2025-06,ws-0045,compute,123.55
2024-07,ws-0057,compute,61.90
2025-11,ws-0034,egress,112.74
2024-12,ws-0074,ai_tokens,13.22
2025-01,ws-0017,egress,119.13
2026-03,ws-0029,ai_tokens,5.72
2025-12,ws-0079,compute,25.87
2025-09,ws-0077,compute,964.20
2025-12,ws-0099,egress,156.33
2026-02,ws-0048,ai_tokens,5.50
2025-04,ws-0128,compute,1410.37
2026-03,ws-0098,compute,41.40
2025-12,ws-0130,egress,102.77
2026-02,ws-0086,egress,9.30
2026-02,ws-0096,storage,51.23
2025-08,ws-0028,egress,24.03
2025-03,ws-0075,egress,9.22
2025-06,ws-0041,compute,115.12
2024-09,ws-0128,storage,558.19
2025-09,ws-0052,compute,17.10
2026-03,ws-0030,compute,52.03
2025-08,ws-0049,egress,3.23
2026-03,ws-0122,compute,1204.10
2026-04,ws-0059,ai_tokens,42.92
2025-02,ws-0101,egress,17.84
2026-02,ws-0099,egress,201.45
2026-01,ws-0038,storage,77.73
2025-03,ws-0017,egress,133.89
2026-03,ws-0002,egress,298.28
2026-06,ws-0130,ai_tokens,104.80
2026-01,ws-0018,compute,150.68
2026-06,ws-0094,compute,28.07
2025-08,ws-0007,egress,275.72
2025-07,ws-0120,egress,30.61
2025-07,ws-0110,compute,33.57
2025-11,ws-0067,ai_tokens,14.21
2024-07,ws-0035,storage,13.03
2026-03,ws-0067,egress,11.13
2025-05,ws-0126,storage,358.48
2024-08,ws-0066,compute,54.23
2024-08,ws-0072,compute,203.06
2025-08,ws-0031,egress,28.93
2026-01,ws-0099,storage,436.31
2025-10,ws-0128,compute,1158.26
2025-02,ws-0005,storage,4.19
2026-03,ws-0109,compute,34.34
2024-01,ws-0104,egress,54.30
2024-03,ws-0081,egress,1.65
2024-01,ws-0038,compute,156.29
2024-09,ws-0107,compute,38.67
2026-01,ws-0045,egress,28.90
2024-05,ws-0121,egress,261.80
2024-11,ws-0090,compute,138.77
2026-06,ws-0045,storage,62.24
2026-01,ws-0086,storage,19.01
2024-07,ws-0067,ai_tokens,3.01
2026-05,ws-0070,egress,22.66
2025-10,ws-0123,egress,74.58
2025-09,ws-0085,ai_tokens,8.41
2026-03,ws-0125,ai_tokens,112.03
2024-12,ws-0031,ai_tokens,18.57
2025-07,ws-0084,storage,15.86
2025-10,ws-0127,compute,620.36
2025-07,ws-0064,ai_tokens,94.76
2024-04,ws-0062,egress,34.47
2025-07,ws-0096,ai_tokens,26.44
2025-10,ws-0045,storage,64.19
2025-02,ws-0081,storage,4.23
2025-12,ws-0050,storage,19.28
2025-01,ws-0015,egress,62.91
2025-12,ws-0002,storage,441.03
2026-06,ws-0045,egress,34.99
2025-01,ws-0076,compute,53.42
2024-04,ws-0073,egress,7.81
2026-01,ws-0133,compute,1107.55
2026-06,ws-0101,ai_tokens,46.01
2025-07,ws-0039,storage,24.65
2025-04,ws-0102,ai_tokens,101.77
2026-05,ws-0066,egress,13.26
2026-03,ws-0111,compute,287.37
2026-04,ws-0026,egress,4.41
2025-07,ws-0122,compute,1234.99
2025-02,ws-0035,egress,8.95
2025-05,ws-0123,storage,122.09
2025-04,ws-0061,storage,32.31
2026-03,ws-0066,compute,53.84
2024-01,ws-0044,egress,63.49
2025-02,ws-0061,storage,24.23
2025-11,ws-0052,egress,4.89
2026-05,ws-0071,egress,22.69
2026-05,ws-0112,egress,203.82
2025-08,ws-0053,compute,12.61
2025-08,ws-0127,compute,651.78
2024-08,ws-0125,compute,327.79
2024-06,ws-0075,egress,10.48
2025-07,ws-0124,compute,1031.61
2025-05,ws-0008,ai_tokens,4.22
2025-11,ws-0087,ai_tokens,128.30
2024-08,ws-0103,compute,27.17
2025-09,ws-0039,egress,18.74
2024-02,ws-0090,compute,131.22
2026-06,ws-0086,storage,21.36
2024-06,ws-0121,compute,1203.30
2025-11,ws-0111,ai_tokens,61.69
2026-01,ws-0045,ai_tokens,28.49
2025-08,ws-0134,egress,87.70
2024-07,ws-0101,storage,31.82
2024-10,ws-0131,egress,176.30
2025-10,ws-0039,ai_tokens,21.73
2025-05,ws-0123,ai_tokens,24.85
2025-09,ws-0054,compute,12.76
2025-08,ws-0117,compute,121.10
2026-04,ws-0017,egress,172.91
2025-10,ws-0080,ai_tokens,3.06
2024-10,ws-0049,ai_tokens,1.15
2024-07,ws-0123,ai_tokens,9.93
2025-12,ws-0073,storage,11.72
2026-03,ws-0031,compute,139.32
2026-01,ws-0019,egress,48.64
2025-12,ws-0059,egress,31.41
2025-05,ws-0002,egress,250.89
2025-04,ws-0085,ai_tokens,5.63
2026-06,ws-0107,ai_tokens,14.10
2026-04,ws-0132,storage,139.71
2024-07,ws-0038,storage,69.46
2026-02,ws-0042,compute,161.64
2025-06,ws-0026,ai_tokens,3.55
2025-06,ws-0061,egress,15.88
2026-01,ws-0111,storage,113.95
2025-11,ws-0124,compute,867.47
2025-11,ws-0008,compute,35.49
2026-05,ws-0067,compute,54.71
2025-05,ws-0080,ai_tokens,1.11
2024-09,ws-0054,ai_tokens,1.00
2024-06,ws-0082,compute,9.57
2024-10,ws-0081,storage,4.01
2025-08,ws-0073,ai_tokens,6.97
2025-03,ws-0002,egress,259.75
2026-04,ws-0124,compute,1012.03
2025-10,ws-0027,compute,20.63
2025-04,ws-0123,egress,77.41
2024-09,ws-0128,egress,271.49
2024-03,ws-0124,storage,262.80
2024-02,ws-0041,storage,33.68
2026-03,ws-0087,compute,487.78
2024-08,ws-0124,egress,189.98
2025-10,ws-0081,egress,2.66
2024-08,ws-0079,storage,10.38
2024-11,ws-0061,ai_tokens,6.12
2025-08,ws-0040,ai_tokens,4.32
2025-12,ws-0051,egress,44.84
2024-06,ws-0008,storage,12.13
2025-10,ws-0012,egress,41.05
2026-06,ws-0118,ai_tokens,188.47
2024-05,ws-0085,egress,8.65
2024-12,ws-0048,egress,2.53
2025-06,ws-0029,ai_tokens,3.57
2025-07,ws-0047,compute,14.60
2026-05,ws-0007,ai_tokens,403.06
2025-08,ws-0096,compute,115.32
2024-10,ws-0118,compute,398.55
2026-04,ws-0099,ai_tokens,218.59
2026-01,ws-0102,egress,127.73
2024-11,ws-0032,ai_tokens,1.49
2025-01,ws-0129,compute,209.57
2025-01,ws-0080,egress,2.12
2024-02,ws-0125,egress,67.32
2025-06,ws-0040,compute,26.52
2025-08,ws-0120,ai_tokens,33.95
2024-03,ws-0121,egress,234.25
2025-10,ws-0070,compute,81.85
2026-05,ws-0111,egress,58.05
2025-10,ws-0062,ai_tokens,50.84
2025-01,ws-0062,storage,73.23
2025-04,ws-0041,compute,128.65
2024-10,ws-0134,storage,130.77
2025-02,ws-0127,compute,498.18
2026-02,ws-0082,storage,4.26
2026-05,ws-0048,compute,13.34
2025-04,ws-0043,compute,444.33
2025-03,ws-0054,compute,9.70
2026-03,ws-0032,egress,4.34
2025-12,ws-0098,storage,12.63
2026-02,ws-0118,compute,384.75
2025-04,ws-0090,ai_tokens,19.61
2026-03,ws-0099,storage,359.68
2025-06,ws-0117,egress,23.08
2026-06,ws-0003,compute,154.01
2026-04,ws-0052,ai_tokens,7.24
2024-04,ws-0127,storage,154.93
2024-11,ws-0047,compute,12.69
2025-05,ws-0090,egress,38.15
2025-10,ws-0124,egress,207.35
2024-12,ws-0117,compute,131.33
2025-11,ws-0122,compute,1406.46
2024-07,ws-0120,ai_tokens,7.25
2024-06,ws-0096,egress,27.99
2026-04,ws-0117,storage,56.15
2024-03,ws-0053,compute,12.76
2025-02,ws-0121,storage,528.49
2025-11,ws-0030,compute,41.75
2026-05,ws-0012,ai_tokens,75.64
2026-05,ws-0101,storage,35.52
2025-09,ws-0047,storage,4.42
2026-02,ws-0028,storage,38.43
2025-11,ws-0080,egress,2.21
2025-11,ws-0083,compute,13.68
2026-03,ws-0047,egress,2.56
2026-06,ws-0123,ai_tokens,162.60
2026-05,ws-0048,egress,2.77
2025-02,ws-0033,ai_tokens,19.28
2024-06,ws-0040,storage,9.49
2024-03,ws-0012,compute,137.23
2025-10,ws-0050,compute,40.77
2025-08,ws-0058,ai_tokens,11.57
2026-01,ws-0101,ai_tokens,18.83
2025-06,ws-0001,egress,159.82
2025-09,ws-0133,compute,1171.14
2024-03,ws-0012,storage,52.74
2025-04,ws-0073,compute,29.73
2026-03,ws-0005,compute,-3.68
2024-06,ws-0117,ai_tokens,9.31
2025-06,ws-0135,egress,143.94
2025-08,ws-0076,ai_tokens,18.64
2025-05,ws-0001,egress,186.81
2025-05,ws-0130,compute,371.01
2025-04,ws-0066,storage,17.62
2024-02,ws-0101,storage,24.18
2026-02,ws-0041,egress,23.45
2024-04,ws-0031,egress,34.40
2024-12,ws-0085,compute,29.42
2024-11,ws-0032,storage,5.02
2025-04,ws-0049,egress,2.83
2026-02,ws-0083,storage,7.37
2025-11,ws-0063,storage,5.75
2026-03,ws-0053,compute,10.52
2026-02,ws-0005,storage,5.14
2024-08,ws-0045,storage,45.25
2024-08,ws-0128,storage,428.71
2026-05,ws-0087,egress,110.80
2025-01,ws-0128,storage,551.62
2025-11,ws-0029,egress,4.65
2026-02,ws-0072,ai_tokens,73.54
2024-02,ws-0048,compute,13.59
2025-08,ws-0061,compute,70.39
2025-10,ws-0120,compute,133.27
2025-09,ws-0058,compute,61.90
2024-07,ws-0026,storage,6.32
2025-10,ws-0032,storage,7.48
2024-02,ws-0057,storage,19.95
2026-04,ws-0058,egress,17.59
2025-10,ws-0073,compute,29.88
2025-12,ws-0052,storage,7.08
2024-05,ws-0031,compute,178.09
2026-02,ws-0044,egress,67.08
2026-04,ws-0027,compute,21.08
2026-06,ws-0005,egress,2.24
2025-06,ws-0049,egress,2.21
2024-12,ws-0131,storage,308.05
2026-03,ws-0035,ai_tokens,17.05
2026-02,ws-0073,compute,30.87
2026-01,ws-0106,ai_tokens,25.16
2024-02,ws-0132,storage,80.21
2024-10,ws-0028,egress,23.02
2024-03,ws-0117,storage,36.76
2026-01,ws-0049,compute,10.91
2026-03,ws-0015,ai_tokens,96.57
2025-04,ws-0016,ai_tokens,3.04
2025-05,ws-0049,compute,13.87
2026-06,ws-0041,egress,32.70
2024-05,ws-0122,compute,1094.64
2026-02,ws-0013,storage,10.73
2025-06,ws-0054,storage,4.61
2025-10,ws-0099,ai_tokens,221.79
2025-04,ws-0134,compute,428.98
2025-12,ws-0101,storage,48.96
2026-05,ws-0120,compute,110.18
2026-05,ws-0107,compute,36.22
2026-04,ws-0005,storage,4.05
2026-02,ws-0110,egress,8.33
2026-01,ws-0090,egress,27.56
2025-07,ws-0104,storage,81.67
2026-03,ws-0096,ai_tokens,33.75
2025-07,ws-0134,compute,396.43
2025-10,ws-0130,ai_tokens,120.68
2025-06,ws-0125,compute,352.01
2025-10,ws-0084,storage,13.36
2024-07,ws-0123,compute,261.14
2025-07,ws-0031,compute,151.87
2025-09,ws-0105,storage,30.26
2026-02,ws-0076,egress,14.10
2026-02,ws-0047,storage,4.91
2024-06,ws-0049,egress,2.89
2025-06,ws-0123,ai_tokens,38.84
2026-02,ws-0084,ai_tokens,14.61
2024-12,ws-0005,egress,1.97
2026-02,ws-0004,compute,49.20
2025-12,ws-0053,egress,2.41
2025-05,ws-0055,compute,118.25
2025-09,ws-0104,ai_tokens,49.34
2025-11,ws-0086,storage,16.92
2025-09,ws-0070,egress,18.24
2024-01,ws-0134,egress,71.52
2024-09,ws-0086,egress,7.00
2025-07,ws-0073,compute,28.82
2025-01,ws-0107,storage,12.78
2026-06,ws-0127,ai_tokens,355.55
2025-06,ws-0005,egress,2.15
2025-05,ws-0066,ai_tokens,9.15
2025-02,ws-0074,compute,104.08
2024-12,ws-0044,ai_tokens,20.12
2025-12,ws-0062,compute,173.45
2024-08,ws-0062,storage,75.09
2025-08,ws-0135,storage,207.56
2024-07,ws-0129,storage,75.91
2024-09,ws-0008,compute,44.91
2025-11,ws-0132,ai_tokens,83.71
2025-09,ws-0018,storage,58.56
2024-12,ws-0026,compute,13.36
2024-07,ws-0096,ai_tokens,6.61
2024-08,ws-0047,ai_tokens,0.98
2026-05,ws-0104,egress,56.52
2025-08,ws-0125,egress,79.19
2026-05,ws-0116,compute,880.04
2026-04,ws-0125,ai_tokens,84.90
2025-11,ws-0106,storage,26.94
2025-03,ws-0073,ai_tokens,2.48
2024-01,ws-0096,compute,106.73
2025-10,ws-0008,storage,19.39
2025-12,ws-0051,compute,234.10
2024-11,ws-0104,egress,48.74
2026-05,ws-0032,ai_tokens,9.76
2026-03,ws-0049,egress,3.27
2026-03,ws-0100,egress,6.92
2025-09,ws-0067,storage,15.72
2026-02,ws-0039,egress,14.74
2025-03,ws-0130,ai_tokens,35.45
2026-03,ws-0099,compute,939.02
2025-10,ws-0069,egress,45.21
2025-09,ws-0096,storage,49.85
2024-10,ws-0066,storage,19.39
2025-04,ws-0131,egress,181.42
2025-05,ws-0118,egress,78.93
2024-06,ws-0055,storage,47.05
2026-03,ws-0070,ai_tokens,20.29
2026-05,ws-0001,storage,346.59
2025-02,ws-0117,storage,53.95
2026-01,ws-0050,compute,41.18
2024-08,ws-0129,compute,276.45
2026-01,ws-0079,storage,14.50
2025-01,ws-0047,egress,2.19
2025-12,ws-0135,compute,657.43
2026-06,ws-0013,egress,6.55
2025-06,ws-0066,ai_tokens,9.56
2025-11,ws-0124,egress,234.41
2025-08,ws-0006,storage,82.52
2025-01,ws-0102,storage,266.09
2024-11,ws-0107,ai_tokens,2.18
2026-02,ws-0045,compute,150.43
2026-04,ws-0130,ai_tokens,126.70
2026-03,ws-0123,ai_tokens,135.38
2025-09,ws-0064,compute,517.07
2024-08,ws-0135,compute,587.76
2025-02,ws-0082,compute,10.94
2025-01,ws-0121,egress,262.04
2025-08,ws-0117,ai_tokens,18.55
2025-09,ws-0077,egress,207.04
2024-08,ws-0112,egress,141.50
2024-06,ws-0096,ai_tokens,6.47
2025-10,ws-0106,storage,24.58
2024-03,ws-0126,storage,327.76
2024-12,ws-0134,ai_tokens,41.41
2024-11,ws-0076,storage,28.24
2025-09,ws-0085,storage,19.05
2025-06,ws-0107,storage,13.12
2026-05,ws-0077,egress,225.60
2024-11,ws-0049,ai_tokens,0.62
2024-02,ws-0131,egress,206.88
2025-05,ws-0073,egress,8.22
2026-06,ws-0008,egress,8.11
2026-01,ws-0072,storage,93.62
2025-04,ws-0117,storage,42.61
2025-02,ws-0012,compute,123.57
2026-06,ws-0112,egress,197.17
2025-12,ws-0126,compute,835.31
2025-06,ws-0016,storage,8.44
2025-07,ws-0085,storage,13.49
2025-04,ws-0058,storage,27.49
2024-04,ws-0133,compute,1024.54
2025-10,ws-0088,compute,387.42
2024-06,ws-0072,storage,52.89
2025-12,ws-0028,compute,100.13
2026-06,ws-0007,compute,1187.66
2024-12,ws-0090,compute,129.33
2025-08,ws-0112,egress,146.57
2025-11,ws-0074,ai_tokens,32.12
2026-05,ws-0078,egress,20.09
2025-08,ws-0013,storage,8.49
2025-09,ws-0057,compute,72.61
2024-09,ws-0081,ai_tokens,0.96
2025-03,ws-0132,egress,80.65
2024-04,ws-0121,egress,296.22
2025-02,ws-0018,compute,142.62
2025-08,ws-0128,egress,295.22
2025-10,ws-0018,ai_tokens,29.56
2024-08,ws-0066,storage,18.65
2024-08,ws-0126,egress,199.11
2025-06,ws-0043,egress,105.41
2024-11,ws-0126,ai_tokens,95.24
2025-09,ws-0105,ai_tokens,18.34
2025-04,ws-0126,egress,204.98
2025-02,ws-0129,ai_tokens,34.22
2026-06,ws-0025,compute,13.60
2025-07,ws-0001,compute,811.08
2025-04,ws-0007,storage,327.55
2026-06,ws-0030,compute,48.79
2026-03,ws-0135,compute,606.86
2024-09,ws-0134,compute,355.32
2026-06,ws-0097,egress,36.92
2026-06,ws-0021,compute,16.42
2025-03,ws-0038,compute,130.87
2025-02,ws-0072,compute,162.35
2024-09,ws-0135,storage,214.10
2024-11,ws-0045,compute,146.75
2024-02,ws-0135,compute,652.64
2025-02,ws-0029,ai_tokens,1.29
2025-01,ws-0099,compute,641.37
2024-04,ws-0090,compute,134.30
2024-05,ws-0081,egress,1.92
2026-01,ws-0132,compute,300.81
2024-11,ws-0058,storage,22.50
2026-02,ws-0121,ai_tokens,446.94
2025-10,ws-0087,storage,201.56
2025-06,ws-0038,storage,73.14
2025-08,ws-0069,compute,136.91
2025-10,ws-0090,egress,31.45
2026-06,ws-0064,compute,534.80
2024-02,ws-0062,egress,44.05
2025-06,ws-0067,storage,18.06
2024-11,ws-0102,compute,565.17
2026-03,ws-0030,storage,20.04
2024-09,ws-0043,egress,111.47
2024-06,ws-0132,ai_tokens,13.96
2025-10,ws-0094,egress,5.57
2024-04,ws-0047,egress,2.92
2026-05,ws-0031,ai_tokens,62.51
2025-08,ws-0118,ai_tokens,47.70
2025-10,ws-0044,ai_tokens,44.68
2025-11,ws-0090,egress,37.84
2025-04,ws-0075,ai_tokens,8.27
2025-05,ws-0104,storage,82.79
2026-06,ws-0029,egress,4.68
2026-06,ws-0067,egress,11.23
2025-01,ws-0131,egress,154.62
2026-04,ws-0051,ai_tokens,101.64
2025-09,ws-0026,ai_tokens,3.97
2026-02,ws-0057,compute,79.55
2025-09,ws-0085,compute,38.66
2026-01,ws-0135,compute,475.24
2026-05,ws-0018,compute,159.34
2024-09,ws-0096,ai_tokens,10.75
2025-10,ws-0026,egress,3.67
2025-07,ws-0132,egress,60.46
2025-03,ws-0032,storage,6.60
2024-03,ws-0049,compute,12.49
2025-10,ws-0043,storage,224.87
2025-09,ws-0054,ai_tokens,1.86
2024-07,ws-0134,ai_tokens,24.21
2026-03,ws-0087,storage,229.17
2024-09,ws-0134,egress,79.11
2025-04,ws-0123,storage,90.34
2025-08,ws-0060,compute,43.61
2026-06,ws-0075,egress,10.45
2025-08,ws-0076,compute,58.34
2024-02,ws-0008,egress,7.80
2025-01,ws-0125,ai_tokens,23.77
2025-11,ws-0012,ai_tokens,43.56
2025-04,ws-0126,compute,912.89
2024-08,ws-0076,storage,25.60
2026-06,ws-0095,storage,61.85
2025-04,ws-0073,storage,14.58
2024-07,ws-0047,egress,2.84
2025-06,ws-0124,compute,831.47
2026-05,ws-0105,egress,13.16
2025-07,ws-0045,compute,122.45
2025-01,ws-0076,storage,29.13
2024-09,ws-0038,egress,36.95
2025-03,ws-0048,egress,2.75
2025-02,ws-0038,egress,42.22
2024-05,ws-0127,storage,153.27
2024-06,ws-0033,egress,61.65
2025-07,ws-0112,storage,306.67
2025-04,ws-0068,storage,20.02
2024-04,ws-0059,egress,35.36
2024-08,ws-0082,ai_tokens,0.82
2025-06,ws-0063,compute,17.98
2025-09,ws-0117,ai_tokens,25.09
2024-12,ws-0080,compute,9.38
2025-01,ws-0101,egress,17.82
2026-01,ws-0123,storage,134.83
2025-01,ws-0044,compute,209.09
2025-04,ws-0130,egress,100.21
2026-01,ws-0043,compute,505.42
2025-02,ws-0102,compute,542.30
2025-01,ws-0121,storage,371.50
2025-07,ws-0050,compute,29.33
2024-07,ws-0033,egress,54.17
2026-04,ws-0106,ai_tokens,15.97
2026-05,ws-0093,compute,45.93
2025-10,ws-0070,ai_tokens,14.58
2024-06,ws-0045,compute,108.28
2024-07,ws-0135,compute,654.33
2024-09,ws-0068,compute,38.65
2025-09,ws-0129,egress,61.91
2025-02,ws-0085,egress,7.50
2025-10,ws-0040,egress,4.70
2026-06,ws-0054,egress,2.29
2026-05,ws-0023,compute,60.90
2024-09,ws-0062,compute,166.93
2025-08,ws-0029,ai_tokens,2.86
2026-02,ws-0132,storage,129.16
2026-03,ws-0044,egress,61.64
2024-03,ws-0041,egress,27.66
2025-08,ws-0125,compute,388.39
2024-12,ws-0074,egress,23.56
2024-03,ws-0008,egress,8.64
2025-04,ws-0130,ai_tokens,34.82
2026-05,ws-0089,ai_tokens,7.14
2025-06,ws-0104,compute,192.84
2024-10,ws-0047,egress,3.15
2024-04,ws-0053,storage,3.12
2026-03,ws-0047,compute,10.86
2025-05,ws-0121,ai_tokens,222.34
2026-06,ws-0010,egress,3.66
2025-05,ws-0129,ai_tokens,46.34
2025-08,ws-0026,compute,17.06
2025-09,ws-0045,ai_tokens,21.58
2025-09,ws-0045,storage,43.28
2026-01,ws-0057,egress,12.64
2025-11,ws-0073,ai_tokens,6.54
2025-07,ws-0130,ai_tokens,85.38
2025-06,ws-0050,egress,9.01
2024-03,ws-0062,storage,57.75
2026-05,ws-0077,compute,860.71
2025-03,ws-0128,ai_tokens,133.94
2026-02,ws-0090,compute,141.50
2024-09,ws-0130,egress,82.85
2025-05,ws-0082,compute,10.79
2024-07,ws-0069,ai_tokens,10.10
2025-11,ws-0057,storage,27.32
2026-05,ws-0131,egress,241.26
2025-02,ws-0048,storage,4.25
2025-11,ws-0051,storage,84.65
2024-10,ws-0118,storage,133.95
2024-10,ws-0070,egress,22.36
2025-12,ws-0043,compute,562.53
2024-08,ws-0090,ai_tokens,12.04
2025-07,ws-0047,ai_tokens,2.96
2025-01,ws-0038,compute,156.82
2025-12,ws-0125,ai_tokens,119.37
2026-06,ws-0121,ai_tokens,368.18
2026-05,ws-0096,compute,161.71
2026-05,ws-0098,storage,20.78
2025-03,ws-0008,compute,35.05
2025-04,ws-0044,egress,50.27
2025-12,ws-0061,compute,98.84
2024-09,ws-0118,egress,70.20
2025-12,ws-0103,storage,11.29
2025-06,ws-0133,compute,794.46
2026-06,ws-0059,compute,127.85
2024-10,ws-0112,compute,775.81
2026-05,ws-0109,ai_tokens,16.11
2024-04,ws-0085,storage,11.00
2024-09,ws-0069,egress,32.53
2024-10,ws-0125,ai_tokens,20.44
2024-04,ws-0012,storage,55.70
2026-03,ws-0097,ai_tokens,63.31
2025-03,ws-0053,ai_tokens,1.37
2024-10,ws-0045,ai_tokens,7.09
2025-11,ws-0085,ai_tokens,10.19
2025-08,ws-0053,ai_tokens,1.58
2026-01,ws-0001,ai_tokens,126.01
2025-09,ws-0101,compute,89.40
2024-02,ws-0075,compute,35.96
2025-11,ws-0130,storage,170.62
2025-12,ws-0105,storage,24.56
2026-03,ws-0020,compute,285.03
2025-09,ws-0047,compute,11.34
2025-10,ws-0044,storage,90.82
2025-07,ws-0048,storage,5.92
2024-08,ws-0033,storage,77.67
2026-03,ws-0132,compute,348.17
2025-08,ws-0049,ai_tokens,2.28
2025-03,ws-0064,ai_tokens,65.68
2026-03,ws-0109,storage,19.52
2024-06,ws-0076,storage,20.98
2026-03,ws-0090,ai_tokens,62.52
2026-04,ws-0053,compute,11.36
2024-10,ws-0054,storage,3.17
2026-02,ws-0085,egress,7.58
2025-03,ws-0029,ai_tokens,3.09
2024-12,ws-0103,ai_tokens,2.37
2025-07,ws-0108,egress,33.41
2026-05,ws-0035,egress,10.93
2026-03,ws-0029,compute,18.85
2024-10,ws-0125,compute,279.99
2025-12,ws-0076,storage,27.54
2025-08,ws-0130,storage,123.39
2025-09,ws-0084,egress,8.98
2025-10,ws-0059,compute,164.51
2025-12,ws-0047,egress,2.89
2025-08,ws-0059,egress,30.40
2024-06,ws-0101,ai_tokens,4.40
2024-12,ws-0101,ai_tokens,8.10
2024-05,ws-0124,storage,346.28
2025-06,ws-0045,ai_tokens,18.19
2026-06,ws-0060,compute,44.09
2025-06,ws-0099,storage,264.25
2025-03,ws-0085,storage,13.82
2024-08,ws-0062,egress,46.07
2026-01,ws-0077,egress,232.94
2024-03,ws-0112,storage,214.02
2024-04,ws-0028,compute,116.88
2025-12,ws-0057,egress,12.37
2024-10,ws-0057,egress,15.53
2025-05,ws-0057,compute,65.85
2026-05,ws-0116,egress,196.27
2024-09,ws-0047,compute,14.05
2024-07,ws-0026,egress,3.37
2025-12,ws-0072,storage,74.16
2024-12,ws-0085,egress,9.36
2024-01,ws-0127,storage,188.26
2024-05,ws-0035,compute,35.99
2024-07,ws-0131,egress,190.25
2024-04,ws-0101,egress,18.45
2025-09,ws-0074,egress,28.34
2025-10,ws-0106,compute,64.31
2025-08,ws-0069,ai_tokens,39.57
2024-09,ws-0127,ai_tokens,24.01
2025-12,ws-0129,storage,120.23
2024-08,ws-0055,ai_tokens,12.30
2025-04,ws-0048,compute,9.90
2025-02,ws-0127,egress,120.35
2026-06,ws-0025,egress,3.44
2025-03,ws-0034,storage,180.13
2025-08,ws-0131,storage,277.13
2025-06,ws-0043,ai_tokens,99.31
2025-10,ws-0108,egress,38.17
2024-08,ws-0045,egress,28.89
2026-01,ws-0055,compute,135.86
2025-12,ws-0053,compute,13.38
2024-09,ws-0057,egress,15.24
2024-07,ws-0076,egress,11.99
2025-11,ws-0077,egress,213.81
2025-11,ws-0120,egress,29.72
2026-03,ws-0073,storage,13.35
2025-02,ws-0068,storage,19.01
2026-01,ws-0077,storage,367.71
2025-12,ws-0049,compute,14.57
2025-09,ws-0030,storage,21.13
2026-03,ws-0071,storage,42.62
2024-11,ws-0103,egress,6.29
2024-05,ws-0045,compute,135.63
2026-03,ws-0117,ai_tokens,61.35
2024-09,ws-0053,storage,4.08
2025-04,ws-0064,ai_tokens,65.44
2026-02,ws-0020,compute,199.26
2025-05,ws-0073,storage,15.33
2025-12,ws-0087,ai_tokens,78.16
2024-04,ws-0038,compute,131.05
2026-04,ws-0100,egress,7.82
2024-09,ws-0081,compute,9.33
2025-07,ws-0029,storage,7.79
2024-08,ws-0034,compute,463.48
2024-10,ws-0090,compute,153.80
2024-05,ws-0028,storage,34.72
2024-12,ws-0107,ai_tokens,2.07
2026-05,ws-0135,ai_tokens,284.80
2026-03,ws-0132,storage,148.38
2024-08,ws-0084,compute,31.01
2026-06,ws-0121,egress,233.37
2026-02,ws-0127,egress,124.59
2024-08,ws-0080,compute,10.92
2025-09,ws-0099,compute,693.32
2025-11,ws-0053,ai_tokens,1.82
2024-09,ws-0013,ai_tokens,1.93
2025-01,ws-0012,compute,150.36
2026-04,ws-0040,compute,29.62
2025-06,ws-0075,storage,20.75
2025-12,ws-0057,compute,76.05
2025-04,ws-0017,compute,580.46
2025-01,ws-0121,ai_tokens,110.66
2024-01,ws-0032,egress,2.67
2025-09,ws-0130,compute,337.38
2024-05,ws-0068,egress,9.19
2026-04,ws-0014,egress,70.43
2024-01,ws-0001,compute,768.96
2025-03,ws-0059,storage,61.73
2024-02,ws-0082,compute,8.75
2025-08,ws-0057,storage,25.45
2025-05,ws-0082,ai_tokens,1.16
2024-07,ws-0133,ai_tokens,53.82
2025-06,ws-0126,egress,215.81
2025-02,ws-0061,ai_tokens,6.06
2025-02,ws-0125,ai_tokens,50.59
2026-06,ws-0035,compute,53.76
2024-05,ws-0123,storage,79.11
2024-04,ws-0125,storage,123.95
2026-03,ws-0069,ai_tokens,67.58
2024-09,ws-0047,storage,4.29
2024-06,ws-0066,egress,11.48
2025-10,ws-0135,egress,155.61
2024-09,ws-0026,ai_tokens,0.96
2025-11,ws-0047,compute,13.76
2026-02,ws-0008,egress,8.27
2025-01,ws-0122,egress,318.71
2025-11,ws-0019,egress,48.02
2026-06,ws-0071,ai_tokens,46.94
2026-04,ws-0018,storage,88.26
2024-11,ws-0067,egress,11.63
2025-09,ws-0082,egress,2.52
2025-07,ws-0131,ai_tokens,150.07
2024-08,ws-0103,storage,8.33
2024-01,ws-0041,egress,24.90
2024-06,ws-0035,compute,45.43
2026-04,ws-0057,egress,16.39
2024-07,ws-0128,ai_tokens,60.41
2026-05,ws-0135,egress,159.36
2024-08,ws-0061,compute,78.01
2024-08,ws-0081,ai_tokens,0.48
2025-11,ws-0039,storage,28.74
2025-06,ws-0041,ai_tokens,21.80
2025-12,ws-0090,storage,56.04
2025-07,ws-0005,storage,3.39
2025-07,ws-0121,compute,1195.74
2025-10,ws-0052,compute,22.63
2024-05,ws-0086,egress,6.41
2026-01,ws-0043,egress,110.25
2024-09,ws-0044,egress,53.16
2026-01,ws-0049,egress,2.88
2025-03,ws-0090,storage,52.10
2025-06,ws-0128,ai_tokens,232.89
2024-10,ws-0132,storage,89.59
2026-03,ws-0063,ai_tokens,6.72
2025-04,ws-0015,compute,186.90
2026-04,ws-0133,storage,410.22
2025-04,ws-0055,egress,28.96
2024-01,ws-0015,egress,47.54
2025-06,ws-0064,compute,583.72
2025-05,ws-0135,compute,573.51
2026-02,ws-0033,egress,59.54
2025-09,ws-0124,ai_tokens,168.06
2024-04,ws-0015,compute,209.69
2026-06,ws-0087,ai_tokens,211.34
2026-02,ws-0020,egress,47.77
2024-08,ws-0038,storage,67.96
2026-02,ws-0125,compute,361.13
2026-05,ws-0079,compute,37.76
2026-04,ws-0101,egress,22.72
2025-08,ws-0016,storage,12.65
2025-09,ws-0098,ai_tokens,8.61
2025-01,ws-0133,storage,373.02
2026-04,ws-0004,storage,28.52
2026-01,ws-0081,egress,2.56
2024-02,ws-0128,egress,295.68
2025-03,ws-0112,compute,803.12
2026-02,ws-0016,egress,6.82
2024-01,ws-0059,egress,27.97
2026-05,ws-0044,compute,308.61
2026-04,ws-0070,egress,17.25
2025-02,ws-0075,ai_tokens,5.77
2025-11,ws-0068,ai_tokens,7.86
2026-04,ws-0048,ai_tokens,2.90
2026-02,ws-0046,egress,26.43
2024-03,ws-0099,compute,675.98
2025-12,ws-0041,egress,27.47
2025-11,ws-0106,compute,55.89
2025-06,ws-0044,compute,242.75
2024-04,ws-0130,storage,100.31
2026-01,ws-0086,compute,36.12
2024-11,ws-0061,storage,34.66
2025-08,ws-0015,compute,221.23
2025-03,ws-0117,compute,127.98
2026-01,ws-0103,egress,5.61
2024-08,ws-0048,storage,5.05
2026-03,ws-0053,storage,5.57
2026-03,ws-0072,compute,186.23
2026-02,ws-0063,compute,16.79
2025-12,ws-0057,ai_tokens,25.24
2024-01,ws-0005,storage,2.94
2026-02,ws-0012,ai_tokens,33.27
2024-04,ws-0049,storage,4.37
2026-02,ws-0045,ai_tokens,39.76
2025-03,ws-0041,storage,39.66
2024-05,ws-0048,storage,4.50
2024-09,ws-0035,storage,17.47
2025-03,ws-0053,egress,2.27
2025-12,ws-0130,compute,302.72
2025-04,ws-0135,compute,444.80
2025-07,ws-0080,compute,8.42
2025-12,ws-0068,compute,54.74
2025-08,ws-0082,storage,4.39
2026-01,ws-0056,storage,4.68
2026-02,ws-0084,compute,40.05
2026-05,ws-0112,storage,364.27
2025-07,ws-0050,storage,17.77
2025-09,ws-0073,ai_tokens,6.31
2025-09,ws-0039,ai_tokens,10.44
2025-10,ws-0051,storage,81.01
2024-06,ws-0043,egress,135.19
2024-02,ws-0040,compute,20.96
2024-05,ws-0121,storage,400.67
2025-04,ws-0059,compute,147.40
2024-01,ws-0028,storage,38.33
2025-08,ws-0035,egress,8.08
